variant,epoch,loss,accuracy,val_loss,val_accuracy,val_balanced_accuracy,val_macro_f1,learning_rate,epoch_seconds,train_examples,train_examples_per_second,val_class_0_f1,val_class_0_precision,val_class_0_recall,val_class_0_support,val_class_1_f1,val_class_1_precision,val_class_1_recall,val_class_1_support,val_class_2_f1,val_class_2_precision,val_class_2_recall,val_class_2_support,val_class_3_f1,val_class_3_precision,val_class_3_recall,val_class_3_support,val_class_4_f1,val_class_4_precision,val_class_4_recall,val_class_4_support,val_class_5_f1,val_class_5_precision,val_class_5_recall,val_class_5_support,val_class_6_f1,val_class_6_precision,val_class_6_recall,val_class_6_support,val_class_7_f1,val_class_7_precision,val_class_7_recall,val_class_7_support,val_class_8_f1,val_class_8_precision,val_class_8_recall,val_class_8_support,val_class_9_f1,val_class_9_precision,val_class_9_recall,val_class_9_support
fp32,1,1.210920333862305,0.5891428589820862,0.4129330217838287,0.8694285750389099,0.8694285714285714,0.869403214775366,0.0003000000142492,68.97144521899997,49000.0,710.438933741549,0.9173151750972764,0.937375745526839,0.8980952380952381,1050.0,0.8721251149954002,0.8434163701067615,0.9028571428571428,1050.0,0.7860696517412935,0.8229166666666666,0.7523809523809524,1050.0,0.8935574229691877,0.8763736263736264,0.9114285714285716,1050.0,0.849236641221374,0.8508604206500956,0.8476190476190476,1050.0,0.8981854838709676,0.9539614561027836,0.8485714285714285,1050.0,0.8121827411167514,0.7878245299910475,0.8380952380952381,1050.0,0.8868092691622104,0.8333333333333334,0.9476190476190476,1050.0,0.8936376881981544,0.9117938553022796,0.8761904761904762,1050.0,0.8849129593810445,0.8988212180746562,0.8714285714285714,1050.0
fp32,2,0.4018079042434692,0.8795714378356934,0.2429653108119964,0.9239047765731812,0.923904761904762,0.9239786102310198,0.0003000000142492,59.337710681999965,49000.0,825.7817741334618,0.9469234382339128,0.9341983317886932,0.96,1050.0,0.9271775345073774,0.9267364414843008,0.9276190476190476,1050.0,0.8862859931673986,0.908908908908909,0.8647619047619047,1050.0,0.9405099150141644,0.9325842696629212,0.9485714285714286,1050.0,0.8931404573028465,0.8755718206770357,0.9114285714285716,1050.0,0.9381887877335888,0.944069431051109,0.9323809523809524,1050.0,0.8907407407407407,0.8666666666666667,0.9161904761904762,1050.0,0.9513253012048192,0.9629268292682926,0.94,1050.0,0.9286768322675848,0.960325534079349,0.8990476190476191,1050.0,0.9368171021377673,0.9345971563981044,0.939047619047619,1050.0
fp32,3,0.2595073878765106,0.9223469495773317,0.202648639678955,0.9378095269203186,0.9378095238095238,0.9376489664499424,0.0003000000142492,61.220684664999965,49000.0,800.3830775191157,0.9430147058823528,0.911190053285968,0.9771428571428572,1050.0,0.9490384615384616,0.958252427184466,0.94,1050.0,0.9025012761613068,0.9724972497249724,0.8419047619047619,1050.0,0.952561669829222,0.9489603024574668,0.956190476190476,1050.0,0.9162227602905568,0.9320197044334976,0.900952380952381,1050.0,0.9533980582524272,0.9722772277227724,0.9352380952380952,1050.0,0.9123287671232876,0.8763157894736842,0.9514285714285714,1050.0,0.9607193563653572,0.9548447789275636,0.9666666666666668,1050.0,0.9351376574895008,0.9167429094236048,0.9542857142857144,1050.0,0.9515669515669516,0.9488636363636364,0.9542857142857144,1050.0
fp32,4,0.1925743222236633,0.9430000185966492,0.1752072125673294,0.946666657924652,0.9466666666666668,0.9466841639461504,0.0003000000142492,66.530691563,49000.0,736.5021894233635,0.9535864978902954,0.9390581717451524,0.9685714285714284,1050.0,0.9506595017098192,0.97592778335005,0.9266666666666666,1050.0,0.9259624876604146,0.9610655737704918,0.8933333333333333,1050.0,0.9635933806146572,0.9568075117370892,0.9704761904761904,1050.0,0.9181094992980814,0.9024839006439742,0.9342857142857144,1050.0,0.9578692493946732,0.974384236453202,0.941904761904762,1050.0,0.9218530650444547,0.906163753449862,0.938095238095238,1050.0,0.9642686993806574,0.9647283126787416,0.9638095238095238,1050.0,0.9518916394208314,0.9340054995417048,0.9704761904761904,1050.0,0.959047619047619,0.959047619047619,0.959047619047619,1050.0
fp32,5,0.1532006710767746,0.9539999961853028,0.1570869386196136,0.9519047737121582,0.951904761904762,0.9519274294869776,0.0003000000142492,60.022859004,49000.0,816.3556487160097,0.9589816124469588,0.9495798319327732,0.9685714285714284,1050.0,0.960727969348659,0.966281310211946,0.9552380952380952,1050.0,0.9344422700587084,0.9607645875251508,0.9095238095238096,1050.0,0.9586623316302834,0.9356300997280144,0.9828571428571428,1050.0,0.9245901639344262,0.9096774193548388,0.94,1050.0,0.9642857142857144,0.977495107632094,0.9514285714285714,1050.0,0.9342167534311404,0.9285042333019756,0.94,1050.0,0.9632850241545892,0.9774509803921568,0.9495238095238095,1050.0,0.9587090650213572,0.955534531693472,0.961904761904762,1050.0,0.96137339055794,0.9627507163323782,0.96,1050.0
fp32,6,0.1261508017778396,0.962204098701477,0.1511176973581314,0.9554286003112792,0.9554285714285712,0.9552698995223868,0.0003000000142492,59.97280247799995,49000.0,817.0370230401498,0.960820895522388,0.9414990859232176,0.9809523809523808,1050.0,0.9669381887877336,0.9729990356798456,0.960952380952381,1050.0,0.9283208020050124,0.97989417989418,0.8819047619047619,1050.0,0.964336661911555,0.9629629629629628,0.9657142857142856,1050.0,0.9416304872165944,0.95405669599218,0.9295238095238096,1050.0,0.9593188268684958,0.9530075187969924,0.9657142857142856,1050.0,0.9414519906323184,0.9262672811059908,0.9571428571428572,1050.0,0.9712399811409712,0.96171802054155,0.9809523809523808,1050.0,0.9574669187145556,0.950281425891182,0.9647619047619048,1050.0,0.9611742424242424,0.955743879472693,0.9666666666666668,1050.0
fp32,7,0.1242009326815605,0.9629796147346495,0.1359184980392456,0.9605714082717896,0.9605714285714284,0.9606318974151618,0.0003000000142492,59.23064087800003,49000.0,827.2745199723141,0.9675858732462506,0.983284169124877,0.9523809523809524,1050.0,0.9644381223328592,0.9603399433427762,0.9685714285714284,1050.0,0.9419600380589914,0.94106463878327,0.9428571428571428,1050.0,0.9653882132834424,0.9485294117647058,0.9828571428571428,1050.0,0.9453499520613614,0.9517374517374516,0.939047619047619,1050.0,0.9705171580473658,0.985279685966634,0.956190476190476,1050.0,0.9424326833797586,0.9193840579710144,0.9666666666666668,1050.0,0.9735849056603774,0.9644859813084112,0.9828571428571428,1050.0,0.9651883643299952,0.9665711556829036,0.9638095238095238,1050.0,0.9698736637512148,0.9900793650793652,0.9504761904761904,1050.0
fp32,8,0.1069024130702018,0.968142867088318,0.1355463564395904,0.9603809714317322,0.9603809523809526,0.9603554416792128,0.0003000000142492,60.187749123,49000.0,814.1191640156428,0.9630350194552528,0.9840954274353876,0.9428571428571428,1050.0,0.9676190476190476,0.9676190476190476,0.9676190476190476,1050.0,0.9370041997200188,0.918572735590119,0.956190476190476,1050.0,0.9658719027582984,0.9485766758494032,0.9838095238095238,1050.0,0.9418145956607494,0.976482617586912,0.9095238095238096,1050.0,0.9674952198852772,0.9712092130518234,0.9638095238095238,1050.0,0.9487179487179488,0.9460227272727272,0.9514285714285714,1050.0,0.9722352941176472,0.9609302325581396,0.9838095238095238,1050.0,0.9661654135338348,0.953617810760668,0.979047619047619,1050.0,0.973595775324052,0.9816069699903196,0.9657142857142856,1050.0
fp32,9,0.0888444185256958,0.9736326336860656,0.1711754947900772,0.9539999961853028,0.954,0.9540224672909836,0.0003000000142492,58.91346096099994,49000.0,831.7284233638464,0.9674374705049552,0.9588400374181478,0.9761904761904762,1050.0,0.9652582159624412,0.9518518518518518,0.979047619047619,1050.0,0.9335288367546432,0.958835341365462,0.9095238095238096,1050.0,0.9658160808858932,0.976630963972736,0.9552380952380952,1050.0,0.936910084451068,0.9792315680166148,0.8980952380952381,1050.0,0.9646609360076408,0.9674329501915708,0.961904761904762,1050.0,0.9254267744833784,0.8758503401360545,0.9809523809523808,1050.0,0.9606299212598426,0.9350766456266908,0.9876190476190476,1050.0,0.963172804532578,0.9550561797752808,0.9714285714285714,1050.0,0.9573835480673936,0.9979338842975206,0.92,1050.0
fp32,10,0.0839436948299408,0.974571406841278,0.1266031563282013,0.9651428461074828,0.9651428571428572,0.9650652863282302,0.0003000000142492,60.43700271500006,49000.0,810.7615831160092,0.968735417638824,0.94967978042086,0.9885714285714284,1050.0,0.9692089057318808,0.9641847313854854,0.9742857142857144,1050.0,0.9480901077375125,0.9758064516129032,0.921904761904762,1050.0,0.971021377672209,0.9687203791469194,0.9733333333333334,1050.0,0.9511494252873564,0.9566473988439308,0.9457142857142856,1050.0,0.975071907957814,0.9816602316602316,0.9685714285714284,1050.0,0.9539347408829176,0.9613152804642168,0.9466666666666668,1050.0,0.9767662399241348,0.9726156751652504,0.9809523809523808,1050.0,0.966461974492206,0.9587628865979382,0.9742857142857144,1050.0,0.9702127659574468,0.9633802816901408,0.9771428571428572,1050.0
fp32,11,0.0717236399650573,0.978632628917694,0.1262890100479126,0.9660000205039978,0.966,0.9659261323727432,0.0003000000142492,59.58702888900007,49000.0,822.3266189572599,0.9708372530573848,0.9591078066914498,0.9828571428571428,1050.0,0.9671497584541064,0.9813725490196078,0.9533333333333334,1050.0,0.94975845410628,0.9637254901960784,0.9361904761904762,1050.0,0.9758637008991956,0.9698965192850424,0.981904761904762,1050.0,0.9532710280373832,0.9857578840284842,0.9228571428571428,1050.0,0.9685714285714284,0.9685714285714284,0.9685714285714284,1050.0,0.9554199906147348,0.9417206290471786,0.9695238095238096,1050.0,0.9729477611940296,0.953382084095064,0.9933333333333332,1050.0,0.9708372530573848,0.9591078066914498,0.9828571428571428,1050.0,0.9746046957355056,0.9807135969141756,0.9685714285714284,1050.0
fp32,12,0.063670165836811,0.9800407886505128,0.1225010007619857,0.9650475978851318,0.965047619047619,0.9650077489732276,0.0003000000142492,58.48171406099982,49000.0,837.8687387461003,0.9723546234509056,0.9732824427480916,0.9714285714285714,1050.0,0.9632422243166824,0.9533582089552238,0.9733333333333334,1050.0,0.9524733268671192,0.9703557312252964,0.9352380952380952,1050.0,0.9660697455230914,0.9561567164179104,0.9761904761904762,1050.0,0.9558117195004804,0.9641472868217056,0.9476190476190476,1050.0,0.9606003752345216,0.9463955637707948,0.9752380952380952,1050.0,0.9533429533429532,0.9630709426627794,0.9438095238095238,1050.0,0.9769628584861308,0.9647168059424328,0.9895238095238096,1050.0,0.971675468074892,0.9796708615682478,0.9638095238095238,1050.0,0.9775441949354992,0.980824544582934,0.9742857142857144,1050.0
fp32,13,0.0586298331618309,0.981449007987976,0.1147959008812904,0.9678094983100892,0.967809523809524,0.9677882876410628,0.0003000000142492,59.43303348299992,49000.0,824.4573283309835,0.9756330625895844,0.9789069990412272,0.9723809523809523,1050.0,0.9653864390706496,0.9612842304060434,0.9695238095238096,1050.0,0.9545454545454544,0.9695481335952848,0.94,1050.0,0.9723134678554668,0.9583718778908418,0.9866666666666668,1050.0,0.956232159847764,0.9553231939163498,0.9571428571428572,1050.0,0.9759152215799614,0.9873294346978556,0.9647619047619048,1050.0,0.9585121602288984,0.9598853868194842,0.9571428571428572,1050.0,0.9763481551561022,0.9699248120300752,0.9828571428571428,1050.0,0.971702637889688,0.978743961352657,0.9647619047619048,1050.0,0.9712941176470588,0.96,0.9828571428571428,1050.0
fp32,14,0.0503697991371154,0.9841632843017578,0.1197990104556083,0.9693333506584167,0.9693333333333334,0.9693607105303328,0.0003000000142492,58.18461652499991,49000.0,842.1469956572869,0.9741379310344828,0.9797687861271676,0.9685714285714284,1050.0,0.9719264278799612,0.9881889763779528,0.956190476190476,1050.0,0.9534992954438704,0.9406858202038924,0.9666666666666668,1050.0,0.9753086419753088,0.9725378787878788,0.978095238095238,1050.0,0.9643201542912246,0.9765625,0.9523809523809524,1050.0,0.9747016706443914,0.9770334928229664,0.9723809523809523,1050.0,0.9560283687943264,0.9492957746478872,0.9628571428571427,1050.0,0.9761570827489482,0.9586776859504132,0.9942857142857144,1050.0,0.9701563240170537,0.9651272384542884,0.9752380952380952,1050.0,0.9773712084737602,0.988315481986368,0.9666666666666668,1050.0
fp32,15,0.0502905175089836,0.9844694137573242,0.1224104911088943,0.9691428542137146,0.9691428571428572,0.9691790558095384,0.0003000000142492,59.274537582,49000.0,826.6618686348035,0.9765438008616564,0.981713185755534,0.9714285714285714,1050.0,0.9720885466794996,0.9824902723735408,0.961904761904762,1050.0,0.9544159544159544,0.9517045454545454,0.9571428571428572,1050.0,0.971126082771896,0.9815175097276264,0.960952380952381,1050.0,0.9649543927028325,0.972894482090997,0.9571428571428572,1050.0,0.9678638941398866,0.9606003752345216,0.9752380952380952,1050.0,0.9532710280373832,0.9357798165137616,0.9714285714285714,1050.0,0.9787835926449788,0.969187675070028,0.9885714285714284,1050.0,0.974773917182294,0.9743101807802094,0.9752380952380952,1050.0,0.977969348659004,0.9836223506743738,0.9723809523809523,1050.0
fp32,16,0.0435402020812034,0.9863265156745912,0.1323294192552566,0.965428590774536,0.9654285714285716,0.9653863382514908,0.0003000000142492,58.76210229399999,49000.0,833.8707787349405,0.971126082771896,0.9815175097276264,0.960952380952381,1050.0,0.9674988224211024,0.9571295433364398,0.978095238095238,1050.0,0.9506595017098192,0.97592778335005,0.9266666666666666,1050.0,0.97196261682243,0.9541284403669724,0.9904761904761904,1050.0,0.9603524229074888,0.9879154078549848,0.9342857142857144,1050.0,0.9707434052757794,0.9777777777777776,0.9638095238095238,1050.0,0.9519733713742272,0.9506172839506172,0.9533333333333334,1050.0,0.9627243442245744,0.931433659839715,0.9961904761904762,1050.0,0.969811320754717,0.9607476635514018,0.979047619047619,1050.0,0.9770114942528736,0.9826589595375722,0.9714285714285714,1050.0
fp32,17,0.0360557809472084,0.988673448562622,0.1170592829585075,0.9717142581939696,0.9717142857142858,0.9717140094774032,0.0003000000142492,62.90894515900004,49000.0,778.903538696354,0.9769894534995208,0.9835907335907336,0.9704761904761904,1050.0,0.9709662065683008,0.9705042816365368,0.9714285714285714,1050.0,0.9583727530747398,0.9520676691729324,0.9647619047619048,1050.0,0.9791469194312796,0.9745283018867924,0.9838095238095238,1050.0,0.9658817876021144,0.9747817652764308,0.9571428571428572,1050.0,0.9732569245463228,0.9760536398467432,0.9704761904761904,1050.0,0.9596199524940618,0.957345971563981,0.961904761904762,1050.0,0.9801886792452832,0.9710280373831776,0.9895238095238096,1050.0,0.9750240153698368,0.9835271317829456,0.9666666666666668,1050.0,0.9776934029425725,0.9744560075685904,0.9809523809523808,1050.0
fp32,18,0.034991830587387,0.9890000224113464,0.1367925256490707,0.9696190357208252,0.9696190476190476,0.9696134525087208,0.0003000000142492,61.09692635100009,49000.0,802.0043384588024,0.9715882626921284,0.95077484047402,0.9933333333333332,1050.0,0.9723703344643724,0.9901283316880553,0.9552380952380952,1050.0,0.9516279069767444,0.93,0.9742857142857144,1050.0,0.9741419840150448,0.9619312906220984,0.9866666666666668,1050.0,0.9602356406480118,0.9908814589665652,0.9314285714285714,1050.0,0.9764536280634312,0.98545101842871,0.9676190476190476,1050.0,0.9594985535197684,0.9716796875,0.9476190476190476,1050.0,0.97886331611085,0.9657089898053752,0.9923809523809524,1050.0,0.9690328727965696,0.969494756911344,0.9685714285714284,1050.0,0.9823220258002866,0.9856184084372004,0.979047619047619,1050.0
fp32,19,0.0343702733516693,0.989081621170044,0.1159539371728897,0.972000002861023,0.972,0.9719964972968724,0.0003000000142492,58.00211780199993,49000.0,844.7967394444081,0.9776722090261282,0.9753554502369668,0.98,1050.0,0.9756563245823388,0.9779904306220096,0.9733333333333334,1050.0,0.9601918465227818,0.9671497584541064,0.9533333333333334,1050.0,0.9776722090261282,0.9753554502369668,0.98,1050.0,0.9603060736489718,0.9644572526416908,0.956190476190476,1050.0,0.9703250117757888,0.9599254426840632,0.9809523809523808,1050.0,0.9619410085632732,0.9610266159695816,0.9628571428571427,1050.0,0.9800947867298578,0.9754716981132076,0.9847619047619048,1050.0,0.9729729729729728,0.9688385269121812,0.9771428571428572,1050.0,0.983132530120482,0.9951219512195122,0.9714285714285714,1050.0
fp32,20,0.0293287448585033,0.990204095840454,0.1357067227363586,0.9698095321655272,0.969809523809524,0.9698319381022968,0.0003000000142492,58.97684431899984,49000.0,830.8345515226945,0.9779031499764927,0.9656453110492108,0.9904761904761904,1050.0,0.9748305905130688,0.9911417322834646,0.959047619047619,1050.0,0.9544814641013608,0.940795559666975,0.9685714285714284,1050.0,0.977587029089175,0.9789875835721108,0.9761904761904762,1050.0,0.9634324719648952,0.987012987012987,0.940952380952381,1050.0,0.9716446124763704,0.9643527204502814,0.979047619047619,1050.0,0.9597347228801516,0.9547596606974552,0.9647619047619048,1050.0,0.9678621332091292,0.9471285323609844,0.9895238095238096,1050.0,0.9704886308659894,0.9862340216322516,0.9552380952380952,1050.0,0.9803545759463344,0.9864995178399228,0.9742857142857144,1050.0
fp32,21,0.0274873543530702,0.9913061261177064,0.11898223310709,0.972952365875244,0.9729523809523808,0.9729579292155532,0.0003000000142492,65.4331329050001,49000.0,748.8560890266596,0.9781368821292776,0.976280834914611,0.98,1050.0,0.9757949691504508,0.9725638599810784,0.979047619047619,1050.0,0.9620739318290928,0.9699903194578896,0.9542857142857144,1050.0,0.977587029089175,0.9789875835721108,0.9761904761904762,1050.0,0.9665859564164648,0.9832512315270936,0.9504761904761904,1050.0,0.9757489300998572,0.9743589743589745,0.9771428571428572,1050.0,0.956481048198409,0.940202391904324,0.9733333333333334,1050.0,0.9806877060763072,0.9701770736253494,0.9914285714285714,1050.0,0.972766364070712,0.9760306807286672,0.9695238095238096,1050.0,0.9837164750957856,0.9894026974951832,0.978095238095238,1050.0
fp32,22,0.0261212699115276,0.9919999837875366,0.1322787851095199,0.972000002861023,0.972,0.9720106461351964,0.0003000000142492,68.52997449999998,49000.0,715.0155878140596,0.9789875835721108,0.9818007662835248,0.9761904761904762,1050.0,0.97438330170778,0.9706994328922496,0.978095238095238,1050.0,0.9590643274853802,0.9820359281437124,0.9371428571428572,1050.0,0.9746240601503758,0.9619666048237476,0.9876190476190476,1050.0,0.9618320610687024,0.9636711281070746,0.96,1050.0,0.9770334928229664,0.9817307692307692,0.9723809523809523,1050.0,0.95712954333644,0.937043795620438,0.978095238095238,1050.0,0.9818702290076337,0.9837476099426388,0.98,1050.0,0.9749408983451536,0.968075117370892,0.981904761904762,1050.0,0.9802409638554216,0.9921951219512196,0.9685714285714284,1050.0
fp32,23,0.0265230983495712,0.9915305972099304,0.1305859833955764,0.9714285731315612,0.9714285714285716,0.9714010915037768,0.0003000000142492,62.5682413630002,49000.0,783.1449139782952,0.9784997611084568,0.9817833173537872,0.9752380952380952,1050.0,0.9769452449567724,0.9854651162790696,0.9685714285714284,1050.0,0.9573141486810552,0.9642512077294686,0.9504761904761904,1050.0,0.9783223374175306,0.9682835820895522,0.9885714285714284,1050.0,0.9639727361246349,0.9860557768924304,0.9428571428571428,1050.0,0.9718377088305488,0.9741626794258372,0.9695238095238096,1050.0,0.959658281917418,0.956480605487228,0.9628571428571427,1050.0,0.9742629854936828,0.9576816927322908,0.9914285714285714,1050.0,0.9717779868297272,0.9600371747211895,0.9838095238095238,1050.0,0.981419723677942,0.9818875119161106,0.9809523809523808,1050.0
fp32,24,0.023936353623867,0.9918367266654968,0.1434028148651123,0.968476176261902,0.9684761904761906,0.96846970876796,0.0003000000142492,62.43348654800002,49000.0,784.835233610218,0.9780534351145038,0.979923518164436,0.9761904761904762,1050.0,0.970873786407767,0.99009900990099,0.9523809523809524,1050.0,0.9554263565891472,0.9723865877712032,0.939047619047619,1050.0,0.975011786892975,0.965452847805789,0.9847619047619048,1050.0,0.9585516912815628,0.9590085795996188,0.958095238095238,1050.0,0.9708097928436912,0.9599627560521417,0.981904761904762,1050.0,0.9549718574108818,0.9408502772643254,0.9695238095238096,1050.0,0.9778615167216202,0.967381174277726,0.9885714285714284,1050.0,0.9699530516431926,0.9564814814814816,0.9838095238095238,1050.0,0.9731838127742564,0.997002997002997,0.9504761904761904,1050.0
fp32,25,0.0207370743155479,0.9932448863983154,0.1491049230098724,0.9677143096923828,0.9677142857142856,0.9677754010002264,0.0003000000142492,58.23066601900018,49000.0,841.4810159308793,0.9754253308128544,0.9681050656660412,0.9828571428571428,1050.0,0.968246213971666,0.9939819458375124,0.9438095238095238,1050.0,0.958038661008958,0.9486461251167132,0.9676190476190476,1050.0,0.9764988009592324,0.9835748792270532,0.9695238095238096,1050.0,0.9607843137254904,0.98989898989899,0.9333333333333332,1050.0,0.9551548774849744,0.9281221922731356,0.9838095238095238,1050.0,0.9543099387658972,0.9440820130475304,0.9647619047619048,1050.0,0.978116079923882,0.9771863117870724,0.979047619047619,1050.0,0.9695550351288056,0.9539170506912442,0.9857142857142858,1050.0,0.9816247582205028,0.9970530451866404,0.9666666666666668,1050.0
fp32,26,0.0238728392869234,0.9916122555732728,0.1383619606494903,0.9697142839431764,0.9697142857142858,0.9697139231188324,0.0003000000142492,57.399372243000016,49000.0,853.6678727523133,0.9730241362991008,0.967074317968015,0.979047619047619,1050.0,0.978116079923882,0.9771863117870724,0.979047619047619,1050.0,0.9555446995603322,0.9809428284854564,0.9314285714285714,1050.0,0.975954738330976,0.9663865546218487,0.9857142857142858,1050.0,0.955140186915888,0.9376146788990826,0.9733333333333334,1050.0,0.9734597156398104,0.9688679245283018,0.978095238095238,1050.0,0.960377358490566,0.9514018691588784,0.9695238095238096,1050.0,0.9789875835721108,0.9818007662835248,0.9761904761904762,1050.0,0.9691417550626809,0.9814453125,0.9571428571428572,1050.0,0.9773929773929774,0.9873663751214772,0.9676190476190476,1050.0
fp32,27,0.0224913135170936,0.9929183721542358,0.1292099952697754,0.9717142581939696,0.971714285714286,0.971678676842586,0.0003000000142492,56.42771856399986,49000.0,868.3675549353391,0.9787234042553192,0.971830985915493,0.9857142857142858,1050.0,0.9751196172248804,0.9798076923076924,0.9704761904761904,1050.0,0.9553231939163498,0.9535104364326376,0.9571428571428572,1050.0,0.9710820895522388,0.9515539305301646,0.9914285714285714,1050.0,0.9656174334140436,0.9822660098522168,0.9495238095238095,1050.0,0.9731543624161074,0.9797297297297296,0.9666666666666668,1050.0,0.9594202898550724,0.973529411764706,0.9457142857142856,1050.0,0.9811142587346552,0.9728464419475656,0.9895238095238096,1050.0,0.9772511848341232,0.9726415094339622,0.981904761904762,1050.0,0.9799809342230698,0.9809160305343512,0.979047619047619,1050.0
fp32,28,0.0188773497939109,0.9941020607948304,0.1368014365434646,0.9712380766868592,0.971238095238095,0.9712437162314944,0.0003000000142492,64.49095893100002,49000.0,759.796424370522,0.9754453538757824,0.9863680623174296,0.9647619047619048,1050.0,0.976303317535545,0.9716981132075472,0.9809523809523808,1050.0,0.9595765158806544,0.9698443579766536,0.9495238095238095,1050.0,0.9838403041825096,0.9819734345351044,0.9857142857142858,1050.0,0.9638783269961978,0.9620493358633776,0.9657142857142856,1050.0,0.9696682464454977,0.9650943396226416,0.9742857142857144,1050.0,0.963172804532578,0.9550561797752808,0.9714285714285714,1050.0,0.9711090400745572,0.9507299270072992,0.9923809523809524,1050.0,0.974236641221374,0.9760994263862331,0.9723809523809523,1050.0,0.9752066115702478,0.9960278053624628,0.9552380952380952,1050.0
fp32,29,0.01937703974545,0.9940612316131592,0.1301257610321045,0.9731428623199464,0.9731428571428572,0.973161875603076,0.0003000000142492,56.30034867099994,49000.0,870.3320877520548,0.97495183044316,0.98635477582846,0.9638095238095238,1050.0,0.9741873804971318,0.9779270633397312,0.9704761904761904,1050.0,0.96186844613918,0.9627862595419848,0.960952380952381,1050.0,0.9800380228136882,0.978178368121442,0.981904761904762,1050.0,0.9632768361581924,0.952513966480447,0.9742857142857144,1050.0,0.972168905950096,0.9796905222437138,0.9647619047619048,1050.0,0.9650613786591123,0.9569288389513108,0.9733333333333334,1050.0,0.9801324503311258,0.9736842105263158,0.9866666666666668,1050.0,0.9772079772079773,0.9744318181818182,0.98,1050.0,0.982725527831094,0.9903288201160542,0.9752380952380952,1050.0
fp32,30,0.0183167029172182,0.993775486946106,0.1524177640676498,0.9698095321655272,0.9698095238095238,0.9697960803694848,0.0003000000142492,55.72111542099992,49000.0,879.3793812234617,0.972391202620496,0.9558417663293468,0.9895238095238096,1050.0,0.9730769230769232,0.9825242718446602,0.9638095238095238,1050.0,0.9534085335948994,0.9828109201213346,0.9257142857142856,1050.0,0.9772296015180266,0.9735349716446124,0.9809523809523808,1050.0,0.9676796912686928,0.9804496578690128,0.9552380952380952,1050.0,0.9739130434782608,0.9882352941176472,0.96,1050.0,0.9530450953045096,0.9309718437783832,0.9761904761904762,1050.0,0.9773371104815864,0.9691011235955056,0.9857142857142858,1050.0,0.9708920187793428,0.9574074074074074,0.9847619047619048,1050.0,0.9789875835721108,0.9818007662835248,0.9761904761904762,1050.0
fp32,31,0.0144355995580554,0.995306134223938,0.1355112493038177,0.9733333587646484,0.9733333333333332,0.9733299835023964,0.0003000000142492,56.25228225499996,49000.0,871.0757685861654,0.9803921568627452,0.9846301633045148,0.9761904761904762,1050.0,0.9735349716446124,0.9662288930581614,0.9809523809523808,1050.0,0.9571567672833496,0.9790836653386454,0.9361904761904762,1050.0,0.98093422306959,0.9818702290076337,0.98,1050.0,0.9692898272552782,0.97678916827853,0.961904761904762,1050.0,0.971131093232371,0.9651928504233304,0.9771428571428572,1050.0,0.9584694353709752,0.939615736505032,0.978095238095238,1050.0,0.9839319470699434,0.9765478424015008,0.9914285714285714,1050.0,0.9772727272727272,0.9717514124293786,0.9828571428571428,1050.0,0.9811866859623734,0.9941348973607038,0.9685714285714284,1050.0
fp32,32,0.0128449369221925,0.9956326484680176,0.1283962130546569,0.973714292049408,0.9737142857142856,0.9736600954220572,0.0003000000142492,56.13348225299978,49000.0,872.9192993791407,0.979707409155262,0.971000935453695,0.9885714285714284,1050.0,0.9702970297029702,0.9607843137254902,0.98,1050.0,0.9605009633911368,0.9717348927875245,0.9495238095238095,1050.0,0.9834201800094742,0.9783223374175306,0.9885714285714284,1050.0,0.9633558341369334,0.9755859375,0.9514285714285714,1050.0,0.9752851711026616,0.9734345351043644,0.9771428571428572,1050.0,0.9596153846153848,0.9689320388349516,0.9504761904761904,1050.0,0.9839015151515152,0.9783427495291902,0.9895238095238096,1050.0,0.9772079772079773,0.9744318181818182,0.98,1050.0,0.983309489747258,0.9847182425978988,0.981904761904762,1050.0
fp32,33,0.0193787738680839,0.9934489727020264,0.168899267911911,0.9673333168029784,0.9673333333333334,0.9673786920071642,0.0003000000142492,56.04361560799998,49000.0,874.3190364935245,0.9793566970715316,0.9874152952565344,0.9714285714285714,1050.0,0.9709864603481624,0.986247544204322,0.956190476190476,1050.0,0.9527856468366384,0.944756554307116,0.960952380952381,1050.0,0.9714820009350164,0.9540863177226814,0.9895238095238096,1050.0,0.9574468085106382,0.9724950884086444,0.9428571428571428,1050.0,0.9768786127167628,0.9883040935672516,0.9657142857142856,1050.0,0.9517177344475394,0.9284420289855072,0.9761904761904762,1050.0,0.9688227082363888,0.9472247497725204,0.9914285714285714,1050.0,0.962457337883959,0.986013986013986,0.94,1050.0,0.9818529130850048,0.9846743295019156,0.979047619047619,1050.0
fp32,34,0.0152590619400143,0.9951836466789246,0.1376085728406906,0.9739999771118164,0.974,0.9740139317538116,0.0003000000142492,59.876918195000144,49000.0,818.3453904628581,0.9774580335731416,0.9845410628019324,0.9704761904761904,1050.0,0.9754253308128544,0.9681050656660412,0.9828571428571428,1050.0,0.96455938697318,0.9701348747591522,0.959047619047619,1050.0,0.978095238095238,0.978095238095238,0.978095238095238,1050.0,0.9682080924855492,0.97953216374269,0.9571428571428572,1050.0,0.9722614010343206,0.9600742804085424,0.9847619047619048,1050.0,0.96,0.9488372093023256,0.9714285714285714,1050.0,0.9829867674858224,0.975609756097561,0.9904761904761904,1050.0,0.9775227164036346,0.9817483189241114,0.9733333333333334,1050.0,0.9836223506743738,0.9951267056530214,0.9723809523809523,1050.0
fp32,35,0.0157185662537813,0.9949183464050292,0.1435174793004989,0.9699047803878784,0.9699047619047618,0.9699284474435772,0.0003000000142492,59.49816727899997,49000.0,823.5547789266893,0.9803921568627452,0.9846301633045148,0.9761904761904762,1050.0,0.9736716132120632,0.9788257940327236,0.9685714285714284,1050.0,0.9490566037735848,0.9401869158878504,0.958095238095238,1050.0,0.9751290473955888,0.9611470860314524,0.9895238095238096,1050.0,0.9641819941916748,0.9803149606299212,0.9485714285714286,1050.0,0.9751908396946564,0.977055449330784,0.9733333333333334,1050.0,0.9554924242424244,0.9500941619585688,0.960952380952381,1050.0,0.9737089201877932,0.9601851851851853,0.9876190476190476,1050.0,0.9762357414448668,0.97438330170778,0.978095238095238,1050.0,0.9762251334303736,0.9950544015825916,0.958095238095238,1050.0
fp32,36,0.0135961826890707,0.9957755208015442,0.1330578625202179,0.9734285473823548,0.9734285714285716,0.973436213461239,0.0003000000142492,59.669257517000005,49000.0,821.1933923602068,0.9784585926280516,0.983638113570741,0.9733333333333334,1050.0,0.9777356702984368,0.9726672950047124,0.9828571428571428,1050.0,0.9588400374181478,0.9420955882352942,0.9761904761904762,1050.0,0.9796690307328606,0.9727699530516432,0.9866666666666668,1050.0,0.9644913627639156,0.971953578336557,0.9571428571428572,1050.0,0.977565632458234,0.9799043062200956,0.9752380952380952,1050.0,0.9625719769673704,0.970019342359768,0.9552380952380952,1050.0,0.9796882380727444,0.971883786316776,0.9876190476190476,1050.0,0.9725829725829724,0.9825072886297376,0.9628571428571427,1050.0,0.9827586206896552,0.9884393063583816,0.9771428571428572,1050.0
fp32,37,0.0119898309931159,0.9964489936828612,0.1334442794322967,0.9727619290351868,0.9727619047619048,0.9727474280525796,0.0003000000142492,60.05974120300016,49000.0,815.8543313462081,0.9788035798398492,0.968313140726934,0.9895238095238096,1050.0,0.9757281553398056,0.995049504950495,0.9571428571428572,1050.0,0.9571497351949928,0.967867575462512,0.9466666666666668,1050.0,0.9706293706293706,0.9506849315068492,0.9914285714285714,1050.0,0.963959634790966,0.9728419010669254,0.9552380952380952,1050.0,0.9751908396946564,0.977055449330784,0.9733333333333334,1050.0,0.9673758865248228,0.9605633802816902,0.9742857142857144,1050.0,0.9787234042553192,0.971830985915493,0.9857142857142858,1050.0,0.9757258448357926,0.9752616555661276,0.9761904761904762,1050.0,0.9841878294202204,0.9903567984570878,0.978095238095238,1050.0
fp32,38,0.0095661114901304,0.9971428513526917,0.1295956224203109,0.9763809442520142,0.9763809523809526,0.9764008837872604,0.0003000000142492,59.08089873800009,49000.0,829.3712696771117,0.9841878294202204,0.9903567984570878,0.978095238095238,1050.0,0.9766109785202864,0.9789473684210528,0.9742857142857144,1050.0,0.96522153406384,0.9656816015252622,0.9647619047619048,1050.0,0.9814726840855108,0.9791469194312796,0.9838095238095238,1050.0,0.9717568214456678,0.9769008662175168,0.9666666666666668,1050.0,0.9752144899904672,0.976145038167939,0.9742857142857144,1050.0,0.9638667292351007,0.9500462534690102,0.978095238095238,1050.0,0.9835138954309938,0.972972972972973,0.9942857142857144,1050.0,0.979047619047619,0.979047619047619,0.979047619047619,1050.0,0.9831162566328993,0.9960899315738024,0.9704761904761904,1050.0
fp32,39,0.013233340345323,0.9955714344978333,0.1442928463220596,0.973809540271759,0.973809523809524,0.9737710394872612,0.0003000000142492,58.98768911599973,49000.0,830.6818038530232,0.9768540387340576,0.9690721649484536,0.9847619047619048,1050.0,0.977121067683508,0.9780534351145038,0.9761904761904762,1050.0,0.9623271340009536,0.9637058261700095,0.960952380952381,1050.0,0.9784037558685446,0.9648148148148148,0.9923809523809524,1050.0,0.9664302600472812,0.95962441314554,0.9733333333333334,1050.0,0.9756563245823388,0.9779904306220096,0.9733333333333334,1050.0,0.9590243902439024,0.983,0.9361904761904762,1050.0,0.983357108892059,0.9819563152896488,0.9847619047619048,1050.0,0.9776934029425725,0.9744560075685904,0.9809523809523808,1050.0,0.9808429118773946,0.9865125240847784,0.9752380952380952,1050.0
fp32,40,0.0144747076556086,0.9956734776496888,0.1528820097446441,0.9705714583396912,0.9705714285714284,0.97055027455205,0.0003000000142492,61.06127366700002,49000.0,802.4726157404341,0.9799043062200956,0.9846153846153848,0.9752380952380952,1050.0,0.977501196744854,0.9826756496631376,0.9723809523809523,1050.0,0.9547641963426372,0.9649805447470816,0.9447619047619048,1050.0,0.9715882626921284,0.95077484047402,0.9933333333333332,1050.0,0.9631782945736432,0.980276134122288,0.9466666666666668,1050.0,0.9694915254237289,0.986206896551724,0.9533333333333334,1050.0,0.9641662685140946,0.9674017257909876,0.960952380952381,1050.0,0.9752452125175152,0.9569202566452796,0.9942857142857144,1050.0,0.9664179104477614,0.946983546617916,0.9866666666666668,1050.0,0.9832455720440404,0.9884504331087584,0.978095238095238,1050.0
fp32,41,0.0123592214658856,0.9961020350456238,0.1349091380834579,0.9742857217788696,0.9742857142857142,0.974279931810886,0.0003000000142492,60.0954386479998,49000.0,815.3697036310908,0.979047619047619,0.979047619047619,0.979047619047619,1050.0,0.975840833728091,0.9707822808671064,0.9809523809523808,1050.0,0.9624639076034648,0.9727626459143968,0.9523809523809524,1050.0,0.9774647887323944,0.9638888888888888,0.9914285714285714,1050.0,0.9674017257909876,0.973938223938224,0.960952380952381,1050.0,0.9779058597502402,0.9864341085271318,0.9695238095238096,1050.0,0.9646059462010382,0.9560336763330216,0.9733333333333334,1050.0,0.9788434414668546,0.9665738161559888,0.9914285714285714,1050.0,0.9765662362505978,0.9807877041306436,0.9723809523809523,1050.0,0.9826589595375722,0.9941520467836256,0.9714285714285714,1050.0
fp32,42,0.0120953172445297,0.9961428642272948,0.1368672996759414,0.975428581237793,0.9754285714285714,0.9754107524175784,0.0003000000142492,56.89132301399968,49000.0,861.2912726241609,0.9773584905660376,0.9682242990654204,0.9866666666666668,1050.0,0.9807877041306436,0.9893410852713178,0.9723809523809523,1050.0,0.9621103117505996,0.9690821256038648,0.9552380952380952,1050.0,0.98063297118564,0.97282099343955,0.9885714285714284,1050.0,0.9724238026124818,0.9882005899705014,0.9571428571428572,1050.0,0.9698965192850424,0.95817843866171,0.981904761904762,1050.0,0.9678348535765724,0.9757986447241046,0.96,1050.0,0.9834358731661144,0.9774223894637818,0.9895238095238096,1050.0,0.9753787878787878,0.9698681732580038,0.9809523809523808,1050.0,0.9842482100238664,0.9866028708133971,0.981904761904762,1050.0
fp32,43,0.013571728952229,0.9958367347717284,0.1488236933946609,0.9714285731315612,0.9714285714285716,0.9714696404602372,0.0003000000142492,56.08188979599981,49000.0,873.7223402820326,0.976588628762542,0.9798657718120806,0.9733333333333334,1050.0,0.9783757808745795,0.9873908826382152,0.9695238095238096,1050.0,0.9537735849056604,0.9448598130841122,0.9628571428571427,1050.0,0.9778615167216202,0.967381174277726,0.9885714285714284,1050.0,0.9675858732462506,0.983284169124877,0.9523809523809524,1050.0,0.972182932578972,0.9626517273576096,0.981904761904762,1050.0,0.9547596606974552,0.9449626865671642,0.9647619047619048,1050.0,0.9822371579452712,0.9903194578896418,0.9742857142857144,1050.0,0.9751523675574308,0.9602954755309326,0.9904761904761904,1050.0,0.9761789013125912,0.997020854021847,0.956190476190476,1050.0
fp32,44,0.0088985124602913,0.9969387650489808,0.143732950091362,0.9748571515083312,0.9748571428571428,0.9748234281959396,0.0003000000142492,56.896640687999934,49000.0,861.2107746166917,0.977777777777778,0.9708920187793428,0.9847619047619048,1050.0,0.9822371579452712,0.9903194578896418,0.9742857142857144,1050.0,0.96,0.9717073170731708,0.9485714285714286,1050.0,0.9805779251539554,0.9754948162111216,0.9857142857142858,1050.0,0.970316301703163,0.9920398009950248,0.9495238095238095,1050.0,0.9720511605873994,0.9670122525918944,0.9771428571428572,1050.0,0.9661743687470224,0.9666348903717826,0.9657142857142856,1050.0,0.9848628192999054,0.9783834586466166,0.9914285714285714,1050.0,0.9741419840150448,0.9619312906220984,0.9866666666666668,1050.0,0.9800947867298578,0.9754716981132076,0.9847619047619048,1050.0
fp32,45,0.0096522308886051,0.997020423412323,0.1366850137710571,0.9746666550636292,0.9746666666666666,0.974651642985286,0.0003000000142492,56.748808138000186,49000.0,863.4542575915101,0.9819219790675549,0.9809885931558936,0.9828571428571428,1050.0,0.9772296015180266,0.9735349716446124,0.9809523809523808,1050.0,0.9642346208869814,0.9656160458452722,0.9628571428571427,1050.0,0.97246850209986,0.9533394327538884,0.9923809523809524,1050.0,0.9719535783365572,0.987229862475442,0.9571428571428572,1050.0,0.9692307692307692,0.9786407766990292,0.96,1050.0,0.9678039404132628,0.976721629485936,0.959047619047619,1050.0,0.9778823529411764,0.9665116279069768,0.9895238095238096,1050.0,0.9790874524714828,0.9772296015180264,0.9809523809523808,1050.0,0.9847036328871892,0.9884836852207294,0.9809523809523808,1050.0
fp32,46,0.008751330897212,0.997224509716034,0.1584943234920501,0.9723809361457824,0.9723809523809523,0.9724621655536498,0.0003000000142492,55.67491918299993,49000.0,880.1090458513304,0.9773056494447128,0.991185112634672,0.9638095238095238,1050.0,0.9773929773929774,0.9873663751214772,0.9676190476190476,1050.0,0.9535429375879868,0.9398704902867716,0.9676190476190476,1050.0,0.977777777777778,0.9708920187793428,0.9847619047619048,1050.0,0.9657794676806084,0.9639468690702088,0.9676190476190476,1050.0,0.9779904306220096,0.9826923076923076,0.9733333333333334,1050.0,0.958100558659218,0.9371584699453552,0.98,1050.0,0.98063297118564,0.97282099343955,0.9885714285714284,1050.0,0.9759152215799614,0.9873294346978556,0.9647619047619048,1050.0,0.9801836636056066,0.9950932286555446,0.9657142857142856,1050.0
fp32,47,0.0116646885871887,0.996122419834137,0.1358938515186309,0.9749523997306824,0.974952380952381,0.974953453132169,0.0003000000142492,55.42613980499982,49000.0,884.0594017983526,0.9784585926280516,0.983638113570741,0.9733333333333334,1050.0,0.9780534351145038,0.979923518164436,0.9761904761904762,1050.0,0.9620739318290928,0.9699903194578896,0.9542857142857144,1050.0,0.9797456429580782,0.9692451071761417,0.9904761904761904,1050.0,0.9664750957854406,0.9720616570327552,0.960952380952381,1050.0,0.9681349578256796,0.9529520295202952,0.9838095238095238,1050.0,0.9647954329210277,0.9638783269961976,0.9657142857142856,1050.0,0.9875954198473282,0.9894837476099426,0.9857142857142858,1050.0,0.9809885931558936,0.9791271347248576,0.9828571428571428,1050.0,0.9832134292565946,0.9903381642512076,0.9761904761904762,1050.0
fp32,48,0.0130795734003186,0.9958367347717284,0.1462063640356063,0.9735237956047058,0.9735238095238096,0.9734878294785574,0.0003000000142492,55.50323191799998,49000.0,882.8314731724487,0.9795140543115768,0.9799809342230696,0.979047619047619,1050.0,0.979923518164436,0.9836852207293666,0.9761904761904762,1050.0,0.9548577036310107,0.9848178137651822,0.9266666666666666,1050.0,0.9838249286393912,0.9828897338403042,0.9847619047619048,1050.0,0.9694364851957976,0.9722222222222222,0.9666666666666668,1050.0,0.9779270633397312,0.9854932301740812,0.9704761904761904,1050.0,0.9642184557438797,0.9534450651769087,0.9752380952380952,1050.0,0.9743589743589742,0.954337899543379,0.9952380952380953,1050.0,0.9719101123595504,0.9558011049723756,0.9885714285714284,1050.0,0.9789069990412272,0.9855212355212356,0.9723809523809523,1050.0
fp32,49,0.0113861840218305,0.9961020350456238,0.1336653232574463,0.9769523739814758,0.9769523809523812,0.9769070765663574,0.0003000000142492,55.50021794499981,49000.0,882.879415871097,0.9811142587346552,0.9728464419475656,0.9895238095238096,1050.0,0.9818875119161103,0.982824427480916,0.9809523809523808,1050.0,0.9634680954700438,0.9860418743768694,0.941904761904762,1050.0,0.9802816901408452,0.9666666666666668,0.9942857142857144,1050.0,0.9689922480620156,0.9861932938856016,0.9523809523809524,1050.0,0.9776297001427892,0.977164605137964,0.978095238095238,1050.0,0.9679849340866288,0.957169459962756,0.979047619047619,1050.0,0.982571832312765,0.9720410065237652,0.9933333333333332,1050.0,0.979923518164436,0.9836852207293666,0.9761904761904762,1050.0,0.9852169766332856,0.9866284622731614,0.9838095238095238,1050.0
fp32,50,0.0058735748752951,0.9982244968414308,0.1229508146643638,0.9767618775367736,0.9767619047619048,0.976769377935778,0.0003000000142492,55.91357357099969,49000.0,876.3525003061957,0.982808022922636,0.985632183908046,0.98,1050.0,0.9790675547098002,0.9781368821292776,0.98,1050.0,0.9643705463182898,0.962085308056872,0.9666666666666668,1050.0,0.9832615973218556,0.9875120076849184,0.979047619047619,1050.0,0.9717838354854136,0.9759846301633044,0.9676190476190476,1050.0,0.9729985788725722,0.9679547596606974,0.978095238095238,1050.0,0.964828897338403,0.9629981024667932,0.9666666666666668,1050.0,0.984819734345351,0.9810964083175804,0.9885714285714284,1050.0,0.9790076335877864,0.9808795411089866,0.9771428571428572,1050.0,0.984747378455672,0.9856870229007634,0.9838095238095238,1050.0
fp16,1,1.2182482481002808,0.5862244963645935,0.447443813085556,0.8609523773193359,0.8609523809523811,0.8613579338145835,0.0003000000142492,71.2604664559999,49000.0,687.6182887499799,0.9095354523227384,0.9346733668341708,0.8857142857142857,1050.0,0.8398454272219837,0.764659890539484,0.9314285714285714,1050.0,0.781217750257998,0.8524774774774775,0.7209523809523809,1050.0,0.8916500994035785,0.9324324324324323,0.8542857142857143,1050.0,0.8328557784145176,0.8352490421455939,0.8304761904761905,1050.0,0.9046184738955824,0.9564755838641188,0.8580952380952381,1050.0,0.806338028169014,0.7495908346972177,0.8723809523809524,1050.0,0.895628902765388,0.8422818791946308,0.956190476190476,1050.0,0.8714492055849783,0.881207400194742,0.861904761904762,1050.0,0.8804402201100551,0.9272918861959958,0.8380952380952381,1050.0
fp16,2,0.4123901426792145,0.8747959136962891,0.2587743103504181,0.916857123374939,0.9168571428571428,0.9168745420490384,0.0003000000142492,55.82828520200019,49000.0,877.6912961361109,0.9388729703915952,0.9415708812260536,0.9361904761904762,1050.0,0.9135234590616376,0.8834519572953736,0.9457142857142856,1050.0,0.8815261044176707,0.9320594479830148,0.8361904761904762,1050.0,0.9354536950420952,0.9191176470588236,0.9523809523809524,1050.0,0.8903781713738631,0.8950914340712224,0.8857142857142857,1050.0,0.9350145489815712,0.9525691699604744,0.918095238095238,1050.0,0.8710417622762735,0.8405668733392383,0.9038095238095238,1050.0,0.945212005717008,0.9456625357483316,0.9447619047619048,1050.0,0.9222699093943728,0.9235912129894938,0.920952380952381,1050.0,0.9354527938342968,0.946393762183236,0.9247619047619048,1050.0
fp16,3,0.2701229155063629,0.9202244877815248,0.2070428282022476,0.9375237822532654,0.9375238095238094,0.93751584934873,0.0003000000142492,56.36013815000024,49000.0,869.4087986368747,0.9527446300715988,0.955023923444976,0.9504761904761904,1050.0,0.9425178147268408,0.9402843601895736,0.9447619047619048,1050.0,0.913926499032882,0.9282907662082516,0.9,1050.0,0.9482596425211666,0.9368029739776952,0.96,1050.0,0.913521261347348,0.9165867689357622,0.9104761904761904,1050.0,0.9464285714285714,0.9875776397515528,0.9085714285714286,1050.0,0.9090909090909092,0.903954802259887,0.9142857142857144,1050.0,0.9611241217798596,0.9456221198156682,0.9771428571428572,1050.0,0.932780847145488,0.9028520499108734,0.9647619047619048,1050.0,0.9547641963426372,0.9649805447470816,0.9447619047619048,1050.0
fp16,4,0.2160147279500961,0.9350000023841858,0.1811116337776184,0.9438095092773438,0.943809523809524,0.9437750405413308,0.0003000000142492,56.041164864000166,49000.0,874.3572714612989,0.953191489361702,0.9464788732394366,0.96,1050.0,0.9528392685274304,0.9630350194552528,0.9428571428571428,1050.0,0.9235880398671096,0.9205298013245032,0.9266666666666666,1050.0,0.9554617909048287,0.9409048938134812,0.9704761904761904,1050.0,0.9243295019157088,0.9296724470134876,0.919047619047619,1050.0,0.9521988527724664,0.9558541266794626,0.9485714285714286,1050.0,0.9234404536862004,0.9165103189493432,0.9304761904761903,1050.0,0.9510166358595196,0.9236983842010772,0.98,1050.0,0.9362333168561544,0.97327852004111,0.901904761904762,1050.0,0.965451055662188,0.9729206963249516,0.958095238095238,1050.0
fp16,5,0.1749123334884643,0.9478367567062378,0.1625294983386993,0.9511428475379944,0.9511428571428572,0.95114954965879,0.0003000000142492,55.68192261500008,49000.0,879.9983495325637,0.9589570255915018,0.9725759059745348,0.9457142857142856,1050.0,0.9563130100816132,0.9641819941916748,0.9485714285714286,1050.0,0.9282027217268888,0.9148936170212766,0.941904761904762,1050.0,0.9616104868913858,0.9456721915285452,0.978095238095238,1050.0,0.9331366764995084,0.9644308943089432,0.9038095238095238,1050.0,0.9622823984526112,0.9774066797642436,0.9476190476190476,1050.0,0.9305164319248824,0.9175925925925926,0.9438095238095238,1050.0,0.967252017085904,0.9640491958372752,0.9704761904761904,1050.0,0.9505416862929816,0.940354147250699,0.960952380952381,1050.0,0.9626830420406236,0.9550140581068416,0.9704761904761904,1050.0
fp16,6,0.1463077813386917,0.9567959308624268,0.1505596339702606,0.955142855644226,0.9551428571428572,0.9552137452010102,0.0003000000142492,55.806307359999664,49000.0,878.0369516998678,0.9596541786743517,0.9680232558139537,0.9514285714285714,1050.0,0.9599245638849598,0.9505135387488328,0.9695238095238096,1050.0,0.9365899483325504,0.9240037071362373,0.9495238095238095,1050.0,0.9646271510516252,0.9683301343570058,0.960952380952381,1050.0,0.9369627507163324,0.9396551724137931,0.9342857142857144,1050.0,0.9626394953905872,0.9812067260138476,0.9447619047619048,1050.0,0.9381443298969072,0.9234317343173432,0.9533333333333334,1050.0,0.9648711943793912,0.9493087557603688,0.9809523809523808,1050.0,0.956689124157844,0.9669260700389104,0.9466666666666668,1050.0,0.9720347155255544,0.984375,0.96,1050.0
fp16,7,0.1225998178124427,0.9632040858268738,0.1405598819255828,0.9574285745620728,0.9574285714285716,0.9574768437378344,0.0003000000142492,55.84316275099991,49000.0,877.457464550978,0.9635854341736696,0.945054945054945,0.9828571428571428,1050.0,0.9578284052350944,0.9753208292201382,0.940952380952381,1050.0,0.9455782312925172,0.9652777777777778,0.9266666666666666,1050.0,0.9608404966571156,0.9636015325670498,0.958095238095238,1050.0,0.9402914903620122,0.9285051067780872,0.9523809523809524,1050.0,0.962715105162524,0.9664107485604606,0.959047619047619,1050.0,0.9391955098222636,0.9227941176470588,0.956190476190476,1050.0,0.9725829725829724,0.9825072886297376,0.9628571428571427,1050.0,0.9585296889726672,0.9486940298507462,0.9685714285714284,1050.0,0.973621103117506,0.9806763285024156,0.9666666666666668,1050.0
fp16,8,0.1083928570151329,0.9670612215995787,0.1377421021461486,0.959999978542328,0.96,0.9600235572017264,0.0003000000142492,55.8165886630004,49000.0,877.8752190651348,0.969928400954654,0.9722488038277513,0.9676190476190476,1050.0,0.964200477326969,0.9665071770334928,0.961904761904762,1050.0,0.9475232957332026,0.9767441860465116,0.92,1050.0,0.960576923076923,0.9699029126213592,0.9514285714285714,1050.0,0.9474698795180724,0.9590243902439024,0.9361904761904762,1050.0,0.9593188268684958,0.9530075187969924,0.9657142857142856,1050.0,0.9398806792106472,0.9069973427812223,0.9752380952380952,1050.0,0.9721303731695796,0.9643861293345828,0.98,1050.0,0.9611742424242424,0.955743879472693,0.9666666666666668,1050.0,0.9780324737344794,0.9808429118773946,0.9752380952380952,1050.0
fp16,9,0.0954116433858871,0.9717347025871276,0.1230515837669372,0.9642857313156128,0.9642857142857142,0.96429552871967,0.0003000000142492,56.22980120200009,49000.0,871.4240305416032,0.9700193423597678,0.9852652259332024,0.9552380952380952,1050.0,0.9730250481695568,0.9844054580896686,0.961904761904762,1050.0,0.950143815915628,0.9565637065637066,0.9438095238095238,1050.0,0.9643527204502816,0.9500924214417744,0.979047619047619,1050.0,0.9531027948839412,0.9481621112158342,0.958095238095238,1050.0,0.9634146341463417,0.9491682070240296,0.978095238095238,1050.0,0.9538315088053309,0.9533777354900096,0.9542857142857144,1050.0,0.9757489300998572,0.9743589743589745,0.9771428571428572,1050.0,0.9644230769230768,0.9737864077669904,0.9552380952380952,1050.0,0.974893415442918,0.9698397737983034,0.98,1050.0
fp16,10,0.0843895897269249,0.9746122360229492,0.1396110206842422,0.9599047899246216,0.959904761904762,0.9599754877240873,0.0003000000142492,54.04938240499996,49000.0,906.5783514941172,0.9698420296792724,0.97497593840231,0.9647619047619048,1050.0,0.9675881792183032,0.9685114503816794,0.9666666666666668,1050.0,0.9330254041570438,0.905829596412556,0.961904761904762,1050.0,0.96171802054155,0.9432234432234432,0.9809523809523808,1050.0,0.9490538573508004,0.9673590504451038,0.9314285714285714,1050.0,0.9684619116933528,0.987141444114738,0.9504761904761904,1050.0,0.9421487603305784,0.9622641509433962,0.9228571428571428,1050.0,0.974088291746641,0.9816247582205028,0.9666666666666668,1050.0,0.9592969472710454,0.9325539568345323,0.9876190476190476,1050.0,0.9745314752522828,0.9835111542192048,0.9657142857142856,1050.0
fp16,11,0.0764941647648811,0.9776734709739684,0.1258592754602432,0.9637143015861512,0.9637142857142856,0.9637606115427472,0.0003000000142492,54.2596896619998,49000.0,903.0645089427526,0.971563981042654,0.9669811320754716,0.9761904761904762,1050.0,0.9689320388349514,0.988118811881188,0.9504761904761904,1050.0,0.9503614457831324,0.9619512195121952,0.939047619047619,1050.0,0.96875,0.963276836158192,0.9742857142857144,1050.0,0.9478138222849084,0.935933147632312,0.96,1050.0,0.9669260700389104,0.9880715705765408,0.9466666666666668,1050.0,0.9491367242183856,0.9304666056724612,0.9685714285714284,1050.0,0.9702970297029702,0.9607843137254902,0.98,1050.0,0.9658767772511848,0.9613207547169812,0.9704761904761904,1050.0,0.977948226270374,0.9845559845559846,0.9714285714285714,1050.0
fp16,12,0.0642571598291397,0.9801836609840392,0.1248199865221977,0.9655238389968872,0.9655238095238096,0.9655601549317724,0.0003000000142492,54.041207865000615,49000.0,906.715485012956,0.9706589706589708,0.9805636540330418,0.960952380952381,1050.0,0.9731285988483686,0.9806576402321084,0.9657142857142856,1050.0,0.945831370701837,0.9356943150046598,0.956190476190476,1050.0,0.9688972667295004,0.9589552238805972,0.979047619047619,1050.0,0.9591254752851712,0.9573055028462998,0.960952380952381,1050.0,0.9707714422616196,0.9768563162970106,0.9647619047619048,1050.0,0.9506641366223908,0.947069943289225,0.9542857142857144,1050.0,0.9712941176470588,0.96,0.9828571428571428,1050.0,0.9648192771084336,0.9765853658536584,0.9533333333333334,1050.0,0.9804108934543716,0.9837008628954936,0.9771428571428572,1050.0
fp16,13,0.0580485202372074,0.9817959070205688,0.1224779933691024,0.965428590774536,0.9654285714285716,0.9654437518930288,0.0003000000142492,54.58711305199995,49000.0,897.6477644700199,0.9710703953712634,0.9833984375,0.959047619047619,1050.0,0.9644527595884004,0.9476102941176472,0.981904761904762,1050.0,0.9529243937232528,0.9515669515669516,0.9542857142857144,1050.0,0.969319271332694,0.975868725868726,0.9628571428571427,1050.0,0.9543529411764706,0.9432558139534885,0.9657142857142856,1050.0,0.9662387066096052,0.9648622981956316,0.9676190476190476,1050.0,0.9557266602502406,0.965953307392996,0.9457142857142856,1050.0,0.9762357414448668,0.97438330170778,0.978095238095238,1050.0,0.9683908045977012,0.9739884393063584,0.9628571428571427,1050.0,0.9757258448357926,0.9752616555661276,0.9761904761904762,1050.0
fp16,14,0.0575960613787174,0.9821836948394777,0.1258788406848907,0.9653333425521852,0.9653333333333334,0.9653167658916516,0.0003000000142492,54.910197296999286,49000.0,892.3661252748356,0.967529411764706,0.9562790697674418,0.979047619047619,1050.0,0.972168905950096,0.9796905222437138,0.9647619047619048,1050.0,0.9478219243657252,0.9528392685274302,0.9428571428571428,1050.0,0.9665567593028732,0.956197576887232,0.9771428571428572,1050.0,0.9571084337349398,0.968780487804878,0.9457142857142856,1050.0,0.960820895522388,0.9414990859232176,0.9809523809523808,1050.0,0.9539505574406204,0.9713721618953604,0.9371428571428572,1050.0,0.9793962625778628,0.9855351976856316,0.9733333333333334,1050.0,0.9664302600472812,0.95962441314554,0.9733333333333334,1050.0,0.981384248210024,0.983732057416268,0.979047619047619,1050.0
fp16,15,0.0482799559831619,0.9845918416976928,0.1301594227552414,0.966095209121704,0.966095238095238,0.966098812111516,0.0003000000142492,54.214598796000246,49000.0,903.8155974256704,0.9755395683453236,0.982608695652174,0.9685714285714284,1050.0,0.957825679475164,0.9428044280442804,0.9733333333333334,1050.0,0.956605593056895,0.96875,0.9447619047619048,1050.0,0.9763257575757576,0.9708097928436912,0.981904761904762,1050.0,0.9544573643410852,0.9714003944773176,0.938095238095238,1050.0,0.9713174526008752,0.9920556107249257,0.9514285714285714,1050.0,0.9533678756476685,0.9431500465983224,0.9638095238095238,1050.0,0.9678621332091292,0.9471285323609844,0.9895238095238096,1050.0,0.9700996677740864,0.9668874172185432,0.9733333333333334,1050.0,0.977587029089175,0.9789875835721108,0.9761904761904762,1050.0
fp16,16,0.0425015687942504,0.9866938591003418,0.123544156551361,0.9685714244842528,0.9685714285714284,0.968570486343781,0.0003000000142492,54.67210092799996,49000.0,896.2523694586057,0.9709193245778612,0.9565619223659888,0.9857142857142858,1050.0,0.9673140691615348,0.9622997172478792,0.9723809523809523,1050.0,0.9587178241864984,0.9781962338949456,0.94,1050.0,0.9728442115292996,0.973307912297426,0.9723809523809523,1050.0,0.958095238095238,0.958095238095238,0.958095238095238,1050.0,0.9740384615384616,0.983495145631068,0.9647619047619048,1050.0,0.957919621749409,0.9511737089201878,0.9647619047619048,1050.0,0.9778633301251204,0.9883268482490272,0.9676190476190476,1050.0,0.9679547596606974,0.9580223880597016,0.978095238095238,1050.0,0.9800380228136882,0.978178368121442,0.981904761904762,1050.0
fp16,17,0.0400366485118866,0.9872857332229614,0.132627323269844,0.9665714502334596,0.9665714285714284,0.9665455066507528,0.0003000000142492,54.57819192700026,49000.0,897.794490252421,0.9719181342217992,0.9714557564224549,0.9723809523809523,1050.0,0.9698736637512148,0.9900793650793652,0.9504761904761904,1050.0,0.9530137636449928,0.9498580889309366,0.956190476190476,1050.0,0.9686769518466573,0.9513314967860422,0.9866666666666668,1050.0,0.9564796905222436,0.9715127701375246,0.941904761904762,1050.0,0.9713740458015266,0.9732313575525812,0.9695238095238096,1050.0,0.956689124157844,0.9669260700389104,0.9466666666666668,1050.0,0.9687645687645688,0.9488584474885844,0.9895238095238096,1050.0,0.970042796005706,0.9686609686609686,0.9714285714285714,1050.0,0.9786223277909738,0.976303317535545,0.9809523809523808,1050.0
fp16,18,0.0390895381569862,0.9879999756813048,0.1191968023777008,0.970380961894989,0.9703809523809525,0.9703993007428212,0.0003000000142492,53.88876114300001,49000.0,909.2805060033368,0.9755630091039772,0.9816779170684669,0.9695238095238096,1050.0,0.9740634005763688,0.9825581395348836,0.9657142857142856,1050.0,0.9621828626136908,0.9672762271414822,0.9571428571428572,1050.0,0.975909305621162,0.9681349578256796,0.9838095238095238,1050.0,0.958095238095238,0.958095238095238,0.958095238095238,1050.0,0.974927675988428,0.9873046875,0.9628571428571427,1050.0,0.9617590822179732,0.965451055662188,0.958095238095238,1050.0,0.965197215777262,0.9411764705882352,0.9904761904761904,1050.0,0.9730496453900708,0.9661971830985916,0.98,1050.0,0.9832455720440404,0.9884504331087584,0.978095238095238,1050.0
fp16,19,0.0308331698179245,0.9903469681739808,0.1410122066736221,0.96704763174057,0.967047619047619,0.967048383407714,0.0003000000142492,54.46006427100019,49000.0,899.7418687603779,0.9745803357314148,0.9816425120772948,0.9676190476190476,1050.0,0.9759152215799614,0.9873294346978556,0.9647619047619048,1050.0,0.9511616880037932,0.947119924457035,0.9552380952380952,1050.0,0.9619666048237476,0.9376130198915008,0.9876190476190476,1050.0,0.9584541062801932,0.9725490196078432,0.9447619047619048,1050.0,0.9650283553875236,0.9577861163227016,0.9723809523809523,1050.0,0.9568170790878214,0.9752720079129574,0.939047619047619,1050.0,0.9777356702984368,0.9726672950047124,0.9828571428571428,1050.0,0.9703250117757888,0.9599254426840632,0.9809523809523808,1050.0,0.9784997611084568,0.9817833173537872,0.9752380952380952,1050.0
fp16,20,0.0316279157996177,0.9896734952926636,0.1385031789541244,0.9675238132476808,0.9675238095238096,0.9675833356986558,0.0003000000142492,57.44006111699946,49000.0,853.0631591806992,0.9763928234183192,0.9681647940074908,0.9847619047619048,1050.0,0.9763170613823102,0.9911678115799804,0.961904761904762,1050.0,0.9573141486810552,0.9642512077294686,0.9504761904761904,1050.0,0.9728442115292996,0.973307912297426,0.9723809523809523,1050.0,0.9578284052350944,0.9753208292201382,0.940952380952381,1050.0,0.9737720553171196,0.9751671442215856,0.9723809523809523,1050.0,0.9473684210526316,0.9193548387096774,0.9771428571428572,1050.0,0.966868875408306,0.9478499542543458,0.9866666666666668,1050.0,0.967339097022094,0.9757751937984496,0.959047619047619,1050.0,0.9797882579403272,0.990272373540856,0.9695238095238096,1050.0
fp16,21,0.0284595545381307,0.9913061261177064,0.1471745371818542,0.9664762020111084,0.9664761904761904,0.9665841647192022,0.0003000000142492,57.32566334900002,49000.0,854.7655122922314,0.9771863117870724,0.9753320683111956,0.979047619047619,1050.0,0.9641629847815416,0.994934143870314,0.9352380952380952,1050.0,0.9608127721335268,0.976401179941003,0.9457142857142856,1050.0,0.9729468599033816,0.9872549019607844,0.959047619047619,1050.0,0.9578947368421052,0.9625,0.9533333333333334,1050.0,0.9669811320754718,0.9579439252336448,0.9761904761904762,1050.0,0.948339483394834,0.9194991055456172,0.979047619047619,1050.0,0.9809885931558936,0.9791271347248576,0.9828571428571428,1050.0,0.9549218031278748,0.9234875444839856,0.9885714285714284,1050.0,0.9816069699903196,0.998031496062992,0.9657142857142856,1050.0
fp16,22,0.0287117604166269,0.99099999666214,0.1504086107015609,0.9640952348709106,0.964095238095238,0.9639930281309996,0.0003000000142492,58.93112214600024,49000.0,831.4791610212995,0.9699812382739212,0.955637707948244,0.9847619047619048,1050.0,0.9745559289486316,0.9825750242013552,0.9666666666666668,1050.0,0.944392082940622,0.9347014925373134,0.9542857142857144,1050.0,0.9695550351288056,0.9539170506912442,0.9857142857142858,1050.0,0.9525672371638142,0.978894472361809,0.9276190476190476,1050.0,0.9703065134099615,0.9759152215799616,0.9647619047619048,1050.0,0.944307540660424,0.9785495403472932,0.9123809523809524,1050.0,0.9743101807802096,0.973384030418251,0.9752380952380952,1050.0,0.9693251533742332,0.960710944808232,0.978095238095238,1050.0,0.9706293706293706,0.9506849315068492,0.9914285714285714,1050.0
fp16,23,0.0302886981517076,0.990408182144165,0.1252379715442657,0.9710476398468018,0.9710476190476192,0.9710467435702465,0.0003000000142492,59.01035395700001,49000.0,830.3627535551743,0.9780114722753346,0.9817658349328215,0.9742857142857144,1050.0,0.9706439393939392,0.9651600753295668,0.9761904761904762,1050.0,0.9644572526416906,0.9728682170542636,0.956190476190476,1050.0,0.978178368121442,0.9744801512287334,0.981904761904762,1050.0,0.9551675318546484,0.9466791393826004,0.9638095238095238,1050.0,0.9739884393063584,0.9853801169590644,0.9628571428571427,1050.0,0.960348162475822,0.975442043222004,0.9457142857142856,1050.0,0.9781576448243116,0.9753787878787878,0.9809523809523808,1050.0,0.969158878504673,0.9513761467889909,0.9876190476190476,1050.0,0.982355746304244,0.9837631327602674,0.9809523809523808,1050.0
fp16,24,0.0262799337506294,0.9915510416030884,0.1271518468856811,0.9707618951797484,0.9707619047619048,0.9707774649741548,0.0003000000142492,62.8068923740002,49000.0,780.1691525862573,0.973595775324052,0.9816069699903196,0.9657142857142856,1050.0,0.9759846301633044,0.9844961240310076,0.9676190476190476,1050.0,0.9596541786743517,0.9680232558139537,0.9514285714285714,1050.0,0.9762131303520456,0.9752851711026616,0.9771428571428572,1050.0,0.9600385170919596,0.9707887049659202,0.9495238095238095,1050.0,0.9702970297029702,0.9607843137254902,0.98,1050.0,0.9622285174693108,0.954119850187266,0.9704761904761904,1050.0,0.9799809342230698,0.9809160305343512,0.979047619047619,1050.0,0.9641360037261296,0.9434822242479488,0.9857142857142858,1050.0,0.985645933014354,0.9903846153846154,0.9809523809523808,1050.0
fp16,25,0.0229377336800098,0.9925714135169984,0.1542359292507171,0.9667618870735168,0.9667619047619048,0.9667936736630072,0.0003000000142492,60.27465677700002,49000.0,812.9453176529365,0.9766332856461613,0.9780324737344794,0.9752380952380952,1050.0,0.9601113172541744,0.9358047016274864,0.9857142857142858,1050.0,0.9561403508771928,0.9790419161676648,0.9342857142857144,1050.0,0.9768321513002364,0.9699530516431925,0.9838095238095238,1050.0,0.9567307692307692,0.9660194174757282,0.9476190476190476,1050.0,0.9755395683453236,0.982608695652174,0.9685714285714284,1050.0,0.9510489510489512,0.9315068493150684,0.9714285714285714,1050.0,0.9703529411764706,0.9590697674418605,0.981904761904762,1050.0,0.9673076923076924,0.9766990291262136,0.958095238095238,1050.0,0.9772397094430992,0.994088669950739,0.960952380952381,1050.0
fp16,26,0.020041923969984,0.9940000176429749,0.1344183981418609,0.9706666469573976,0.9706666666666668,0.970694159135898,0.0003000000142492,61.32779386499988,49000.0,798.985205759449,0.977121067683508,0.9780534351145038,0.9761904761904762,1050.0,0.9748549323017408,0.9901768172888016,0.96,1050.0,0.955785512699906,0.9442379182156134,0.9676190476190476,1050.0,0.9751434034416826,0.9788867562380038,0.9714285714285714,1050.0,0.9610894941634242,0.9821073558648112,0.940952380952381,1050.0,0.971158392434988,0.964319248826291,0.978095238095238,1050.0,0.955868544600939,0.9425925925925924,0.9695238095238096,1050.0,0.9800947867298578,0.9754716981132076,0.9847619047619048,1050.0,0.9725638599810784,0.9661654135338346,0.979047619047619,1050.0,0.9832615973218556,0.9875120076849184,0.979047619047619,1050.0
fp16,27,0.0231444910168647,0.9925510287284852,0.1263699829578399,0.972000002861023,0.972,0.9719738500918922,0.0003000000142492,63.02977416200065,49000.0,777.4103691702752,0.978763567720623,0.9700654817586528,0.9876190476190476,1050.0,0.9743101807802096,0.973384030418251,0.9752380952380952,1050.0,0.9586374695863747,0.9800995024875622,0.938095238095238,1050.0,0.9744075829383886,0.969811320754717,0.979047619047619,1050.0,0.9622190339550456,0.9663784822286264,0.958095238095238,1050.0,0.9716981132075472,0.9626168224299064,0.9809523809523808,1050.0,0.9640831758034026,0.9568480300187616,0.9714285714285714,1050.0,0.9766109785202864,0.9789473684210528,0.9742857142857144,1050.0,0.9757949691504508,0.9725638599810784,0.979047619047619,1050.0,0.9832134292565946,0.9903381642512076,0.9761904761904762,1050.0
fp16,28,0.0230968222022056,0.9923469424247742,0.1402357518672943,0.969523787498474,0.9695238095238096,0.9695121557923514,0.0003000000142492,61.13114966699959,49000.0,801.555348900164,0.981384248210024,0.983732057416268,0.979047619047619,1050.0,0.973102785782901,0.9815891472868216,0.9647619047619048,1050.0,0.9594924353343096,0.983983983983984,0.9361904761904762,1050.0,0.9745803357314148,0.9816425120772948,0.9676190476190476,1050.0,0.9625,0.9718446601941748,0.9533333333333334,1050.0,0.9679849340866288,0.957169459962756,0.979047619047619,1050.0,0.9614835948644792,0.96011396011396,0.9628571428571427,1050.0,0.9728209934395502,0.9575645756457564,0.9885714285714284,1050.0,0.9646511627906976,0.9427272727272727,0.9876190476190476,1050.0,0.977121067683508,0.9780534351145038,0.9761904761904762,1050.0
fp16,29,0.0236851200461387,0.9923673272132874,0.1227111220359802,0.9744762182235718,0.9744761904761904,0.9744869717654336,0.0003000000142492,59.61324308700023,49000.0,821.9650108364152,0.9795140543115768,0.9799809342230696,0.979047619047619,1050.0,0.9807877041306436,0.9893410852713178,0.9723809523809523,1050.0,0.962536023054755,0.9709302325581396,0.9542857142857144,1050.0,0.975954738330976,0.9663865546218487,0.9857142857142858,1050.0,0.9675262655205348,0.9703065134099615,0.9647619047619048,1050.0,0.9771428571428572,0.9771428571428572,0.9771428571428572,1050.0,0.9673758865248228,0.9605633802816902,0.9742857142857144,1050.0,0.9737089201877932,0.9601851851851853,0.9876190476190476,1050.0,0.9742857142857144,0.9742857142857144,0.9742857142857144,1050.0,0.9860375541646608,0.997078870496592,0.9752380952380952,1050.0
fp16,30,0.0156652387231588,0.994897961616516,0.1277539581060409,0.9728571176528932,0.972857142857143,0.9728421417750184,0.0003000000142492,60.91820562500016,49000.0,804.3572442306302,0.9785202863961812,0.9808612440191388,0.9761904761904762,1050.0,0.975702715578847,0.9761677788369876,0.9752380952380952,1050.0,0.9616122840690978,0.9690522243713732,0.9542857142857144,1050.0,0.9814550641940084,0.98005698005698,0.9828571428571428,1050.0,0.9623188405797102,0.976470588235294,0.9485714285714286,1050.0,0.9701280227596016,0.9660056657223796,0.9742857142857144,1050.0,0.9613572101790764,0.9514925373134328,0.9714285714285714,1050.0,0.9772727272727272,0.9717514124293786,0.9828571428571428,1050.0,0.979047619047619,0.979047619047619,0.979047619047619,1050.0,0.9810066476733144,0.978219696969697,0.9838095238095238,1050.0
fp16,31,0.0157730691134929,0.9948775768280028,0.1305650919675827,0.9726666808128356,0.9726666666666668,0.9726582390755698,0.0003000000142492,61.06941324500076,49000.0,802.3656589497562,0.9764536280634312,0.98545101842871,0.9676190476190476,1050.0,0.9775227164036346,0.9817483189241114,0.9733333333333334,1050.0,0.9611137782045128,0.969022265246854,0.9533333333333334,1050.0,0.9782813975448535,0.9700374531835206,0.9866666666666668,1050.0,0.9627507163323782,0.9655172413793104,0.96,1050.0,0.9722352941176472,0.9609302325581396,0.9838095238095238,1050.0,0.96186844613918,0.9627862595419848,0.960952380952381,1050.0,0.977777777777778,0.9708920187793428,0.9847619047619048,1050.0,0.974893415442918,0.9698397737983034,0.98,1050.0,0.9836852207293666,0.9912959381044488,0.9761904761904762,1050.0
fp16,32,0.0135493576526641,0.9959183931350708,0.148687794804573,0.9682857394218444,0.9682857142857144,0.9683341650564378,0.0003000000142492,58.27783926600023,49000.0,840.7998755126634,0.9776934029425725,0.9744560075685904,0.9809523809523808,1050.0,0.9692089057318808,0.9641847313854854,0.9742857142857144,1050.0,0.9599618684461392,0.96087786259542,0.959047619047619,1050.0,0.9809885931558936,0.9791271347248576,0.9828571428571428,1050.0,0.9530266343825664,0.9694581280788176,0.9371428571428572,1050.0,0.9682313892840207,0.9641170915958452,0.9723809523809523,1050.0,0.9473684210526316,0.9193548387096774,0.9771428571428572,1050.0,0.9770114942528736,0.9826589595375722,0.9714285714285714,1050.0,0.9680851063829788,0.9833005893909628,0.9533333333333334,1050.0,0.9817658349328215,0.9893617021276596,0.9742857142857144,1050.0
fp16,33,0.0208459682762622,0.9931224584579468,0.1295100897550583,0.9730476140975952,0.973047619047619,0.9730710954263992,0.0003000000142492,57.09885384900008,49000.0,858.160833308182,0.9814020028612304,0.982808022922636,0.98,1050.0,0.9733333333333334,0.9733333333333334,0.9733333333333334,1050.0,0.9592417061611376,0.9547169811320756,0.9638095238095238,1050.0,0.9784585926280516,0.983638113570741,0.9733333333333334,1050.0,0.9599245638849598,0.9505135387488328,0.9695238095238096,1050.0,0.973938223938224,0.987279843444227,0.960952380952381,1050.0,0.9657794676806084,0.9639468690702088,0.9676190476190476,1050.0,0.98292220113852,0.9792060491493384,0.9866666666666668,1050.0,0.9728700618752976,0.972407231208373,0.9733333333333334,1050.0,0.9828408007626313,0.9837786259541984,0.981904761904762,1050.0
fp16,34,0.0165436267852783,0.9945714473724364,0.13636314868927,0.9730476140975952,0.973047619047619,0.9730283251439784,0.0003000000142492,57.810520017999806,49000.0,847.596596341694,0.9800947867298578,0.9754716981132076,0.9847619047619048,1050.0,0.9774580335731416,0.9845410628019324,0.9704761904761904,1050.0,0.961593172119488,0.9575070821529744,0.9657142857142856,1050.0,0.976875884851345,0.9681945743685688,0.9857142857142858,1050.0,0.9583736689254598,0.9744094488188976,0.9428571428571428,1050.0,0.9716209716209716,0.9815354713313896,0.961904761904762,1050.0,0.9673140691615348,0.9622997172478792,0.9723809523809523,1050.0,0.976875884851345,0.9681945743685688,0.9857142857142858,1050.0,0.9774011299435028,0.9664804469273744,0.9885714285714284,1050.0,0.9826756496631376,0.9931906614785992,0.9723809523809523,1050.0
fp16,35,0.0102064460515975,0.9970408082008362,0.1241850033402443,0.973809540271759,0.973809523809524,0.973817253911677,0.0003000000142492,57.256478106999566,49000.0,855.7983588936426,0.9793962625778628,0.9855351976856316,0.9733333333333334,1050.0,0.9750479846449136,0.9825918762088974,0.9676190476190476,1050.0,0.9633911368015414,0.9746588693957114,0.9523809523809524,1050.0,0.9805410536307546,0.977294228949858,0.9838095238095238,1050.0,0.9636621047663992,0.9550982226379794,0.9723809523809523,1050.0,0.9761904761904762,0.9761904761904762,0.9761904761904762,1050.0,0.9645054424988168,0.9586077140169332,0.9704761904761904,1050.0,0.9785612196283944,0.9790276453765492,0.978095238095238,1050.0,0.974068835454974,0.9645191409897292,0.9838095238095238,1050.0,0.982808022922636,0.985632183908046,0.98,1050.0
fp16,36,0.0188180841505527,0.9941224455833436,0.1313312798738479,0.972000002861023,0.972,0.971973000272684,0.0003000000142492,57.74586789499972,49000.0,848.5455632790474,0.9785612196283944,0.9790276453765492,0.978095238095238,1050.0,0.9708920187793428,0.9574074074074074,0.9847619047619048,1050.0,0.9619643716899374,0.9727361246348588,0.9514285714285714,1050.0,0.9782608695652174,0.9709193245778612,0.9857142857142858,1050.0,0.9627479438800194,0.9783677482792528,0.9476190476190476,1050.0,0.9747016706443914,0.9770334928229664,0.9723809523809523,1050.0,0.9672762271414822,0.9776264591439688,0.9571428571428572,1050.0,0.9746001881467544,0.9628252788104088,0.9866666666666668,1050.0,0.9704086425551902,0.9573679332715476,0.9838095238095238,1050.0,0.9803168506961114,0.9883833494675702,0.9723809523809523,1050.0
fp16,37,0.0141793936491012,0.9952244758605956,0.1285682171583175,0.973714292049408,0.973714285714286,0.973716666770558,0.0003000000142492,59.78675666500021,49000.0,819.5794977566513,0.9789473684210528,0.983653846153846,0.9742857142857144,1050.0,0.976588628762542,0.9798657718120806,0.9733333333333334,1050.0,0.9625719769673704,0.970019342359768,0.9552380952380952,1050.0,0.9763257575757576,0.9708097928436912,0.981904761904762,1050.0,0.966281310211946,0.9775828460038988,0.9552380952380952,1050.0,0.9753554502369668,0.970754716981132,0.98,1050.0,0.9625117150890348,0.9474169741697416,0.978095238095238,1050.0,0.9791271347248576,0.9754253308128544,0.9828571428571428,1050.0,0.9799043062200956,0.9846153846153848,0.9752380952380952,1050.0,0.9795530194959582,0.9781576448243114,0.9809523809523808,1050.0
fp16,38,0.013476307503879,0.9955714344978333,0.1279784142971038,0.9751428365707396,0.9751428571428572,0.9751665409265602,0.0003000000142492,53.62325079099992,49000.0,913.7827206892148,0.9810964083175804,0.9737335834896812,0.9885714285714284,1050.0,0.9812770043206912,0.989351403678606,0.9733333333333334,1050.0,0.9648622981956316,0.9621212121212122,0.9676190476190476,1050.0,0.978927203065134,0.9845857418111752,0.9733333333333334,1050.0,0.9668560606060608,0.9613935969868174,0.9723809523809523,1050.0,0.9689849624060152,0.9564007421150278,0.981904761904762,1050.0,0.9637058261700095,0.9664750957854408,0.960952380952381,1050.0,0.9842331581462016,0.987535953978907,0.9809523809523808,1050.0,0.9770334928229664,0.9817307692307692,0.9723809523809523,1050.0,0.984688995215311,0.989423076923077,0.98,1050.0
fp16,39,0.0138206938281655,0.9951428771018982,0.1286907643079757,0.9733333587646484,0.9733333333333334,0.973292418954276,0.0003000000142492,58.87030375300037,49000.0,832.3381548290836,0.9792843691148776,0.968342644320298,0.9904761904761904,1050.0,0.97495183044316,0.98635477582846,0.9638095238095238,1050.0,0.9591439688715954,0.9801192842942346,0.939047619047619,1050.0,0.9791271347248576,0.9754253308128544,0.9828571428571428,1050.0,0.9582146248812916,0.9554924242424242,0.960952380952381,1050.0,0.9781368821292776,0.976280834914611,0.98,1050.0,0.960381861575179,0.9626794258373206,0.958095238095238,1050.0,0.985645933014354,0.9903846153846154,0.9809523809523808,1050.0,0.9769411764705882,0.9655813953488372,0.9885714285714284,1050.0,0.9810964083175804,0.9737335834896812,0.9885714285714284,1050.0
fp16,40,0.0131367435678839,0.9957550764083862,0.1282307356595993,0.9751428365707396,0.9751428571428572,0.9751593344261016,0.0003000000142492,55.90516417699928,49000.0,876.4843234314259,0.9802219006271105,0.9931573802541545,0.9676190476190476,1050.0,0.9787032654992902,0.9727187206020697,0.9847619047619048,1050.0,0.9644230769230768,0.9737864077669904,0.9552380952380952,1050.0,0.9774011299435028,0.9664804469273744,0.9885714285714284,1050.0,0.9633113828786452,0.9516728624535316,0.9752380952380952,1050.0,0.9774580335731416,0.9845410628019324,0.9704761904761904,1050.0,0.9662387066096052,0.9648622981956316,0.9676190476190476,1050.0,0.9810246679316889,0.9773156899810964,0.9847619047619048,1050.0,0.978240302743614,0.9718045112781954,0.9847619047619048,1050.0,0.9845708775313404,0.9970703125,0.9723809523809523,1050.0
fp16,41,0.0097604002803564,0.996591866016388,0.1405871510505676,0.9731428623199464,0.9731428571428572,0.973109001022126,0.0003000000142492,52.27554882499953,49000.0,937.3407090193364,0.9786426198386332,0.9754020813623464,0.981904761904762,1050.0,0.9752616555661274,0.9743346007604564,0.9761904761904762,1050.0,0.963959634790966,0.9728419010669254,0.9552380952380952,1050.0,0.9751290473955888,0.9611470860314524,0.9895238095238096,1050.0,0.9628543499511242,0.9889558232931728,0.938095238095238,1050.0,0.9759384023099136,0.9863813229571984,0.9657142857142856,1050.0,0.9682313892840207,0.9641170915958452,0.9723809523809523,1050.0,0.9728718428437793,0.9558823529411764,0.9904761904761904,1050.0,0.9763481551561022,0.9699248120300752,0.9828571428571428,1050.0,0.9818529130850048,0.9846743295019156,0.979047619047619,1050.0
fp16,42,0.0125084966421127,0.996387779712677,0.1354963928461074,0.9736190438270568,0.9736190476190476,0.9736223626943592,0.0003000000142492,52.65160140599983,49000.0,930.6459574165256,0.9813664596273292,0.9846596356663472,0.978095238095238,1050.0,0.9779058597502402,0.9864341085271318,0.9695238095238096,1050.0,0.963172804532578,0.9550561797752808,0.9714285714285714,1050.0,0.9735599622285176,0.9653558052434456,0.981904761904762,1050.0,0.9674641148325358,0.9721153846153846,0.9628571428571427,1050.0,0.9683301343570058,0.9758220502901354,0.960952380952381,1050.0,0.963531669865643,0.9709864603481624,0.956190476190476,1050.0,0.9792256846081208,0.9709737827715356,0.9876190476190476,1050.0,0.9760900140646976,0.961218836565097,0.9914285714285714,1050.0,0.9855769230769232,0.9951456310679612,0.9761904761904762,1050.0
fp16,43,0.0073649804107844,0.9978163242340088,0.1454321146011352,0.9724761843681335,0.9724761904761904,0.9725204200936216,0.0003000000142492,52.660717626000405,49000.0,930.4848511180754,0.9796882380727444,0.971883786316776,0.9876190476190476,1050.0,0.9743092583616094,0.9921026653504442,0.9571428571428572,1050.0,0.966183574879227,0.9803921568627452,0.9523809523809524,1050.0,0.98005698005698,0.9772727272727272,0.9828571428571428,1050.0,0.9539748953974896,0.9318801089918256,0.9771428571428572,1050.0,0.9727403156384504,0.9769452449567724,0.9685714285714284,1050.0,0.9622285174693108,0.954119850187266,0.9704761904761904,1050.0,0.9794159885112492,0.9846005774783444,0.9742857142857144,1050.0,0.9747016706443914,0.9770334928229664,0.9723809523809523,1050.0,0.981904761904762,0.981904761904762,0.981904761904762,1050.0
fp16,44,0.0122582400217652,0.9959796071052552,0.1365215480327606,0.974571406841278,0.9745714285714284,0.974549158082113,0.0003000000142492,52.76946285699978,49000.0,928.5673445792944,0.979591836734694,0.9763481551561022,0.9828571428571428,1050.0,0.977969348659004,0.9836223506743738,0.9723809523809523,1050.0,0.9645114244044726,0.9851042701092354,0.9447619047619048,1050.0,0.9750822755054068,0.9628597957288764,0.9876190476190476,1050.0,0.9665071770334928,0.971153846153846,0.961904761904762,1050.0,0.9703808180535964,0.958217270194986,0.9828571428571428,1050.0,0.9698996655518394,0.9731543624161074,0.9666666666666668,1050.0,0.9828734538534728,0.9819391634980988,0.9838095238095238,1050.0,0.977777777777778,0.9708920187793428,0.9847619047619048,1050.0,0.9808978032473734,0.9837164750957854,0.978095238095238,1050.0
fp16,45,0.0113774659112095,0.996387779712677,0.1383501142263412,0.9748571515083312,0.9748571428571428,0.97488504606112,0.0003000000142492,52.97175764999975,49000.0,925.0212221342108,0.9803921568627452,0.9846301633045148,0.9761904761904762,1050.0,0.9797492767598842,0.9921875,0.9676190476190476,1050.0,0.9640151515151516,0.9585687382297552,0.9695238095238096,1050.0,0.9795724465558197,0.9772511848341232,0.981904761904762,1050.0,0.965419232591189,0.9604147031102732,0.9704761904761904,1050.0,0.9747498808956648,0.9752144899904672,0.9742857142857144,1050.0,0.9679885332059244,0.9712368168744008,0.9647619047619048,1050.0,0.9723394280356306,0.9575253924284396,0.9876190476190476,1050.0,0.9804668889947594,0.98093422306959,0.98,1050.0,0.9841574651944311,0.9922555663117134,0.9761904761904762,1050.0
fp16,46,0.0165322721004486,0.9945102334022522,0.1610687524080276,0.9689523577690125,0.9689523809523808,0.9689602390236975,0.0003000000142492,52.71182963699994,49000.0,929.5826067400532,0.9751290473955888,0.9611470860314524,0.9895238095238096,1050.0,0.9747257987601337,0.9761222540592168,0.9733333333333334,1050.0,0.9595103578154426,0.9487895716945997,0.9704761904761904,1050.0,0.9780114722753346,0.9817658349328215,0.9742857142857144,1050.0,0.9616318601262748,0.981169474727453,0.9428571428571428,1050.0,0.9654164637116416,0.9880358923230308,0.9438095238095238,1050.0,0.9620374819798174,0.97090203685742,0.9533333333333334,1050.0,0.9651324965132496,0.9427792915531336,0.9885714285714284,1050.0,0.9678621332091292,0.9471285323609844,0.9895238095238096,1050.0,0.9801452784503633,0.9970443349753696,0.9638095238095238,1050.0
fp16,47,0.0094817029312253,0.996999979019165,0.1300928592681884,0.9749523997306824,0.974952380952381,0.9749678218039086,0.0003000000142492,53.20782742699976,49000.0,920.9171351193992,0.9789875835721108,0.9818007662835248,0.9761904761904762,1050.0,0.9808978032473734,0.9837164750957854,0.978095238095238,1050.0,0.9667300380228138,0.9648956356736242,0.9685714285714284,1050.0,0.9801136363636362,0.9745762711864406,0.9857142857142858,1050.0,0.9672447013487476,0.9785575048732944,0.956190476190476,1050.0,0.9635854341736696,0.945054945054945,0.9828571428571428,1050.0,0.9654841802492808,0.972007722007722,0.959047619047619,1050.0,0.9824727617243012,0.9773798303487276,0.9876190476190476,1050.0,0.9790874524714828,0.9772296015180264,0.9809523809523808,1050.0,0.9850746268656716,0.9961051606621228,0.9742857142857144,1050.0
fp16,48,0.0075884973630309,0.9975510239601136,0.1638554632663726,0.9694285988807678,0.9694285714285716,0.9694494865669336,0.0003000000142492,52.21469111900024,49000.0,938.4332062469972,0.9828408007626313,0.9837786259541984,0.981904761904762,1050.0,0.976271186440678,0.993103448275862,0.96,1050.0,0.9560975609756096,0.98,0.9333333333333332,1050.0,0.9662261380323054,0.9939577039274924,0.94,1050.0,0.9545667447306792,0.9391705069124424,0.9704761904761904,1050.0,0.9679245283018868,0.9588785046728971,0.9771428571428572,1050.0,0.9646393210749648,0.9551820728291316,0.9742857142857144,1050.0,0.9814374107567824,0.9809705042816366,0.981904761904762,1050.0,0.9625520110957004,0.935309973045822,0.9914285714285714,1050.0,0.981939163498099,0.9800759013282732,0.9838095238095238,1050.0
fp16,49,0.0122541803866624,0.9960612058639526,0.1589498668909073,0.9716190695762634,0.9716190476190476,0.9716351168736292,0.0003000000142492,52.50449284000024,49000.0,933.2534674569724,0.9768102224325604,0.9708372530573848,0.9828571428571428,1050.0,0.9768563162970106,0.9892578125,0.9647619047619048,1050.0,0.966183574879227,0.9803921568627452,0.9523809523809524,1050.0,0.9765037593984962,0.963821892393321,0.9895238095238096,1050.0,0.9640632486823192,0.970106075216972,0.958095238095238,1050.0,0.9658399625643426,0.9494020239190432,0.9828571428571428,1050.0,0.9682915286322764,0.9623706491063028,0.9742857142857144,1050.0,0.9682835820895525,0.9488117001828154,0.9885714285714284,1050.0,0.970402717127608,0.9891196834817012,0.9523809523809524,1050.0,0.9831162566328993,0.9960899315738024,0.9704761904761904,1050.0
fp16,50,0.0095075303688645,0.9966734647750854,0.1433631628751754,0.9740952253341676,0.974095238095238,0.9741189537461512,0.0003000000142492,52.44915037499959,49000.0,934.2382030912048,0.9800947867298578,0.9754716981132076,0.9847619047619048,1050.0,0.9737354085603112,0.9950298210735586,0.9533333333333334,1050.0,0.9595103578154426,0.9487895716945997,0.9704761904761904,1050.0,0.9803733843944472,0.985563041385948,0.9752380952380952,1050.0,0.9612842304060436,0.9531835205992508,0.9695238095238096,1050.0,0.9778633301251204,0.9883268482490272,0.9676190476190476,1050.0,0.968481375358166,0.971264367816092,0.9657142857142856,1050.0,0.9801136363636362,0.9745762711864406,0.9857142857142858,1050.0,0.976875884851345,0.9681945743685688,0.9857142857142858,1050.0,0.9828571428571428,0.9828571428571428,0.9828571428571428,1050.0
int8_qat,1,1.2118350267410278,0.5881020426750183,0.4082222282886505,0.8725714087486267,0.8725714285714286,0.8722789567962804,0.0003000000142492,46.674139500999445,49000.0,1049.8318881476273,0.9142300194931774,0.936127744510978,0.8933333333333333,1050.0,0.8780260707635009,0.8588342440801457,0.8980952380952381,1050.0,0.788002033553635,0.8451472191930207,0.7380952380952381,1050.0,0.9011194029850746,0.8829981718464351,0.92,1050.0,0.8383510884668828,0.8160504959422904,0.861904761904762,1050.0,0.9063893016344726,0.9442724458204336,0.8714285714285714,1050.0,0.8252788104089218,0.8058076225045372,0.8457142857142858,1050.0,0.9037238873751136,0.8637152777777778,0.9476190476190476,1050.0,0.8870576829859428,0.9032576505429416,0.8714285714285714,1050.0,0.880611270296084,0.8831417624521073,0.878095238095238,1050.0
int8_qat,2,0.4044824540615082,0.8779183626174927,0.2616177201271057,0.918666660785675,0.9186666666666664,0.9189027876331805,0.0003000000142492,21.94888784799969,49000.0,2232.4593546303813,0.9345707656612527,0.91131221719457,0.959047619047619,1050.0,0.9315866084425036,0.9495548961424332,0.9142857142857144,1050.0,0.8911290322580645,0.9464668094218416,0.8419047619047619,1050.0,0.9382022471910112,0.9226519337016574,0.9542857142857144,1050.0,0.8667563930013459,0.8193384223918575,0.92,1050.0,0.9381294964028776,0.944927536231884,0.9314285714285714,1050.0,0.8907641819034224,0.8771929824561403,0.9047619047619048,1050.0,0.9422610383309074,0.960435212660732,0.9247619047619048,1050.0,0.927734375,0.9519038076152304,0.9047619047619048,1050.0,0.9278937381404174,0.9243856332703214,0.9314285714285714,1050.0
int8_qat,3,0.2635644674301147,0.9217959046363832,0.2012564837932586,0.939809501171112,0.9398095238095238,0.9397090883560796,0.0003000000142492,24.28458559200044,49000.0,2017.740834586901,0.9505135387488328,0.9322344322344324,0.9695238095238096,1050.0,0.9491691104594332,0.9748995983935744,0.9247619047619048,1050.0,0.9051243023845764,0.968512486427796,0.8495238095238096,1050.0,0.9514837494112104,0.9412861136999068,0.961904761904762,1050.0,0.9211417513304306,0.9360865290068828,0.9066666666666666,1050.0,0.9527027027027024,0.9657534246575342,0.94,1050.0,0.913919413919414,0.8800705467372134,0.9504761904761904,1050.0,0.9648622981956316,0.9621212121212122,0.9676190476190476,1050.0,0.9315693430656932,0.8940455341506129,0.9723809523809523,1050.0,0.9566046733428708,0.9579751671442216,0.9552380952380952,1050.0
int8_qat,4,0.2076651155948639,0.9385306239128112,0.1648349016904831,0.9520000219345092,0.952,0.9519805467196214,0.0003000000142492,24.12340703799964,49000.0,2031.2222035143827,0.961225466730493,0.9663137632338789,0.956190476190476,1050.0,0.9500941619585688,0.9394785847299814,0.960952380952381,1050.0,0.933142311365807,0.935823754789272,0.9304761904761903,1050.0,0.9587772116720704,0.933273219116321,0.9857142857142858,1050.0,0.9361702127659576,0.950884086444008,0.921904761904762,1050.0,0.9631425800193988,0.9812252964426876,0.9457142857142856,1050.0,0.936936936936937,0.9329556185080264,0.940952380952381,1050.0,0.963720930232558,0.9418181818181818,0.9866666666666668,1050.0,0.9525179856115108,0.9594202898550724,0.9457142857142856,1050.0,0.9640776699029128,0.9831683168316832,0.9457142857142856,1050.0
int8_qat,5,0.1633400022983551,0.9527142643928528,0.1500217467546463,0.9561904668807985,0.956190476190476,0.9562140593050794,0.0003000000142492,23.69844253500014,49000.0,2067.6464256092813,0.96455938697318,0.9701348747591522,0.959047619047619,1050.0,0.9632107023411371,0.9664429530201344,0.96,1050.0,0.934720908230842,0.9285714285714286,0.940952380952381,1050.0,0.9587389893370424,0.934056007226739,0.9847619047619048,1050.0,0.9416304872165944,0.95405669599218,0.9295238095238096,1050.0,0.962819893771125,0.9764936336924585,0.9495238095238095,1050.0,0.9426386233269598,0.946257197696737,0.939047619047619,1050.0,0.971291866028708,0.9759615384615384,0.9666666666666668,1050.0,0.9542910447761194,0.9351005484460696,0.9742857142857144,1050.0,0.9682386910490856,0.9785992217898832,0.958095238095238,1050.0
int8_qat,6,0.1368619501590728,0.9599387645721436,0.1506031304597854,0.9574285745620728,0.9574285714285716,0.957433677787843,0.0003000000142492,23.952719905000777,49000.0,2045.696697257748,0.9664750957854406,0.9720616570327552,0.960952380952381,1050.0,0.9557021677662584,0.9458955223880596,0.9657142857142856,1050.0,0.9388154674498286,0.9657603222557906,0.9133333333333332,1050.0,0.9664302600472812,0.95962441314554,0.9733333333333334,1050.0,0.9432864760058168,0.9605133267522212,0.9266666666666666,1050.0,0.9646489104116224,0.98128078817734,0.9485714285714286,1050.0,0.9375573921028468,0.9051418439716312,0.9723809523809523,1050.0,0.969158878504673,0.9513761467889909,0.9876190476190476,1050.0,0.9612476370510395,0.954033771106942,0.9685714285714284,1050.0,0.9710144927536232,0.9852941176470588,0.9571428571428572,1050.0
int8_qat,7,0.1211661547422409,0.9637755155563354,0.1363529413938522,0.9588571190834044,0.9588571428571429,0.9588108791305776,0.0003000000142492,22.89424780300033,49000.0,2140.275602047885,0.965807962529274,0.9502304147465438,0.981904761904762,1050.0,0.963350785340314,0.9628924833491912,0.9638095238095238,1050.0,0.9420505200594352,0.9814241486068112,0.9057142857142856,1050.0,0.965088474414156,0.9692603266090298,0.960952380952381,1050.0,0.9430588235294118,0.932093023255814,0.9542857142857144,1050.0,0.9663784822286264,0.9748062015503876,0.958095238095238,1050.0,0.9439696106362772,0.9412878787878788,0.9466666666666668,1050.0,0.971675468074892,0.9796708615682478,0.9638095238095238,1050.0,0.9624765478424014,0.9482439926062848,0.9771428571428572,1050.0,0.964252116650988,0.9526022304832714,0.9761904761904762,1050.0
int8_qat,8,0.1024789735674858,0.970040798187256,0.1273224353790283,0.9636190533638,0.9636190476190476,0.9635700761857277,0.0003000000142492,22.29414452400033,49000.0,2197.8865323695195,0.9696969696969696,0.9642184557438794,0.9752380952380952,1050.0,0.9644230769230768,0.9737864077669904,0.9552380952380952,1050.0,0.9492337164750958,0.9547206165703276,0.9438095238095238,1050.0,0.9723282442748092,0.974187380497132,0.9704761904761904,1050.0,0.9494850416871016,0.9787664307381192,0.921904761904762,1050.0,0.9666348903717826,0.9675572519083968,0.9657142857142856,1050.0,0.9546313799621928,0.947467166979362,0.961904761904762,1050.0,0.975909305621162,0.9681349578256796,0.9838095238095238,1050.0,0.9614132961413296,0.9391462306993642,0.9847619047619048,1050.0,0.9719448407037566,0.9705603038936372,0.9733333333333334,1050.0
int8_qat,9,0.0900720059871673,0.9723673462867736,0.1363686174154281,0.9609524011611938,0.9609523809523808,0.9609290808429152,0.0003000000142492,22.59291063100045,49000.0,2168.821928271851,0.9616519174041298,0.9939024390243902,0.9314285714285714,1050.0,0.9515459160129212,0.9230080572963296,0.981904761904762,1050.0,0.9496124031007752,0.9664694280078896,0.9333333333333332,1050.0,0.9659037832788416,0.9477543538038496,0.9847619047619048,1050.0,0.940779971112181,0.9513145082765336,0.9304761904761903,1050.0,0.9670644391408112,0.969377990430622,0.9647619047619048,1050.0,0.9545023696682464,0.95,0.959047619047619,1050.0,0.975886524822695,0.9690140845070424,0.9828571428571428,1050.0,0.9685714285714284,0.9685714285714284,0.9685714285714284,1050.0,0.9737720553171196,0.9751671442215856,0.9723809523809523,1050.0
int8_qat,10,0.0822351798415184,0.9749387502670288,0.1163568869233131,0.9683809280395508,0.9683809523809522,0.9683814436411818,0.0003000000142492,23.33057500599989,49000.0,2100.2482788100483,0.9753086419753088,0.9725378787878788,0.978095238095238,1050.0,0.9697841726618706,0.9768115942028984,0.9628571428571427,1050.0,0.9569424286405418,0.9724680432645034,0.941904761904762,1050.0,0.974044360547428,0.9653882132834424,0.9828571428571428,1050.0,0.9540066382171644,0.9499527856468366,0.958095238095238,1050.0,0.9745069745069744,0.9844509232264336,0.9647619047619048,1050.0,0.9586466165413534,0.9461966604823748,0.9714285714285714,1050.0,0.977608384945212,0.9780743565300286,0.9771428571428572,1050.0,0.9719448407037566,0.9705603038936372,0.9733333333333334,1050.0,0.971021377672209,0.9687203791469194,0.9733333333333334,1050.0
int8_qat,11,0.0705505460500717,0.9791020154953004,0.120080180466175,0.9687619209289552,0.9687619047619048,0.9687452076367404,0.0003000000142492,24.08380076000049,49000.0,2034.562587869499,0.9761222540592168,0.978927203065134,0.9733333333333334,1050.0,0.9710144927536232,0.9852941176470588,0.9571428571428572,1050.0,0.959349593495935,0.9634966378482228,0.9552380952380952,1050.0,0.9688227082363888,0.9472247497725204,0.9914285714285714,1050.0,0.9552529182879376,0.9761431411530817,0.9352380952380952,1050.0,0.97497593840231,0.985408560311284,0.9647619047619048,1050.0,0.9588263132986274,0.9529633113828786,0.9647619047619048,1050.0,0.9728464419475656,0.9567219152854513,0.9895238095238096,1050.0,0.9713749413420928,0.9574468085106383,0.9857142857142858,1050.0,0.978866474543708,0.9874031007751938,0.9704761904761904,1050.0
int8_qat,12,0.0647564455866813,0.9800204038619996,0.1191853806376457,0.9685714244842528,0.9685714285714286,0.9686278484525144,0.0003000000142492,22.36617825099984,49000.0,2190.8078997720386,0.9745069745069744,0.9844509232264336,0.9647619047619048,1050.0,0.9669064748201438,0.9739130434782608,0.96,1050.0,0.9527896995708154,0.9541547277936964,0.9514285714285714,1050.0,0.9759384023099136,0.9863813229571984,0.9657142857142856,1050.0,0.9584905660377356,0.9495327102803738,0.9676190476190476,1050.0,0.967529411764706,0.9562790697674418,0.979047619047619,1050.0,0.95712954333644,0.937043795620438,0.978095238095238,1050.0,0.977819726285984,0.9691300280636108,0.9866666666666668,1050.0,0.9794159885112492,0.9846005774783444,0.9742857142857144,1050.0,0.9757516973811834,0.9940711462450592,0.958095238095238,1050.0
int8_qat,13,0.0602639056742191,0.981204092502594,0.119937315583229,0.9677143096923828,0.9677142857142856,0.9677376926519636,0.0003000000142492,22.23598574700009,49000.0,2203.635159579589,0.9694323144104804,0.9881305637982196,0.9514285714285714,1050.0,0.9714557564224549,0.970532319391635,0.9723809523809523,1050.0,0.953919239904988,0.9516587677725118,0.956190476190476,1050.0,0.9726618705035972,0.9797101449275364,0.9657142857142856,1050.0,0.961299569995222,0.9645254074784276,0.958095238095238,1050.0,0.9665567593028732,0.956197576887232,0.9771428571428572,1050.0,0.9575471698113208,0.9485981308411215,0.9666666666666668,1050.0,0.9706293706293706,0.9506849315068492,0.9914285714285714,1050.0,0.9739130434782608,0.9882352941176472,0.96,1050.0,0.9799618320610688,0.9818355640535372,0.978095238095238,1050.0
int8_qat,14,0.049890998750925,0.984857141971588,0.1074475571513176,0.9727619290351868,0.9727619047619048,0.9727576760636464,0.0003000000142492,22.372281365999697,49000.0,2190.2102516226983,0.9783132530120482,0.9902439024390244,0.9666666666666668,1050.0,0.9724857685009488,0.9688090737240076,0.9761904761904762,1050.0,0.9621828626136908,0.9672762271414822,0.9571428571428572,1050.0,0.976788252013264,0.9717247879359096,0.981904761904762,1050.0,0.9642346208869814,0.9656160458452722,0.9628571428571427,1050.0,0.970827355332377,0.9750240153698368,0.9666666666666668,1050.0,0.9629629629629628,0.9602272727272728,0.9657142857142856,1050.0,0.97886331611085,0.9657089898053752,0.9923809523809524,1050.0,0.9771863117870724,0.9753320683111956,0.979047619047619,1050.0,0.983732057416268,0.9884615384615384,0.979047619047619,1050.0
int8_qat,15,0.0522700808942317,0.9841632843017578,0.1171798184514045,0.9687619209289552,0.9687619047619048,0.968703936488078,0.0003000000142492,22.36791623799945,49000.0,2190.6376740072446,0.9749171793658306,0.9689557855127,0.9809523809523808,1050.0,0.9744578313253012,0.986341463414634,0.9628571428571427,1050.0,0.9549121974371144,0.9517502365184484,0.958095238095238,1050.0,0.9718045112781954,0.9591836734693876,0.9847619047619048,1050.0,0.9532079112397492,0.9657869012707724,0.940952380952381,1050.0,0.9766332856461613,0.9780324737344794,0.9752380952380952,1050.0,0.9547445255474452,0.9761194029850746,0.9342857142857144,1050.0,0.978240302743614,0.9718045112781954,0.9847619047619048,1050.0,0.9708920187793428,0.9574074074074074,0.9847619047619048,1050.0,0.9772296015180266,0.9735349716446124,0.9809523809523808,1050.0
int8_qat,16,0.0466186814010143,0.9853061437606812,0.1071214526891708,0.9727619290351868,0.9727619047619048,0.972765954628145,0.0003000000142492,22.224694175999502,49000.0,2204.7547476678087,0.978116079923882,0.9771863117870724,0.979047619047619,1050.0,0.9788867562380038,0.986460348162476,0.9714285714285714,1050.0,0.960532572515454,0.9591642924976258,0.961904761904762,1050.0,0.977501196744854,0.9826756496631376,0.9723809523809523,1050.0,0.9641319942611192,0.968299711815562,0.96,1050.0,0.9684111268269684,0.9589169000933708,0.978095238095238,1050.0,0.9632808774439676,0.9646609360076408,0.961904761904762,1050.0,0.978178368121442,0.9744801512287334,0.981904761904762,1050.0,0.9795530194959582,0.9781576448243114,0.9809523809523808,1050.0,0.9790675547098002,0.9781368821292776,0.98,1050.0
int8_qat,17,0.0369416363537311,0.9883877635002136,0.1200820654630661,0.9722856879234314,0.9722857142857142,0.9722791078550824,0.0003000000142492,22.24491356099952,49000.0,2202.750748643426,0.9790076335877864,0.9808795411089866,0.9771428571428572,1050.0,0.9787644787644788,0.9921722113502937,0.9657142857142856,1050.0,0.9552964042759964,0.9751984126984128,0.9361904761904762,1050.0,0.9750822755054068,0.9628597957288764,0.9876190476190476,1050.0,0.9670542635658916,0.9842209072978304,0.9504761904761904,1050.0,0.9676814988290398,0.952073732718894,0.9838095238095238,1050.0,0.9598506069094304,0.9413919413919414,0.979047619047619,1050.0,0.98059630856602,0.9746001881467544,0.9866666666666668,1050.0,0.979591836734694,0.9763481551561022,0.9828571428571428,1050.0,0.9798657718120806,0.9864864864864864,0.9733333333333334,1050.0
int8_qat,18,0.0410691313445568,0.9871224761009216,0.1224296614527702,0.9713333249092102,0.9713333333333336,0.9713007200154192,0.0003000000142492,22.31626182800028,49000.0,2195.708240818341,0.9771646051379638,0.9762357414448668,0.978095238095238,1050.0,0.9751196172248804,0.9798076923076924,0.9704761904761904,1050.0,0.9595815501664288,0.9582146248812916,0.960952380952381,1050.0,0.9737827715355806,0.9576427255985268,0.9904761904761904,1050.0,0.9627815866797258,0.9909274193548387,0.9361904761904762,1050.0,0.9699321047526672,0.9881422924901184,0.9523809523809524,1050.0,0.9621570482497634,0.9558270676691728,0.9685714285714284,1050.0,0.976679104477612,0.9570383912248628,0.9971428571428572,1050.0,0.9763928234183192,0.9681647940074908,0.9847619047619048,1050.0,0.9794159885112492,0.9846005774783444,0.9742857142857144,1050.0
int8_qat,19,0.034179750829935,0.9893877506256104,0.1187514439225196,0.9722856879234314,0.9722857142857144,0.972299392400435,0.0003000000142492,22.216769442999976,49000.0,2205.541184811586,0.9838249286393912,0.9828897338403042,0.9847619047619048,1050.0,0.9766999524488824,0.9753086419753086,0.978095238095238,1050.0,0.9598840019333011,0.9744847890088322,0.9457142857142856,1050.0,0.975011786892975,0.965452847805789,0.9847619047619048,1050.0,0.9599623174752708,0.9496738117427772,0.9704761904761904,1050.0,0.9741131351869606,0.9806949806949808,0.9676190476190476,1050.0,0.9634489222118088,0.948339483394834,0.979047619047619,1050.0,0.9749034749034748,0.9882583170254404,0.961904761904762,1050.0,0.9768321513002364,0.9699530516431925,0.9838095238095238,1050.0,0.9783132530120482,0.9902439024390244,0.9666666666666668,1050.0
int8_qat,20,0.0317677818238735,0.9897959232330322,0.1387083679437637,0.9694285988807678,0.9694285714285714,0.9695536792363588,0.0003000000142492,22.2721895779996,49000.0,2200.0531123532664,0.9792370835345244,0.9931439764936336,0.9657142857142856,1050.0,0.9717348927875245,0.99500998003992,0.9495238095238095,1050.0,0.9531835205992508,0.9373848987108656,0.9695238095238096,1050.0,0.9780114722753346,0.9817658349328215,0.9742857142857144,1050.0,0.963315864697475,0.9637750238322212,0.9628571428571427,1050.0,0.969928400954654,0.9722488038277513,0.9676190476190476,1050.0,0.9494020239190432,0.9181494661921707,0.9828571428571428,1050.0,0.9800947867298578,0.9754716981132076,0.9847619047619048,1050.0,0.9743346007604564,0.9724857685009488,0.9761904761904762,1050.0,0.9762941461054668,0.992133726647001,0.960952380952381,1050.0
int8_qat,21,0.0314034856855869,0.9902856945991516,0.1263342648744583,0.9718095064163208,0.971809523809524,0.9717727430157532,0.0003000000142492,22.628579157000782,49000.0,2165.4033008449173,0.9782813975448535,0.9700374531835206,0.9866666666666668,1050.0,0.9774363898223716,0.9854791868344628,0.9695238095238096,1050.0,0.9517308629936616,0.975024975024975,0.9295238095238096,1050.0,0.9762357414448668,0.97438330170778,0.978095238095238,1050.0,0.9629272989889264,0.973709834469328,0.9523809523809524,1050.0,0.9657437822618488,0.9518963922294172,0.98,1050.0,0.9634489222118088,0.948339483394834,0.979047619047619,1050.0,0.9838709677419356,0.9801512287334594,0.9876190476190476,1050.0,0.9783223374175306,0.9682835820895522,0.9885714285714284,1050.0,0.9797297297297298,0.9931506849315068,0.9666666666666668,1050.0
int8_qat,22,0.0316060557961463,0.9896122217178344,0.1236798167228698,0.973714292049408,0.9737142857142856,0.973739987453318,0.0003000000142492,22.164851940999142,49000.0,2210.707300478868,0.979591836734694,0.9763481551561022,0.9828571428571428,1050.0,0.9722086786933204,0.996003996003996,0.9495238095238095,1050.0,0.9617744218971211,0.9532273152478952,0.9704761904761904,1050.0,0.981042654028436,0.9764150943396226,0.9857142857142858,1050.0,0.9676806083650192,0.9658444022770398,0.9695238095238096,1050.0,0.9737970462124822,0.9742612011439468,0.9733333333333334,1050.0,0.9610145608266792,0.948100092678406,0.9742857142857144,1050.0,0.9861970490242742,0.9857278782112274,0.9866666666666668,1050.0,0.9758637008991956,0.9698965192850424,0.981904761904762,1050.0,0.9782293178519594,0.9941002949852508,0.9628571428571427,1050.0
int8_qat,23,0.0255968812853097,0.991428554058075,0.1149227246642112,0.9742857217788696,0.9742857142857144,0.9742539953605888,0.0003000000142492,22.277830077000544,49000.0,2199.49608335451,0.98059630856602,0.9746001881467544,0.9866666666666668,1050.0,0.9742857142857144,0.9742857142857144,0.9742857142857144,1050.0,0.9632850241545892,0.9774509803921568,0.9495238095238095,1050.0,0.98063297118564,0.97282099343955,0.9885714285714284,1050.0,0.9642857142857144,0.977495107632094,0.9514285714285714,1050.0,0.9751908396946564,0.977055449330784,0.9733333333333334,1050.0,0.963558920965452,0.9576669802445908,0.9695238095238096,1050.0,0.982439487422876,0.97918637653737,0.9857142857142858,1050.0,0.9764816556914394,0.9646840148698884,0.9885714285714284,1050.0,0.9817833173537872,0.9884169884169884,0.9752380952380952,1050.0
int8_qat,24,0.0237549021840095,0.992265284061432,0.1289325058460235,0.9721904993057252,0.9721904761904762,0.9722192454357206,0.0003000000142492,22.20065737799996,49000.0,2207.141850157879,0.9771863117870724,0.9753320683111956,0.979047619047619,1050.0,0.9733139252789909,0.9920870425321464,0.9552380952380952,1050.0,0.9617956064947468,0.96455938697318,0.959047619047619,1050.0,0.9793427230046948,0.9657407407407408,0.9933333333333332,1050.0,0.9568884723523898,0.941881918819188,0.9723809523809523,1050.0,0.9726618705035972,0.9797101449275364,0.9657142857142856,1050.0,0.9632422243166824,0.9533582089552238,0.9733333333333334,1050.0,0.982439487422876,0.97918637653737,0.9857142857142858,1050.0,0.977501196744854,0.9826756496631376,0.9723809523809523,1050.0,0.977820636451302,0.990234375,0.9657142857142856,1050.0
int8_qat,25,0.0212231297045946,0.9930816292762756,0.1440407633781433,0.9714285731315612,0.9714285714285716,0.971449153997618,0.0003000000142492,22.483938576000583,49000.0,2179.333475510502,0.977501196744854,0.9826756496631376,0.9723809523809523,1050.0,0.9769894534995208,0.9835907335907336,0.9704761904761904,1050.0,0.9595375722543352,0.9707602339181286,0.9485714285714286,1050.0,0.9814902705268154,0.978240302743614,0.9847619047619048,1050.0,0.964988009592326,0.9719806763285024,0.958095238095238,1050.0,0.9722753346080306,0.9760076775431862,0.9685714285714284,1050.0,0.96,0.9381818181818182,0.9828571428571428,1050.0,0.970684039087948,0.9490445859872612,0.9933333333333332,1050.0,0.9757949691504508,0.9725638599810784,0.979047619047619,1050.0,0.9752306945118988,0.9950445986124876,0.956190476190476,1050.0
int8_qat,26,0.025128336623311,0.9918163418769836,0.1289183646440506,0.971904754638672,0.971904761904762,0.9719299623158474,0.0003000000142492,22.392049857999154,49000.0,2188.276656703479,0.9768115942028986,0.9911764705882352,0.9628571428571427,1050.0,0.9706439393939392,0.9651600753295668,0.9761904761904762,1050.0,0.9618464437117288,0.9515377446411928,0.9723809523809523,1050.0,0.9739633558341368,0.986328125,0.961904761904762,1050.0,0.9631049353138476,0.9691417550626809,0.9571428571428572,1050.0,0.9680150517403576,0.9563197026022304,0.98,1050.0,0.9653535832937824,0.9621570482497634,0.9685714285714284,1050.0,0.982439487422876,0.97918637653737,0.9857142857142858,1050.0,0.9763705103969754,0.9690431519699813,0.9838095238095238,1050.0,0.9807507218479308,0.9912451361867703,0.9704761904761904,1050.0
int8_qat,27,0.0232846233993768,0.9922245144844056,0.1198633536696434,0.9743809700012208,0.9743809523809522,0.9743746117013076,0.0003000000142492,22.311960480999915,49000.0,2196.131534103724,0.9762808349146108,0.9725897920604916,0.98,1050.0,0.978866474543708,0.9874031007751938,0.9704761904761904,1050.0,0.9666827619507484,0.980411361410382,0.9533333333333334,1050.0,0.9838709677419356,0.9801512287334594,0.9876190476190476,1050.0,0.9645933014354068,0.9692307692307692,0.96,1050.0,0.9722753346080306,0.9760076775431862,0.9685714285714284,1050.0,0.9642857142857144,0.9517625231910948,0.9771428571428572,1050.0,0.9814902705268154,0.978240302743614,0.9847619047619048,1050.0,0.9763928234183192,0.9681647940074908,0.9847619047619048,1050.0,0.9790076335877864,0.9808795411089866,0.9771428571428572,1050.0
int8_qat,28,0.0190431699156761,0.9940000176429749,0.1370970010757446,0.9721904993057252,0.9721904761904762,0.9722288915315604,0.0003000000142492,22.290331610000067,49000.0,2198.262495925239,0.9819219790675549,0.9809885931558936,0.9828571428571428,1050.0,0.975609756097561,0.9798270893371758,0.9714285714285714,1050.0,0.958078191238813,0.9478098788443616,0.9685714285714284,1050.0,0.9778633301251204,0.9883268482490272,0.9676190476190476,1050.0,0.962962962962963,0.9727891156462584,0.9533333333333334,1050.0,0.9708454810495628,0.9910714285714286,0.9514285714285714,1050.0,0.9595536959553695,0.9373297002724796,0.9828571428571428,1050.0,0.980169971671388,0.9719101123595506,0.9885714285714284,1050.0,0.9739706578324656,0.9680150517403576,0.98,1050.0,0.981312889314806,0.987463837994214,0.9752380952380952,1050.0
int8_qat,29,0.0193263981491327,0.9939388036727904,0.1161790490150451,0.9752380847930908,0.9752380952380952,0.9752153871120792,0.0003000000142492,22.159942993001096,49000.0,2211.1970240842206,0.9765258215962442,0.9629629629629628,0.9904761904761904,1050.0,0.9794945159752028,0.9808978032473734,0.978095238095238,1050.0,0.9655172413793104,0.957825679475164,0.9733333333333334,1050.0,0.9843823946994794,0.9783631232361242,0.9904761904761904,1050.0,0.967339097022094,0.9757751937984496,0.959047619047619,1050.0,0.9779270633397312,0.9854932301740812,0.9704761904761904,1050.0,0.961352657004831,0.9754901960784312,0.9476190476190476,1050.0,0.9778615167216202,0.967381174277726,0.9885714285714284,1050.0,0.9779904306220096,0.9826923076923076,0.9733333333333334,1050.0,0.9837631327602676,0.9865900383141762,0.9809523809523808,1050.0
int8_qat,30,0.018476290628314,0.9941632747650146,0.1296946108341217,0.9726666808128356,0.9726666666666668,0.9726224078178942,0.0003000000142492,22.07543605200044,49000.0,2219.6617038312,0.976258309591643,0.9734848484848484,0.979047619047619,1050.0,0.975840833728091,0.9707822808671064,0.9809523809523808,1050.0,0.9627507163323782,0.9655172413793104,0.96,1050.0,0.9810964083175804,0.9737335834896812,0.9885714285714284,1050.0,0.9594528578407426,0.9849548645937812,0.9352380952380952,1050.0,0.9724857685009488,0.9688090737240076,0.9761904761904762,1050.0,0.9624703087885984,0.9601895734597156,0.9647619047619048,1050.0,0.9774647887323944,0.9638888888888888,0.9914285714285714,1050.0,0.977055449330784,0.980806142034549,0.9733333333333334,1050.0,0.9813486370157818,0.9855907780979828,0.9771428571428572,1050.0
int8_qat,31,0.0145209301263093,0.9950408339500428,0.1597947180271148,0.9689523577690125,0.9689523809523812,0.9688724053390658,0.0003000000142492,22.027767836998464,49000.0,2224.465064394687,0.9782196969696968,0.972693032015066,0.9838095238095238,1050.0,0.976721629485936,0.9950592885375494,0.959047619047619,1050.0,0.942643391521197,0.9895287958115184,0.9,1050.0,0.9763257575757576,0.9708097928436912,0.981904761904762,1050.0,0.963350785340314,0.9628924833491912,0.9638095238095238,1050.0,0.958217270194986,0.9347826086956522,0.9828571428571428,1050.0,0.9619539689995302,0.94902687673772,0.9752380952380952,1050.0,0.9808978032473734,0.9837164750957854,0.978095238095238,1050.0,0.9737827715355806,0.9576427255985268,0.9904761904761904,1050.0,0.9766109785202864,0.9789473684210528,0.9742857142857144,1050.0
int8_qat,32,0.016947153955698,0.9947550892829896,0.1363243162631988,0.9733333587646484,0.9733333333333332,0.973381400074912,0.0003000000142492,22.124451851999765,49000.0,2214.7441359353284,0.9799618320610688,0.9818355640535372,0.978095238095238,1050.0,0.9778420038535646,0.9892787524366472,0.9666666666666668,1050.0,0.9639126305792972,0.9611742424242424,0.9666666666666668,1050.0,0.9800759013282732,0.9763705103969754,0.9838095238095238,1050.0,0.9579990561585652,0.9494855004677268,0.9666666666666668,1050.0,0.9728442115292996,0.973307912297426,0.9723809523809523,1050.0,0.9615745079662604,0.9464944649446494,0.9771428571428572,1050.0,0.9837476099426384,0.9875239923224568,0.98,1050.0,0.9754453538757824,0.9863680623174296,0.9647619047619048,1050.0,0.9804108934543716,0.9837008628954936,0.9771428571428572,1050.0
int8_qat,33,0.0181460343301296,0.993775486946106,0.1273131221532821,0.9743809700012208,0.9743809523809523,0.9743497798020622,0.0003000000142492,22.35833368099884,49000.0,2191.576559287265,0.9824228028503562,0.9800947867298578,0.9847619047619048,1050.0,0.9773156899810964,0.9699812382739212,0.9847619047619048,1050.0,0.9575816674792784,0.981018981018981,0.9352380952380952,1050.0,0.9768321513002364,0.9699530516431925,0.9838095238095238,1050.0,0.9686141960405602,0.9823702252693438,0.9552380952380952,1050.0,0.9705042816365368,0.9695817490494296,0.9714285714285714,1050.0,0.9644527595884004,0.9476102941176472,0.981904761904762,1050.0,0.9820415879017014,0.974671669793621,0.9895238095238096,1050.0,0.9791469194312796,0.9745283018867924,0.9838095238095238,1050.0,0.9845857418111752,0.9961013645224172,0.9733333333333334,1050.0
int8_qat,34,0.0133846122771501,0.995489776134491,0.1405072659254074,0.9736190438270568,0.9736190476190476,0.9736370085510874,0.0003000000142492,22.08246938999946,49000.0,2218.9547343917407,0.9769411764705882,0.9655813953488372,0.9885714285714284,1050.0,0.974757281553398,0.994059405940594,0.956190476190476,1050.0,0.9668109668109668,0.97667638483965,0.9571428571428572,1050.0,0.9814726840855108,0.9791469194312796,0.9838095238095238,1050.0,0.9643888354186718,0.9747081712062255,0.9542857142857144,1050.0,0.96987087517934,0.9740634005763688,0.9657142857142856,1050.0,0.957288765088208,0.9338768115942028,0.981904761904762,1050.0,0.9805595068752964,0.9763928234183192,0.9847619047619048,1050.0,0.9809705042816363,0.9800380228136882,0.981904761904762,1050.0,0.983309489747258,0.9847182425978988,0.981904761904762,1050.0
int8_qat,35,0.0162859726697206,0.9949796199798584,0.1478238701820373,0.9717142581939696,0.9717142857142858,0.9716591644921329,0.0003000000142492,22.23697013599849,49000.0,2203.5376087804325,0.9777145566619252,0.9735599622285176,0.981904761904762,1050.0,0.974236641221374,0.9760994263862331,0.9723809523809523,1050.0,0.9570957095709572,0.9477124183006536,0.9666666666666668,1050.0,0.977840641206978,0.9682539682539684,0.9876190476190476,1050.0,0.9637254901960784,0.9929292929292928,0.9361904761904762,1050.0,0.9660697455230914,0.9561567164179104,0.9761904761904762,1050.0,0.9581304771178188,0.9800796812749004,0.9371428571428572,1050.0,0.9806512505899008,0.9719363891487371,0.9895238095238096,1050.0,0.981419723677942,0.9818875119161106,0.9809523809523808,1050.0,0.979707409155262,0.971000935453695,0.9885714285714284,1050.0
int8_qat,36,0.0191363934427499,0.9940816164016724,0.1288549751043319,0.976190447807312,0.976190476190476,0.9761801903462176,0.0003000000142492,22.33271668499947,49000.0,2194.090432039221,0.9805040418449832,0.9791073124406456,0.981904761904762,1050.0,0.9785816277962874,0.978116079923882,0.979047619047619,1050.0,0.9653864390706496,0.9612842304060434,0.9695238095238096,1050.0,0.98059630856602,0.9746001881467544,0.9866666666666668,1050.0,0.9710703953712634,0.9833984375,0.959047619047619,1050.0,0.9727923627684965,0.9751196172248804,0.9704761904761904,1050.0,0.968481375358166,0.971264367816092,0.9657142857142856,1050.0,0.9806877060763072,0.9701770736253494,0.9914285714285714,1050.0,0.9803921568627452,0.9846301633045148,0.9761904761904762,1050.0,0.983309489747258,0.9847182425978988,0.981904761904762,1050.0
int8_qat,37,0.0148283690214157,0.9949183464050292,0.1351418942213058,0.97390478849411,0.9739047619047618,0.9739042405658532,0.0003000000142492,22.122949377999248,49000.0,2214.894549671996,0.975540921919097,0.9637546468401488,0.9876190476190476,1050.0,0.9751434034416826,0.9788867562380038,0.9714285714285714,1050.0,0.9643027129938124,0.9638439581351094,0.9647619047619048,1050.0,0.983357108892059,0.9819563152896488,0.9847619047619048,1050.0,0.9669064748201438,0.9739130434782608,0.96,1050.0,0.970817120622568,0.9920477137176938,0.9504761904761904,1050.0,0.9628584861307004,0.9507892293407614,0.9752380952380952,1050.0,0.9823051171688186,0.9865513928914506,0.978095238095238,1050.0,0.9790675547098002,0.9781368821292776,0.98,1050.0,0.9787435049598489,0.9709465791940018,0.9866666666666668,1050.0
int8_qat,38,0.0103714726865291,0.996816337108612,0.146528884768486,0.9713333249092102,0.9713333333333332,0.9714500840993552,0.0003000000142492,22.3753652309988,49000.0,2189.908387824458,0.979474940334129,0.9818181818181818,0.9771428571428572,1050.0,0.9781871061560834,0.9960513326752222,0.960952380952381,1050.0,0.9608675153229608,0.9514472455648926,0.9704761904761904,1050.0,0.9754925516578568,0.9844810863239574,0.9666666666666668,1050.0,0.9532623785284592,0.9270927092709272,0.9809523809523808,1050.0,0.9679547596606974,0.9580223880597016,0.978095238095238,1050.0,0.9612842304060436,0.9531835205992508,0.9695238095238096,1050.0,0.980806142034549,0.988394584139265,0.9733333333333334,1050.0,0.9764762361977916,0.9845111326234268,0.9685714285714284,1050.0,0.9806949806949806,0.99412915851272,0.9676190476190476,1050.0
int8_qat,39,0.0180690214037895,0.9943061470985411,0.1301572620868683,0.9736190438270568,0.9736190476190478,0.9735917429681412,0.0003000000142492,22.2179674300005,49000.0,2205.422262606985,0.9823893384102808,0.9819219790675549,0.9828571428571428,1050.0,0.9794553272814144,0.9827420901246404,0.9761904761904762,1050.0,0.9571150097465888,0.9800399201596808,0.9352380952380952,1050.0,0.9764309764309764,0.9863945578231292,0.9666666666666668,1050.0,0.9686013320647004,0.967680608365019,0.9695238095238096,1050.0,0.9686907020872866,0.9650283553875236,0.9723809523809523,1050.0,0.9637647058823527,0.9525581395348838,0.9752380952380952,1050.0,0.9810246679316889,0.9773156899810964,0.9847619047619048,1050.0,0.9760225669957686,0.9637883008356546,0.9885714285714284,1050.0,0.9824228028503562,0.9800947867298578,0.9847619047619048,1050.0
int8_qat,40,0.013502238318324,0.9956734776496888,0.1339396387338638,0.9751428365707396,0.9751428571428572,0.9751345495796048,0.0003000000142492,22.386543953,49000.0,2188.8148569459536,0.9786830885836096,0.9736098020735156,0.9838095238095238,1050.0,0.9788867562380038,0.986460348162476,0.9714285714285714,1050.0,0.9637856108160308,0.9774730656219393,0.9504761904761904,1050.0,0.97918637653737,0.9727443609022556,0.9857142857142858,1050.0,0.9696969696969696,0.979591836734694,0.96,1050.0,0.9723809523809523,0.9723809523809523,0.9723809523809523,1050.0,0.9666510098637858,0.953660797034291,0.98,1050.0,0.982254196642686,0.9893719806763284,0.9752380952380952,1050.0,0.9774647887323944,0.9638888888888888,0.9914285714285714,1050.0,0.982355746304244,0.9837631327602674,0.9809523809523808,1050.0
int8_qat,41,0.0111325299367308,0.996367335319519,0.1327026784420013,0.9747619032859802,0.9747619047619048,0.97476641334272,0.0003000000142492,22.196223113000087,49000.0,2207.582783365573,0.9796882380727444,0.971883786316776,0.9876190476190476,1050.0,0.9818355640535372,0.9856046065259118,0.978095238095238,1050.0,0.9608030592734224,0.9644913627639156,0.9571428571428572,1050.0,0.9790874524714828,0.9772296015180264,0.9809523809523808,1050.0,0.9626830420406236,0.9550140581068416,0.9704761904761904,1050.0,0.9692380501656412,0.9633113828786454,0.9752380952380952,1050.0,0.9682386910490856,0.9785992217898832,0.958095238095238,1050.0,0.9838249286393912,0.9828897338403042,0.9847619047619048,1050.0,0.9801136363636362,0.9745762711864406,0.9857142857142858,1050.0,0.9821514712976364,0.9951124144672532,0.9695238095238096,1050.0
int8_qat,42,0.0111537659540772,0.9962449073791504,0.1322317570447921,0.9752380847930908,0.9752380952380952,0.9752054291884712,0.0003000000142492,22.093053302000044,49000.0,2217.8917205420457,0.9818702290076337,0.9837476099426388,0.98,1050.0,0.9733333333333334,0.9733333333333334,0.9733333333333334,1050.0,0.9623915139826422,0.974609375,0.9504761904761904,1050.0,0.98063297118564,0.97282099343955,0.9885714285714284,1050.0,0.9712092130518234,0.9787234042553192,0.9638095238095238,1050.0,0.9735194992778043,0.9844206426484908,0.9628571428571427,1050.0,0.9676806083650192,0.9658444022770398,0.9695238095238096,1050.0,0.9816470588235294,0.9702325581395348,0.9933333333333332,1050.0,0.9778823529411764,0.9665116279069768,0.9895238095238096,1050.0,0.9818875119161103,0.982824427480916,0.9809523809523808,1050.0
int8_qat,43,0.0092071499675512,0.996979594230652,0.1516387611627578,0.9733333587646484,0.9733333333333332,0.973339451763626,0.0003000000142492,22.118168733000857,49000.0,2215.3732793841464,0.9763399323998068,0.990205680705191,0.9628571428571427,1050.0,0.9753787878787878,0.9698681732580038,0.9809523809523808,1050.0,0.9637856108160308,0.9774730656219393,0.9504761904761904,1050.0,0.9792648444863336,0.9692164179104478,0.9895238095238096,1050.0,0.9692603266090298,0.9777131782945736,0.960952380952381,1050.0,0.9700996677740864,0.9668874172185432,0.9733333333333334,1050.0,0.964936886395512,0.9476584022038568,0.9828571428571428,1050.0,0.9756554307116104,0.9594843462246776,0.9923809523809524,1050.0,0.9775227164036346,0.9817483189241114,0.9733333333333334,1050.0,0.9811503141614308,0.9960745829244356,0.9666666666666668,1050.0
int8_qat,44,0.0166053064167499,0.9947959184646606,0.1266321241855621,0.9743809700012208,0.9743809523809522,0.9744173809337924,0.0003000000142492,22.1016675660012,49000.0,2217.027283288627,0.9799618320610688,0.9818355640535372,0.978095238095238,1050.0,0.9765213224724484,0.982642237222758,0.9704761904761904,1050.0,0.964200477326969,0.9665071770334928,0.961904761904762,1050.0,0.9805040418449832,0.9791073124406456,0.981904761904762,1050.0,0.9668246445497628,0.9622641509433962,0.9714285714285714,1050.0,0.9723809523809523,0.9723809523809523,0.9723809523809523,1050.0,0.9612330686595048,0.9431714023831348,0.98,1050.0,0.9823725583611244,0.982840800762631,0.981904761904762,1050.0,0.9808978032473734,0.9837164750957854,0.978095238095238,1050.0,0.9792771084337348,0.991219512195122,0.9676190476190476,1050.0
int8_qat,45,0.0102967508137226,0.996326506137848,0.1201027706265449,0.9782857298851012,0.9782857142857144,0.9782807334968668,0.0003000000142492,22.49478733399883,49000.0,2178.2824292782243,0.9851887243191592,0.9884947267497604,0.981904761904762,1050.0,0.9795724465558197,0.9772511848341232,0.981904761904762,1050.0,0.9689143950263032,0.9731027857829012,0.9647619047619048,1050.0,0.978763567720623,0.9700654817586528,0.9876190476190476,1050.0,0.9734684032802702,0.9863147605083088,0.960952380952381,1050.0,0.977501196744854,0.9826756496631376,0.9723809523809523,1050.0,0.9682915286322764,0.9623706491063028,0.9742857142857144,1050.0,0.9867298578199052,0.9820754716981132,0.9914285714285714,1050.0,0.9782196969696968,0.972693032015066,0.9838095238095238,1050.0,0.9861575178997612,0.9885167464114832,0.9838095238095238,1050.0
int8_qat,46,0.0107786832377314,0.9964285492897034,0.1359352767467498,0.9764761924743652,0.9764761904761904,0.9764542058328568,0.0003000000142492,22.204984760001025,49000.0,2206.7117149418723,0.983357108892059,0.9819563152896488,0.9847619047619048,1050.0,0.9814374107567824,0.9809705042816366,0.981904761904762,1050.0,0.9665211062590976,0.9851632047477744,0.9485714285714286,1050.0,0.9790874524714828,0.9772296015180264,0.9809523809523808,1050.0,0.9718446601941748,0.9910891089108912,0.9533333333333334,1050.0,0.9695528068506184,0.9686311787072244,0.9704761904761904,1050.0,0.968867924528302,0.9598130841121496,0.978095238095238,1050.0,0.9785046728971962,0.9605504587155964,0.9971428571428572,1050.0,0.9782813975448535,0.9700374531835206,0.9866666666666668,1050.0,0.9870875179340028,0.9913544668587896,0.9828571428571428,1050.0
int8_qat,47,0.0118840597569942,0.9966734647750854,0.1181758418679237,0.9786666631698608,0.9786666666666668,0.9786725517910544,0.0003000000142492,22.325853107000512,49000.0,2194.7649554603368,0.9856870229007634,0.9875717017208412,0.9838095238095238,1050.0,0.9822881761608424,0.987487969201155,0.9771428571428572,1050.0,0.964471814306016,0.9594721960414704,0.9695238095238096,1050.0,0.9786223277909738,0.976303317535545,0.9809523809523808,1050.0,0.9746046957355056,0.9807135969141756,0.9685714285714284,1050.0,0.9761450381679388,0.9780114722753346,0.9742857142857144,1050.0,0.9685714285714284,0.9685714285714284,0.9685714285714284,1050.0,0.9853289162328442,0.9793038570084666,0.9914285714285714,1050.0,0.9824893516327496,0.9764816556914392,0.9885714285714284,1050.0,0.9885167464114832,0.9932692307692308,0.9838095238095238,1050.0
int8_qat,48,0.0090959491208195,0.9971428513526917,0.1179984658956527,0.9795238375663756,0.9795238095238096,0.9795138061446388,0.0003000000142492,21.90689277399906,49000.0,2236.7389344305966,0.9842782277274892,0.984747378455672,0.9838095238095238,1050.0,0.9861575178997612,0.9885167464114832,0.9838095238095238,1050.0,0.9683301343570058,0.9758220502901354,0.960952380952381,1050.0,0.9810246679316889,0.9773156899810964,0.9847619047619048,1050.0,0.9756795422031476,0.9770773638968482,0.9742857142857144,1050.0,0.976258309591643,0.9734848484848484,0.979047619047619,1050.0,0.9704198473282442,0.9722753346080306,0.9685714285714284,1050.0,0.9853427895981088,0.9784037558685446,0.9923809523809524,1050.0,0.9805595068752964,0.9763928234183192,0.9847619047619048,1050.0,0.9870875179340028,0.9913544668587896,0.9828571428571428,1050.0
int8_qat,49,0.010068523697555,0.9969387650489808,0.1322929561138153,0.9763809442520142,0.9763809523809526,0.9763937079474644,0.0003000000142492,22.152553309999348,49000.0,2211.9346386080965,0.9825389334591788,0.9738072965388214,0.9914285714285714,1050.0,0.9813486370157818,0.9855907780979828,0.9771428571428572,1050.0,0.967741935483871,0.9785783836416748,0.9571428571428572,1050.0,0.9767441860465116,0.9735099337748344,0.98,1050.0,0.972195589645254,0.9787644787644788,0.9657142857142856,1050.0,0.9714828897338404,0.969639468690702,0.9733333333333334,1050.0,0.9649696403549743,0.9468377635197068,0.9838095238095238,1050.0,0.9853289162328442,0.9793038570084666,0.9914285714285714,1050.0,0.9780114722753346,0.9817658349328215,0.9742857142857144,1050.0,0.9835748792270532,0.9980392156862744,0.9695238095238096,1050.0
int8_qat,50,0.0140490680932998,0.9955918192863464,0.135231152176857,0.974571406841278,0.9745714285714284,0.9745441015340772,0.0003000000142492,22.35029059800036,49000.0,2192.3652305614296,0.9813307802776448,0.9865255052935517,0.9761904761904762,1050.0,0.9794356767097082,0.983669548511047,0.9752380952380952,1050.0,0.9622823984526112,0.9774066797642436,0.9476190476190476,1050.0,0.9801512287334594,0.9727954971857412,0.9876190476190476,1050.0,0.9653179190751444,0.9766081871345028,0.9542857142857144,1050.0,0.9758220502901354,0.9911591355599214,0.960952380952381,1050.0,0.9669499527856468,0.9588014981273408,0.9752380952380952,1050.0,0.9779859484777518,0.9622119815668204,0.9942857142857144,1050.0,0.9737089201877932,0.9601851851851853,0.9876190476190476,1050.0,0.9824561403508772,0.9782813975448535,0.9866666666666668,1050.0
int4_qat,1,1.3252016305923462,0.5448571443557739,0.4898010194301605,0.8470476269721985,0.847047619047619,0.8466547906087138,0.0003000000142492,46.512165076999736,49000.0,1053.487833105204,0.9018036072144288,0.9513742071881608,0.8571428571428571,1050.0,0.8244073748902546,0.7646579804560261,0.8942857142857142,1050.0,0.7599206349206349,0.7929606625258799,0.7295238095238096,1050.0,0.8827272727272728,0.8443478260869566,0.9247619047619048,1050.0,0.8220623501199041,0.8280193236714976,0.8161904761904762,1050.0,0.9002433090024331,0.9203980099502488,0.8809523809523809,1050.0,0.7912087912087913,0.8319327731092437,0.7542857142857143,1050.0,0.8866544789762341,0.8523725834797891,0.923809523809524,1050.0,0.8453708191953465,0.8608094768015795,0.8304761904761905,1050.0,0.8521492678318376,0.845360824742268,0.8590476190476191,1050.0
int4_qat,2,0.4884861409664154,0.855122447013855,0.2712180614471435,0.915142834186554,0.9151428571428571,0.9150463741398108,0.0003000000142492,22.10511399800089,49000.0,2216.6816241902843,0.9416745061147695,0.9302973977695168,0.9533333333333334,1050.0,0.919260700389105,0.9393638170974156,0.9,1050.0,0.8806544754571703,0.8900778210116731,0.8714285714285714,1050.0,0.9354992833253702,0.9386385426653884,0.9323809523809524,1050.0,0.88,0.88,0.88,1050.0,0.920665083135392,0.9184834123222748,0.9228571428571428,1050.0,0.8887832699619771,0.8870967741935484,0.8904761904761904,1050.0,0.9454887218045112,0.9332096474953616,0.958095238095238,1050.0,0.9081389814374108,0.9077069457659372,0.9085714285714286,1050.0,0.930298719772404,0.9263456090651558,0.9342857142857144,1050.0
int4_qat,3,0.3229760527610779,0.9039999842643738,0.2381801009178161,0.9240000247955322,0.9239999999999998,0.9237757066120686,0.0003000000142492,24.648023711999485,49000.0,1987.98899954584,0.9266096352994146,0.8787361229718189,0.98,1050.0,0.9340498290180752,0.958876629889669,0.9104761904761904,1050.0,0.9046941678520628,0.9008498583569404,0.9085714285714286,1050.0,0.9231464737793852,0.878657487091222,0.9723809523809523,1050.0,0.8891191709844559,0.975,0.8171428571428572,1050.0,0.9324662331165582,0.982086406743941,0.8876190476190476,1050.0,0.9082125603864734,0.9215686274509804,0.8952380952380953,1050.0,0.95561850802644,0.947565543071161,0.9638095238095238,1050.0,0.9138166894664844,0.8766404199475065,0.9542857142857144,1050.0,0.9500237981913374,0.9495718363463368,0.9504761904761904,1050.0
int4_qat,4,0.2563465535640716,0.923285722732544,0.2023392617702484,0.937333345413208,0.9373333333333334,0.9375110647910164,0.0003000000142492,23.503544986000637,49000.0,2084.791891146028,0.9594659036719122,0.9608404966571156,0.958095238095238,1050.0,0.9232876712328768,0.8868421052631579,0.9628571428571427,1050.0,0.9024943310657596,0.8614718614718615,0.9476190476190476,1050.0,0.9531396438612932,0.9381918819188192,0.9685714285714284,1050.0,0.914987714987715,0.9451776649746192,0.8866666666666667,1050.0,0.9497315763787212,0.973973973973974,0.9266666666666666,1050.0,0.9137596899224806,0.9299802761341224,0.8980952380952381,1050.0,0.9628217349857008,0.9637404580152672,0.961904761904762,1050.0,0.938223938223938,0.9510763209393346,0.9257142857142856,1050.0,0.9571984435797664,0.978131212723658,0.9371428571428572,1050.0
int4_qat,5,0.2173113077878952,0.9356122612953186,0.1638063937425613,0.9513333439826964,0.9513333333333336,0.9513010165405652,0.0003000000142492,23.83494819100088,49000.0,2055.804762290209,0.9618320610687024,0.9636711281070746,0.96,1050.0,0.9539629805410536,0.9508041627246924,0.9571428571428572,1050.0,0.940657184894556,0.9696663296258848,0.9133333333333332,1050.0,0.9455377574370708,0.9101321585903084,0.9838095238095238,1050.0,0.936599423631124,0.9447674418604652,0.9285714285714286,1050.0,0.9552529182879376,0.9761431411530817,0.9352380952380952,1050.0,0.9364928909952608,0.9320754716981132,0.940952380952381,1050.0,0.9640354974311072,0.9459211732355636,0.9828571428571428,1050.0,0.9532530120481928,0.9648780487804878,0.941904761904762,1050.0,0.9653864390706496,0.9612842304060434,0.9695238095238096,1050.0
int4_qat,6,0.1857854127883911,0.9454693794250488,0.184879720211029,0.9434285759925842,0.9434285714285712,0.9437291774244412,0.0003000000142492,23.621354156999587,49000.0,2074.394197484233,0.9572569281352749,0.9443929564411492,0.9704761904761904,1050.0,0.9554924242424244,0.9500941619585688,0.960952380952381,1050.0,0.9178498985801218,0.9815618221258134,0.861904761904762,1050.0,0.9556412729026036,0.9677734375,0.9438095238095238,1050.0,0.9128251939753536,0.8764241893076249,0.9523809523809524,1050.0,0.953861097620204,0.9732408325074332,0.9352380952380952,1050.0,0.9058456046407852,0.852225020990764,0.9666666666666668,1050.0,0.9651162790697676,0.9822485207100592,0.9485714285714286,1050.0,0.9508670520231214,0.9619883040935672,0.94,1050.0,0.962536023054755,0.9709302325581396,0.9542857142857144,1050.0
int4_qat,7,0.1641360521316528,0.9515510201454164,0.1325346678495407,0.9611428380012512,0.9611428571428572,0.9611423065160012,0.0003000000142492,23.686078538999936,49000.0,2068.7257250844555,0.9710763394973922,0.9669499527856468,0.9752380952380952,1050.0,0.9663784822286264,0.9748062015503876,0.958095238095238,1050.0,0.946298984034833,0.9616519174041298,0.9314285714285714,1050.0,0.9673758865248228,0.9605633802816902,0.9742857142857144,1050.0,0.9514563106796116,0.9702970297029704,0.9333333333333332,1050.0,0.9566046733428708,0.9579751671442216,0.9552380952380952,1050.0,0.9451672862453532,0.9228675136116152,0.9685714285714284,1050.0,0.9757949691504508,0.9725638599810784,0.979047619047619,1050.0,0.9556603773584904,0.9467289719626168,0.9647619047619048,1050.0,0.975609756097561,0.9798270893371758,0.9714285714285714,1050.0
int4_qat,8,0.1518371403217315,0.9556530714035034,0.1380126327276229,0.95933336019516,0.9593333333333334,0.9592518146800164,0.0003000000142492,22.339057375000262,49000.0,2193.4676641654587,0.9766777724892908,0.9762131303520456,0.9771428571428572,1050.0,0.9647619047619048,0.9647619047619048,0.9647619047619048,1050.0,0.9492998551424432,0.9627815866797258,0.9361904761904762,1050.0,0.970042796005706,0.9686609686609686,0.9714285714285714,1050.0,0.9350125944584384,0.9925133689839571,0.8838095238095238,1050.0,0.963924963924964,0.9737609329446064,0.9542857142857144,1050.0,0.9358560221504384,0.9077887197851388,0.9657142857142856,1050.0,0.969158878504673,0.9513761467889909,0.9876190476190476,1050.0,0.9529137529137528,0.9333333333333332,0.9733333333333334,1050.0,0.9748696064485538,0.9707271010387156,0.979047619047619,1050.0
int4_qat,9,0.1397161930799484,0.9598979353904724,0.1251765787601471,0.9617142677307128,0.9617142857142856,0.9617053887641116,0.0003000000142492,22.047942465998855,49000.0,2222.4296020168385,0.9795335554497858,0.9790675547098002,0.98,1050.0,0.9568480300187616,0.9426987060998152,0.9714285714285714,1050.0,0.9454722492697176,0.9671314741035856,0.9247619047619048,1050.0,0.9703632887189292,0.974088291746641,0.9666666666666668,1050.0,0.962566844919786,0.9831181727904668,0.9428571428571428,1050.0,0.9566837447601304,0.936189608021878,0.978095238095238,1050.0,0.9514563106796116,0.9702970297029704,0.9333333333333332,1050.0,0.9734345351043644,0.9697542533081286,0.9771428571428572,1050.0,0.9674329501915708,0.9730250481695568,0.961904761904762,1050.0,0.9532623785284592,0.9270927092709272,0.9809523809523808,1050.0
int4_qat,10,0.1257325410842895,0.9627755284309388,0.1239384785294532,0.9629523754119872,0.962952380952381,0.9629486944974378,0.0003000000142492,22.667585991001037,49000.0,2161.6770316633124,0.9776297001427892,0.977164605137964,0.978095238095238,1050.0,0.960756501182033,0.9539906103286384,0.9676190476190476,1050.0,0.9498829039812646,0.9345622119815667,0.9657142857142856,1050.0,0.9704761904761904,0.9704761904761904,0.9704761904761904,1050.0,0.9498525073746312,0.9817073170731708,0.92,1050.0,0.9567307692307692,0.9660194174757282,0.9476190476190476,1050.0,0.9570670525808008,0.9696969696969696,0.9447619047619048,1050.0,0.9787835926449788,0.969187675070028,0.9885714285714284,1050.0,0.9538745387453874,0.924865831842576,0.9847619047619048,1050.0,0.974433188615533,0.9872922776148584,0.961904761904762,1050.0
int4_qat,11,0.1205850541591644,0.9642040729522704,0.1098489239811897,0.9672380685806274,0.9672380952380952,0.9671977010219914,0.0003000000142492,24.301149986000382,49000.0,2016.365481807583,0.9722753346080306,0.9760076775431862,0.9685714285714284,1050.0,0.9606222654350997,0.981132075471698,0.940952380952381,1050.0,0.955137481910275,0.967741935483871,0.9428571428571428,1050.0,0.9768102224325604,0.9708372530573848,0.9828571428571428,1050.0,0.9590361445783132,0.9707317073170731,0.9476190476190476,1050.0,0.9731800766283524,0.978805394990366,0.9676190476190476,1050.0,0.9597000937207122,0.9446494464944648,0.9752380952380952,1050.0,0.9737827715355806,0.9576427255985268,0.9904761904761904,1050.0,0.9656146961846443,0.9552656104380244,0.9761904761904762,1050.0,0.9758179231863442,0.9716713881019832,0.98,1050.0
int4_qat,12,0.1102317571640014,0.9676938652992249,0.1209874302148819,0.9624761939048768,0.9624761904761906,0.9624816277090916,0.0003000000142492,22.194044276999197,49000.0,2207.7995064099773,0.9712941176470588,0.96,0.9828571428571428,1050.0,0.9560059317844783,0.9938335046248716,0.920952380952381,1050.0,0.9488503050211168,0.935245143385754,0.9628571428571427,1050.0,0.9723018147086916,0.975095785440613,0.9695238095238096,1050.0,0.9527896995708154,0.9541547277936964,0.9514285714285714,1050.0,0.965750120598167,0.978494623655914,0.9533333333333334,1050.0,0.95179584120983,0.9446529080675422,0.959047619047619,1050.0,0.9682835820895525,0.9488117001828154,0.9885714285714284,1050.0,0.962370649106303,0.9507434944237918,0.9742857142857144,1050.0,0.975374215354901,0.98922624877571,0.961904761904762,1050.0
int4_qat,13,0.1027312278747558,0.9704285860061646,0.1038278713822364,0.9693333506584167,0.9693333333333334,0.9692981590958,0.0003000000142492,22.365378081000017,49000.0,2190.886280685181,0.9799618320610688,0.9818355640535372,0.978095238095238,1050.0,0.9717779868297272,0.9600371747211895,0.9838095238095238,1050.0,0.9543049543049544,0.9640427599611272,0.9447619047619048,1050.0,0.9750822755054068,0.9628597957288764,0.9876190476190476,1050.0,0.9598840019333011,0.9744847890088322,0.9457142857142856,1050.0,0.9685230024213076,0.9852216748768472,0.9523809523809524,1050.0,0.9610636277302944,0.9583333333333334,0.9638095238095238,1050.0,0.9728718428437793,0.9558823529411764,0.9904761904761904,1050.0,0.9677113010446344,0.9649621212121212,0.9704761904761904,1050.0,0.981800766283525,0.98747591522158,0.9761904761904762,1050.0
int4_qat,14,0.0975138843059539,0.9712857007980348,0.1084768995642662,0.9672380685806274,0.9672380952380952,0.9672203400342682,0.0003000000142492,22.062350832999076,49000.0,2220.9781890835397,0.9693593314763232,0.9456521739130436,0.9942857142857144,1050.0,0.9713731198447356,0.990108803165183,0.9533333333333334,1050.0,0.9587178241864984,0.9781962338949456,0.94,1050.0,0.977608384945212,0.9780743565300286,0.9771428571428572,1050.0,0.9544364508393286,0.961352657004831,0.9476190476190476,1050.0,0.9692380501656412,0.9633113828786454,0.9752380952380952,1050.0,0.961038961038961,0.9708454810495628,0.9514285714285714,1050.0,0.965002333177788,0.9460201280878316,0.9847619047619048,1050.0,0.9635933806146572,0.9568075117370892,0.9704761904761904,1050.0,0.9818355640535372,0.9856046065259118,0.978095238095238,1050.0
int4_qat,15,0.0933406502008438,0.972000002861023,0.1068482026457786,0.9689523577690125,0.9689523809523808,0.9689081480850604,0.0003000000142492,22.12092132899852,49000.0,2215.09761149801,0.979707409155262,0.971000935453695,0.9885714285714284,1050.0,0.9633458646616542,0.950834879406308,0.9761904761904762,1050.0,0.9532530120481928,0.9648780487804878,0.941904761904762,1050.0,0.9666357738646896,0.9413357400722022,0.9933333333333332,1050.0,0.9572901325478644,0.9878419452887538,0.9285714285714286,1050.0,0.9672371638141808,0.9939698492462312,0.941904761904762,1050.0,0.9608675153229608,0.9514472455648926,0.9704761904761904,1050.0,0.9806694955209806,0.9710550887021476,0.9904761904761904,1050.0,0.9730496453900708,0.9661971830985916,0.98,1050.0,0.9870254685247476,0.9961202715809894,0.978095238095238,1050.0
int4_qat,16,0.0869434997439384,0.9743877649307252,0.1130781024694442,0.9674285650253296,0.9674285714285714,0.9674953220386424,0.0003000000142492,22.17498806399999,49000.0,2209.696792556525,0.9764536280634312,0.98545101842871,0.9676190476190476,1050.0,0.9750240153698368,0.9835271317829456,0.9666666666666668,1050.0,0.946629213483146,0.930939226519337,0.9628571428571427,1050.0,0.9653150952613582,0.9909729187562688,0.940952380952381,1050.0,0.956232159847764,0.9553231939163498,0.9571428571428572,1050.0,0.9645191409897292,0.945970695970696,0.9838095238095238,1050.0,0.96087786259542,0.962715105162524,0.959047619047619,1050.0,0.9812409812409814,0.9912536443148688,0.9714285714285714,1050.0,0.9672591206735268,0.9503676470588236,0.9847619047619048,1050.0,0.9814020028612304,0.982808022922636,0.98,1050.0
int4_qat,17,0.0802601724863052,0.9757550954818726,0.1038671284914016,0.9700000286102296,0.97,0.96992945603318,0.0003000000142492,22.6385366279992,49000.0,2164.450856748272,0.9814726840855108,0.9791469194312796,0.9838095238095238,1050.0,0.9661016949152544,0.9553072625698324,0.9771428571428572,1050.0,0.9590755897929708,0.9698149951314508,0.9485714285714286,1050.0,0.9807058823529412,0.9693023255813954,0.9923809523809524,1050.0,0.9614643545279384,0.97270955165692,0.9504761904761904,1050.0,0.977501196744854,0.9826756496631376,0.9723809523809523,1050.0,0.9530332681017613,0.9798792756539236,0.9276190476190476,1050.0,0.9729729729729728,0.9525547445255474,0.9942857142857144,1050.0,0.9675904180366368,0.9545875810936052,0.9809523809523808,1050.0,0.9793764988009592,0.9864734299516909,0.9723809523809523,1050.0
int4_qat,18,0.0825185477733612,0.9757959246635436,0.1018152311444282,0.971142828464508,0.9711428571428572,0.971134036792213,0.0003000000142492,22.66225306300112,49000.0,2162.1857219482936,0.9851461427886918,0.991321118611379,0.979047619047619,1050.0,0.9809160305343512,0.982791586998088,0.979047619047619,1050.0,0.9474654377880184,0.9178571428571428,0.979047619047619,1050.0,0.9752452125175152,0.9569202566452796,0.9942857142857144,1050.0,0.9634204275534444,0.961137440758294,0.9657142857142856,1050.0,0.9755630091039772,0.9816779170684669,0.9695238095238096,1050.0,0.9473684210526316,0.9896265560165975,0.9085714285714286,1050.0,0.9783834586466164,0.9656771799628944,0.9914285714285714,1050.0,0.9741626794258372,0.9788461538461538,0.9695238095238096,1050.0,0.983669548511047,0.992248062015504,0.9752380952380952,1050.0
int4_qat,19,0.075554683804512,0.9773061275482178,0.0965229570865631,0.9717142581939696,0.9717142857142858,0.9716756539368564,0.0003000000142492,22.694127963000938,49000.0,2159.148837086249,0.975586854460094,0.962037037037037,0.9895238095238096,1050.0,0.9770114942528736,0.9826589595375722,0.9714285714285714,1050.0,0.9588377723970944,0.9753694581280788,0.9428571428571428,1050.0,0.9764816556914394,0.9646840148698884,0.9885714285714284,1050.0,0.9600389863547756,0.9830339321357284,0.938095238095238,1050.0,0.9723282442748092,0.974187380497132,0.9704761904761904,1050.0,0.9665711556829034,0.9693486590038314,0.9638095238095238,1050.0,0.9833253930443068,0.9837940896091516,0.9828571428571428,1050.0,0.9656771799628944,0.9412296564195298,0.9914285714285714,1050.0,0.9808978032473734,0.9837164750957854,0.978095238095238,1050.0
int4_qat,20,0.0743342861533165,0.977326512336731,0.1105567663908004,0.968476176261902,0.9684761904761904,0.9684680163000552,0.0003000000142492,22.6507765919996,49000.0,2163.2812367813963,0.9783427495291902,0.967411545623836,0.9895238095238096,1050.0,0.9728944820909972,0.9891732283464568,0.9571428571428572,1050.0,0.947418285172904,0.942507068803016,0.9523809523809524,1050.0,0.9829706717123936,0.9765037593984962,0.9895238095238096,1050.0,0.9608610567514676,0.9879275653923542,0.9352380952380952,1050.0,0.9682151589242054,0.9949748743718592,0.9428571428571428,1050.0,0.9559512652296158,0.940959409594096,0.9714285714285714,1050.0,0.97918637653737,0.9727443609022556,0.9857142857142858,1050.0,0.9714285714285714,0.9714285714285714,0.9714285714285714,1050.0,0.967411545623836,0.9462659380692168,0.9895238095238096,1050.0
int4_qat,21,0.0740348398685455,0.977571427822113,0.0980310067534446,0.9715238213539124,0.9715238095238096,0.9715272841425916,0.0003000000142492,22.14305888799936,49000.0,2212.883064071876,0.983372921615202,0.981042654028436,0.9857142857142858,1050.0,0.9646017699115044,0.9969512195121952,0.9342857142857144,1050.0,0.952247191011236,0.93646408839779,0.9685714285714284,1050.0,0.9783223374175306,0.9682835820895522,0.9885714285714284,1050.0,0.9627862595419848,0.9646271510516252,0.960952380952381,1050.0,0.9776722090261282,0.9753554502369668,0.98,1050.0,0.9606903163950145,0.9671814671814672,0.9542857142857144,1050.0,0.9848484848484848,0.9792843691148776,0.9904761904761904,1050.0,0.9666196520921484,0.9545032497678736,0.979047619047619,1050.0,0.9841116995666828,0.9951314508276532,0.9733333333333334,1050.0
int4_qat,22,0.0643628686666488,0.9806326627731324,0.0888726562261581,0.9750476479530334,0.9750476190476192,0.975074632652538,0.0003000000142492,22.08327630299937,49000.0,2218.8736547821386,0.9836852207293666,0.9912959381044488,0.9761904761904762,1050.0,0.9768563162970106,0.9892578125,0.9647619047619048,1050.0,0.9570146433632498,0.9493908153701968,0.9647619047619048,1050.0,0.9843379212149976,0.9810785241248816,0.9876190476190476,1050.0,0.971563981042654,0.9669811320754716,0.9761904761904762,1050.0,0.9753554502369668,0.970754716981132,0.98,1050.0,0.9641319942611192,0.968299711815562,0.96,1050.0,0.9765258215962442,0.9629629629629628,0.9904761904761904,1050.0,0.9757258448357926,0.9752616555661276,0.9761904761904762,1050.0,0.9855491329479767,0.9970760233918128,0.9742857142857144,1050.0
int4_qat,23,0.0682170465588569,0.9795510172843932,0.0879663527011871,0.9747619032859802,0.9747619047619048,0.9747759912925404,0.0003000000142492,23.26205364000089,49000.0,2106.434829801129,0.9825059101654846,0.975586854460094,0.9895238095238096,1050.0,0.973391388485728,0.9891838741396264,0.958095238095238,1050.0,0.965979875419262,0.9720347155255544,0.96,1050.0,0.983357108892059,0.9819563152896488,0.9847619047619048,1050.0,0.966183574879227,0.9803921568627452,0.9523809523809524,1050.0,0.9743346007604564,0.9724857685009488,0.9761904761904762,1050.0,0.95817843866171,0.9355716878402904,0.981904761904762,1050.0,0.9871489766777723,0.9866793529971456,0.9876190476190476,1050.0,0.9719181342217992,0.9714557564224549,0.9723809523809523,1050.0,0.9847619047619048,0.9847619047619048,0.9847619047619048,1050.0
int4_qat,24,0.0590960085391998,0.9820408225059508,0.0903785228729248,0.976190447807312,0.9761904761904764,0.976210792403024,0.0003000000142492,22.01757007699962,49000.0,2225.4953579635585,0.9858223062381852,0.9784240150093808,0.9933333333333332,1050.0,0.9808978032473734,0.9837164750957854,0.978095238095238,1050.0,0.958930276981853,0.9616858237547892,0.956190476190476,1050.0,0.9824893516327496,0.9764816556914392,0.9885714285714284,1050.0,0.96987087517934,0.9740634005763688,0.9657142857142856,1050.0,0.9784997611084568,0.9817833173537872,0.9752380952380952,1050.0,0.9611241217798596,0.9456221198156682,0.9771428571428572,1050.0,0.9851033157135992,0.994180407371484,0.9761904761904762,1050.0,0.9751671442215856,0.977969348659004,0.9723809523809523,1050.0,0.984202967927238,0.989412897016362,0.979047619047619,1050.0
int4_qat,25,0.0626445263624191,0.98097962141037,0.0883537232875824,0.9731428623199464,0.9731428571428572,0.973169103036404,0.0003000000142492,23.622869101000106,49000.0,2074.2611657584607,0.9829545454545454,0.9774011299435028,0.9885714285714284,1050.0,0.9730751062824752,0.9653233364573572,0.9809523809523808,1050.0,0.9628557645923782,0.975562072336266,0.9504761904761904,1050.0,0.9785407725321889,0.9799426934097422,0.9771428571428572,1050.0,0.9650283553875236,0.9577861163227016,0.9723809523809523,1050.0,0.9733840304182508,0.9715370018975332,0.9752380952380952,1050.0,0.9598880597014924,0.9405850091407678,0.98,1050.0,0.9837786259541984,0.98565965583174,0.981904761904762,1050.0,0.9760765550239234,0.9807692307692308,0.9714285714285714,1050.0,0.9761092150170648,1.0,0.9533333333333334,1050.0
int4_qat,26,0.062390923500061,0.9805306196212769,0.1203285083174705,0.9681904911994934,0.9681904761904764,0.968504071738948,0.0003000000142492,23.284786013000485,49000.0,2104.3783684609366,0.9790076335877864,0.9808795411089866,0.9771428571428572,1050.0,0.9693486590038316,0.97495183044316,0.9638095238095238,1050.0,0.9591934709553528,0.9670861568247822,0.9514285714285714,1050.0,0.9824228028503562,0.9800947867298578,0.9847619047619048,1050.0,0.9622733953944146,0.9909182643794148,0.9352380952380952,1050.0,0.9750240153698368,0.9835271317829456,0.9666666666666668,1050.0,0.9231452687694358,0.86511240632806,0.9895238095238096,1050.0,0.9810964083175804,0.9737335834896812,0.9885714285714284,1050.0,0.9674915089762252,0.9861523244312562,0.9495238095238095,1050.0,0.9860375541646608,0.997078870496592,0.9752380952380952,1050.0
int4_qat,27,0.0575585700571537,0.98312246799469,0.0884005203843116,0.9759047627449036,0.9759047619047616,0.9759152825186378,0.0003000000142492,22.958481331999792,49000.0,2134.287511940228,0.984367598294647,0.9792648444863336,0.9895238095238096,1050.0,0.977587029089175,0.9789875835721108,0.9761904761904762,1050.0,0.960538979788258,0.970817120622568,0.9504761904761904,1050.0,0.9857278782112274,0.9847908745247148,0.9866666666666668,1050.0,0.9720616570327552,0.9834307992202728,0.960952380952381,1050.0,0.975421686746988,0.9873170731707316,0.9638095238095238,1050.0,0.9614132961413296,0.9391462306993642,0.9847619047619048,1050.0,0.983482774893818,0.9747427502338636,0.9923809523809524,1050.0,0.9729473184622686,0.9697256385998108,0.9761904761904762,1050.0,0.9856046065259118,0.993230174081238,0.978095238095238,1050.0
int4_qat,28,0.0530389845371246,0.9834898114204408,0.1065150052309036,0.970380961894989,0.9703809523809525,0.9703747006229928,0.0003000000142492,24.052618546000303,49000.0,2037.2002285858468,0.979381443298969,0.9640221402214022,0.9952380952380953,1050.0,0.9569945625308948,0.9948612538540595,0.921904761904762,1050.0,0.956479217603912,0.9829145728643216,0.9314285714285714,1050.0,0.9862624348649928,0.9811498586239396,0.9914285714285714,1050.0,0.9665071770334928,0.971153846153846,0.961904761904762,1050.0,0.9732016925246828,0.9610027855153204,0.9857142857142858,1050.0,0.947802197802198,0.9126984126984128,0.9857142857142858,1050.0,0.9822029822029822,0.9922254616132168,0.9723809523809523,1050.0,0.97215667767815,0.9635173058933584,0.9809523809523808,1050.0,0.9827586206896552,0.9884393063583816,0.9771428571428572,1050.0
int4_qat,29,0.0519631952047348,0.9845306277275084,0.0992018729448318,0.9730476140975952,0.973047619047619,0.973081121855698,0.0003000000142492,22.61154992000047,49000.0,2167.0341119189843,0.9756782039289056,0.9586397058823528,0.9933333333333332,1050.0,0.9779270633397312,0.9854932301740812,0.9704761904761904,1050.0,0.9606448553816976,0.9565627950897072,0.9647619047619048,1050.0,0.9808795411089866,0.9846449136276392,0.9771428571428572,1050.0,0.9648192771084336,0.9765853658536584,0.9533333333333334,1050.0,0.9686581782566112,0.9969758064516128,0.941904761904762,1050.0,0.9574468085106383,0.9307553956834532,0.9857142857142858,1050.0,0.9857142857142858,0.9857142857142858,0.9857142857142858,1050.0,0.9743101807802096,0.973384030418251,0.9752380952380952,1050.0,0.984732824427481,0.9866156787762906,0.9828571428571428,1050.0
int4_qat,30,0.0506119504570961,0.9845306277275084,0.0874449089169502,0.9781904816627502,0.9781904761904764,0.9781961402086706,0.0003000000142492,23.495260371999397,49000.0,2085.527005199569,0.984367598294647,0.9792648444863336,0.9895238095238096,1050.0,0.9786628733997156,0.9745042492917848,0.9828571428571428,1050.0,0.9683908045977012,0.9739884393063584,0.9628571428571427,1050.0,0.987075155576831,0.9923002887391724,0.981904761904762,1050.0,0.9739212897107634,0.9697828139754484,0.978095238095238,1050.0,0.977969348659004,0.9836223506743738,0.9723809523809523,1050.0,0.9678638941398866,0.9606003752345216,0.9752380952380952,1050.0,0.9825389334591788,0.9738072965388214,0.9914285714285714,1050.0,0.9784791965566716,0.9827089337175792,0.9742857142857144,1050.0,0.9826923076923078,0.9922330097087378,0.9733333333333334,1050.0
int4_qat,31,0.0475302152335643,0.9851632714271544,0.0988796353340148,0.9710476398468018,0.9710476190476192,0.9709914791544816,0.0003000000142492,22.56327456500003,49000.0,2171.6705994443028,0.981990521327014,0.9773584905660376,0.9866666666666668,1050.0,0.9745559289486316,0.9825750242013552,0.9666666666666668,1050.0,0.9531327084361124,0.9887410440122824,0.92,1050.0,0.9805225653206652,0.9781990521327014,0.9828571428571428,1050.0,0.9640831758034026,0.9568480300187616,0.9714285714285714,1050.0,0.9732313575525812,0.9769673704414588,0.9695238095238096,1050.0,0.9618604651162792,0.94,0.9847619047619048,1050.0,0.9792843691148776,0.968342644320298,0.9904761904761904,1050.0,0.9724427837459132,0.9541704857928506,0.9914285714285714,1050.0,0.9688109161793372,0.9920159680638724,0.9466666666666668,1050.0
int4_qat,32,0.0511842370033264,0.9845510125160216,0.0884736180305481,0.975333333015442,0.9753333333333334,0.9753582626566762,0.0003000000142492,22.4355745110006,49000.0,2184.0314352536125,0.9792452830188678,0.9700934579439252,0.9885714285714284,1050.0,0.9743346007604564,0.9724857685009488,0.9761904761904762,1050.0,0.9667300380228138,0.9648956356736242,0.9685714285714284,1050.0,0.9806763285024154,0.9950980392156864,0.9666666666666668,1050.0,0.9725565719788156,0.9834469328140214,0.961904761904762,1050.0,0.9718574108818012,0.9574861367837338,0.9866666666666668,1050.0,0.9635933806146572,0.9568075117370892,0.9704761904761904,1050.0,0.9846005774783446,0.995136186770428,0.9742857142857144,1050.0,0.977565632458234,0.9799043062200956,0.9752380952380952,1050.0,0.9824228028503562,0.9800947867298578,0.9847619047619048,1050.0
int4_qat,33,0.0466850250959396,0.985510230064392,0.0933572649955749,0.9747619032859802,0.9747619047619048,0.9747953087315916,0.0003000000142492,22.853196848000152,49000.0,2144.1201564011344,0.9837940896091516,0.9847328244274808,0.9828571428571428,1050.0,0.976721629485936,0.9950592885375494,0.959047619047619,1050.0,0.9626477541371158,0.955868544600939,0.9695238095238096,1050.0,0.9797882579403272,0.990272373540856,0.9695238095238096,1050.0,0.966990291262136,0.986138613861386,0.9485714285714286,1050.0,0.972391202620496,0.9558417663293468,0.9895238095238096,1050.0,0.9652582159624412,0.9518518518518518,0.979047619047619,1050.0,0.986564299424184,0.9941972920696324,0.979047619047619,1050.0,0.9704086425551902,0.9573679332715476,0.9838095238095238,1050.0,0.983388704318937,0.9801324503311258,0.9866666666666668,1050.0
int4_qat,34,0.0425120294094085,0.9866734743118286,0.0908867418766021,0.9747619032859802,0.9747619047619048,0.9747642282230604,0.0003000000142492,22.91531929200028,49000.0,2138.307538970485,0.9844119036372224,0.9765698219306468,0.9923809523809524,1050.0,0.9777347531461762,0.9940944881889764,0.961904761904762,1050.0,0.9620991253644317,0.9821428571428572,0.9428571428571428,1050.0,0.9796690307328606,0.9727699530516432,0.9866666666666668,1050.0,0.9664302600472812,0.95962441314554,0.9733333333333334,1050.0,0.9653882132834424,0.9485294117647058,0.9828571428571428,1050.0,0.9683514407179972,0.9606373008434864,0.9761904761904762,1050.0,0.9875835721107928,0.9904214559386972,0.9847619047619048,1050.0,0.97079942556247,0.9759384023099134,0.9657142857142856,1050.0,0.9851745576279292,0.989433237271854,0.9809523809523808,1050.0
int4_qat,35,0.040835577994585,0.9877142906188964,0.0842911601066589,0.9770476222038268,0.9770476190476188,0.9770410556778848,0.0003000000142492,22.45781978299965,49000.0,2181.868074170429,0.9743110695936478,0.9560036663611364,0.9933333333333332,1050.0,0.9757258448357926,0.9752616555661276,0.9761904761904762,1050.0,0.973102785782901,0.9815891472868216,0.9647619047619048,1050.0,0.9866793529971456,0.9857414448669202,0.9876190476190476,1050.0,0.9682997118155618,0.9767441860465116,0.96,1050.0,0.9766777724892908,0.9762131303520456,0.9771428571428572,1050.0,0.9744075829383886,0.969811320754717,0.979047619047619,1050.0,0.9839167455061494,0.9774436090225564,0.9904761904761904,1050.0,0.9760306807286672,0.9826254826254828,0.9695238095238096,1050.0,0.9812590100913022,0.9903006789524732,0.9723809523809523,1050.0
int4_qat,36,0.0387283861637115,0.9882245063781738,0.0845259055495262,0.977238118648529,0.9772380952380952,0.9772537495139672,0.0003000000142492,22.28625107100015,49000.0,2198.664990531357,0.983732057416268,0.9884615384615384,0.979047619047619,1050.0,0.9805225653206652,0.9781990521327014,0.9828571428571428,1050.0,0.9646609360076408,0.9674329501915708,0.961904761904762,1050.0,0.9761570827489482,0.9586776859504132,0.9942857142857144,1050.0,0.9751908396946564,0.977055449330784,0.9733333333333334,1050.0,0.9730496453900708,0.9661971830985916,0.98,1050.0,0.9719714964370546,0.9696682464454977,0.9742857142857144,1050.0,0.9870503597122302,0.9942028985507246,0.98,1050.0,0.9800380228136882,0.978178368121442,0.981904761904762,1050.0,0.9801644895984518,0.9960668633235004,0.9647619047619048,1050.0
int4_qat,37,0.0407479107379913,0.9877142906188964,0.0851600468158721,0.9785714149475098,0.9785714285714286,0.9785451573667678,0.0003000000142492,22.659643844999664,49000.0,2162.434693818584,0.98565965583174,0.989443378119002,0.981904761904762,1050.0,0.9852591535901094,0.9838556505223172,0.9866666666666668,1050.0,0.9610136452241717,0.9840319361277444,0.939047619047619,1050.0,0.9783631232361242,0.966542750929368,0.9904761904761904,1050.0,0.9701563240170537,0.9651272384542884,0.9752380952380952,1050.0,0.9773584905660376,0.9682242990654204,0.9866666666666668,1050.0,0.9732569245463228,0.9760536398467432,0.9704761904761904,1050.0,0.9875239923224568,0.995164410058027,0.98,1050.0,0.9792648444863336,0.9692164179104478,0.9895238095238096,1050.0,0.9875954198473282,0.9894837476099426,0.9857142857142858,1050.0
int4_qat,38,0.0372572392225265,0.9883877635002136,0.1057747527956962,0.9714285731315612,0.9714285714285712,0.9714143584240056,0.0003000000142492,22.302847480999844,49000.0,2197.0288790139416,0.9818702290076337,0.9837476099426388,0.98,1050.0,0.9615206305053314,0.93676603432701,0.9876190476190476,1050.0,0.960952380952381,0.960952380952381,0.960952380952381,1050.0,0.9830188679245284,0.9738317757009346,0.9923809523809524,1050.0,0.9543446244477172,0.9848024316109424,0.9257142857142856,1050.0,0.977587029089175,0.9789875835721108,0.9761904761904762,1050.0,0.96045197740113,0.9497206703910616,0.9714285714285714,1050.0,0.9829706717123936,0.9765037593984962,0.9895238095238096,1050.0,0.9732824427480916,0.9751434034416826,0.9714285714285714,1050.0,0.9781447304516756,0.998017839444995,0.959047619047619,1050.0
int4_qat,39,0.0396330244839191,0.9876939058303832,0.084076203405857,0.9776190519332886,0.9776190476190476,0.9776264994307132,0.0003000000142492,22.76270287400075,49000.0,2152.644186027975,0.9863013698630136,0.9784442361761948,0.9942857142857144,1050.0,0.9823051171688186,0.9865513928914506,0.978095238095238,1050.0,0.962406015037594,0.9499072356215214,0.9752380952380952,1050.0,0.982725527831094,0.9903288201160542,0.9752380952380952,1050.0,0.9756563245823388,0.9779904306220096,0.9733333333333334,1050.0,0.9791469194312796,0.9745283018867924,0.9838095238095238,1050.0,0.96455938697318,0.9701348747591522,0.959047619047619,1050.0,0.98292220113852,0.9792060491493384,0.9866666666666668,1050.0,0.9769008662175168,0.9873540856031128,0.9666666666666668,1050.0,0.9833412660637793,0.9828734538534728,0.9838095238095238,1050.0
int4_qat,40,0.0348396077752113,0.9891428351402284,0.0898251235485076,0.975333333015442,0.9753333333333334,0.97537772843943,0.0003000000142492,22.578157969999666,49000.0,2170.2390454131773,0.9861575178997612,0.9885167464114832,0.9838095238095238,1050.0,0.97568093385214,0.9970178926441352,0.9552380952380952,1050.0,0.961269248716752,0.9423604757548032,0.9809523809523808,1050.0,0.9809705042816363,0.9800380228136882,0.981904761904762,1050.0,0.9707271010387156,0.9625468164794008,0.979047619047619,1050.0,0.9713211095439588,0.959145775301764,0.9838095238095238,1050.0,0.9637750238322212,0.9646946564885496,0.9628571428571427,1050.0,0.9833412660637793,0.9828734538534728,0.9838095238095238,1050.0,0.975374215354901,0.98922624877571,0.961904761904762,1050.0,0.9851603638104356,0.9903753609239654,0.98,1050.0
int4_qat,41,0.0368825159966945,0.988673448562622,0.0774087905883789,0.978952407836914,0.9789523809523808,0.9789406261257814,0.0003000000142492,22.2589448939998,49000.0,2201.3622044236527,0.9824893516327496,0.9764816556914392,0.9885714285714284,1050.0,0.9832935560859188,0.985645933014354,0.9809523809523808,1050.0,0.9664107485604606,0.9738878143133464,0.959047619047619,1050.0,0.983372921615202,0.981042654028436,0.9857142857142858,1050.0,0.9733587059942912,0.9724334600760456,0.9742857142857144,1050.0,0.9789674952198852,0.982725527831094,0.9752380952380952,1050.0,0.9718377088305488,0.9741626794258372,0.9695238095238096,1050.0,0.9805595068752964,0.9763928234183192,0.9847619047619048,1050.0,0.9800947867298578,0.9754716981132076,0.9847619047619048,1050.0,0.989021479713604,0.9913875598086124,0.9866666666666668,1050.0
int4_qat,42,0.0333726592361927,0.9900000095367432,0.0769075900316238,0.9786666631698608,0.9786666666666668,0.9786806128070976,0.0003000000142492,23.1035700930006,49000.0,2120.884339639133,0.9880782069623272,0.9894937917860552,0.9866666666666668,1050.0,0.9824561403508772,0.9782813975448535,0.9866666666666668,1050.0,0.9627885068299576,0.9524697110904008,0.9733333333333334,1050.0,0.9862101759391346,0.9848053181386516,0.9876190476190476,1050.0,0.9754689754689756,0.9854227405247812,0.9657142857142856,1050.0,0.9793368572801538,0.988360814742968,0.9704761904761904,1050.0,0.9679272379128768,0.973051010587103,0.9628571428571427,1050.0,0.9807240244475788,0.968430826369545,0.9933333333333332,1050.0,0.9758179231863442,0.9716713881019832,0.98,1050.0,0.9879980796927508,0.9961277831558568,0.98,1050.0
int4_qat,43,0.0348340049386024,0.989102065563202,0.1012107878923416,0.9740952253341676,0.974095238095238,0.9741732853316838,0.0003000000142492,22.553060824000568,49000.0,2172.654097037466,0.9842782277274892,0.984747378455672,0.9838095238095238,1050.0,0.9757045675413022,0.996031746031746,0.956190476190476,1050.0,0.9456869009584664,0.9079754601226994,0.9866666666666668,1050.0,0.9804482594182166,0.9818529130850048,0.979047619047619,1050.0,0.9698420296792724,0.97497593840231,0.9647619047619048,1050.0,0.9805225653206652,0.9781990521327014,0.9828571428571428,1050.0,0.9580896686159844,0.9810379241516968,0.9361904761904762,1050.0,0.98531501657982,0.9802073515551368,0.9904761904761904,1050.0,0.9770114942528736,0.9826589595375722,0.9714285714285714,1050.0,0.9848341232227488,0.980188679245283,0.9895238095238096,1050.0
int4_qat,44,0.0324376486241817,0.9898979663848876,0.0812838450074195,0.9782857298851012,0.9782857142857144,0.978271826772821,0.0003000000142492,22.36628070400002,49000.0,2190.7978643600213,0.9833412660637793,0.9828734538534728,0.9838095238095238,1050.0,0.9772079772079773,0.9744318181818182,0.98,1050.0,0.9686311787072244,0.9667931688804554,0.9704761904761904,1050.0,0.9857142857142858,0.9857142857142858,0.9857142857142858,1050.0,0.9697560975609756,0.994,0.9466666666666668,1050.0,0.9837786259541984,0.98565965583174,0.981904761904762,1050.0,0.9687203791469196,0.9641509433962264,0.9733333333333334,1050.0,0.9825553983969826,0.972922502334267,0.9923809523809524,1050.0,0.9739706578324656,0.9680150517403576,0.98,1050.0,0.9890424011434016,0.9895138226882746,0.9885714285714284,1050.0
int4_qat,45,0.0316556431353092,0.989775538444519,0.0841411426663398,0.9781904816627502,0.9781904761904764,0.9782182498083738,0.0003000000142492,22.71707348299969,49000.0,2156.967975503936,0.985202863961814,0.9875598086124402,0.9828571428571428,1050.0,0.9842180774748924,0.9884726224783862,0.98,1050.0,0.9669499527856468,0.9588014981273408,0.9752380952380952,1050.0,0.9778823529411764,0.9665116279069768,0.9895238095238096,1050.0,0.9732057416267942,0.9778846153846154,0.9685714285714284,1050.0,0.9731764705882352,0.9618604651162792,0.9847619047619048,1050.0,0.9708830548926014,0.9732057416267944,0.9685714285714284,1050.0,0.9860911270983213,0.9932367149758454,0.979047619047619,1050.0,0.9799426934097422,0.9827586206896552,0.9771428571428572,1050.0,0.9846301633045148,0.993217054263566,0.9761904761904762,1050.0
int4_qat,46,0.0325859300792217,0.9902856945991516,0.0873830690979957,0.9767618775367736,0.9767619047619048,0.9767676681724522,0.0003000000142492,23.36658250900109,49000.0,2097.011832223416,0.98567335243553,0.9885057471264368,0.9828571428571428,1050.0,0.9818355640535372,0.9856046065259118,0.978095238095238,1050.0,0.9628933771723812,0.9499536607970342,0.9761904761904762,1050.0,0.98059630856602,0.9746001881467544,0.9866666666666668,1050.0,0.9714008725157538,0.9891411648568608,0.9542857142857144,1050.0,0.9741176470588236,0.9627906976744186,0.9857142857142858,1050.0,0.9727142173288654,0.9778633301251204,0.9676190476190476,1050.0,0.9877126654064272,0.9803001876172608,0.9952380952380953,1050.0,0.9746001881467544,0.9628252788104088,0.9866666666666668,1050.0,0.9761324890404286,0.9990029910269193,0.9542857142857144,1050.0
int4_qat,47,0.0295349564403295,0.990795910358429,0.0810889974236488,0.9803809523582458,0.9803809523809524,0.9803805418948284,0.0003000000142492,24.713642851998884,49000.0,1982.710533345625,0.987535953978907,0.9942084942084942,0.9809523809523808,1050.0,0.9823389021479714,0.9846889952153112,0.98,1050.0,0.9682386910490856,0.9785992217898832,0.958095238095238,1050.0,0.9807058823529412,0.9693023255813954,0.9923809523809524,1050.0,0.9770114942528736,0.9826589595375722,0.9714285714285714,1050.0,0.975932043416706,0.9672591206735268,0.9847619047619048,1050.0,0.9753787878787878,0.9698681732580038,0.9809523809523808,1050.0,0.983451536643026,0.976525821596244,0.9904761904761904,1050.0,0.9832455720440404,0.9884504331087584,0.978095238095238,1050.0,0.9899665551839464,0.9932885906040269,0.9866666666666668,1050.0
int4_qat,48,0.0301424637436866,0.9907755255699158,0.0892153307795524,0.9767618775367736,0.9767619047619048,0.9767361842890822,0.0003000000142492,23.371025206999548,49000.0,2096.613202287962,0.980169971671388,0.9719101123595506,0.9885714285714284,1050.0,0.9814550641940084,0.98005698005698,0.9828571428571428,1050.0,0.96186844613918,0.9627862595419848,0.960952380952381,1050.0,0.9788831534490848,0.9648473635522664,0.9933333333333332,1050.0,0.966861598440546,0.9900199600798404,0.9447619047619048,1050.0,0.9786019971469332,0.9772079772079773,0.98,1050.0,0.9696394686907022,0.9659735349716446,0.9733333333333334,1050.0,0.9866920152091256,0.9848197343453512,0.9885714285714284,1050.0,0.9775441949354992,0.980824544582934,0.9742857142857144,1050.0,0.985645933014354,0.9903846153846154,0.9809523809523808,1050.0
int4_qat,49,0.0271330941468477,0.9917346835136414,0.0883029997348785,0.977238118648529,0.9772380952380952,0.97725657397276,0.0003000000142492,24.345766807999095,49000.0,2012.670226673676,0.9857819905213272,0.981132075471698,0.9904761904761904,1050.0,0.981939163498099,0.9800759013282732,0.9838095238095238,1050.0,0.9636363636363636,0.9682692307692308,0.959047619047619,1050.0,0.983372921615202,0.981042654028436,0.9857142857142858,1050.0,0.978825794032724,0.9892996108949416,0.9685714285714284,1050.0,0.9690431519699813,0.9547134935304992,0.9838095238095238,1050.0,0.9676511954992968,0.9529085872576176,0.9828571428571428,1050.0,0.9871121718377088,0.9894736842105264,0.9847619047619048,1050.0,0.9706024096385544,0.982439024390244,0.959047619047619,1050.0,0.9846005774783446,0.995136186770428,0.9742857142857144,1050.0
int4_qat,50,0.0270458590239286,0.9917551279067992,0.0810798928141594,0.978952407836914,0.978952380952381,0.9789360930782036,0.0003000000142492,24.83075192599972,49000.0,1973.3594917314283,0.98670465337132,0.9839015151515152,0.9895238095238096,1050.0,0.9805225653206652,0.9781990521327014,0.9828571428571428,1050.0,0.9678039404132628,0.976721629485936,0.959047619047619,1050.0,0.98531501657982,0.9802073515551368,0.9904761904761904,1050.0,0.9758454106280192,0.9901960784313726,0.961904761904762,1050.0,0.9778420038535646,0.9892787524366472,0.9666666666666668,1050.0,0.9669811320754718,0.9579439252336448,0.9761904761904762,1050.0,0.9839924670433144,0.972998137802607,0.9952380952380953,1050.0,0.979591836734694,0.9763481551561022,0.9828571428571428,1050.0,0.9847619047619048,0.9847619047619048,0.9847619047619048,1050.0
