campaign,stage,dataset,condition,run_id,class_label,class_name,precision,recall,f1,support
activation,training,cifar10,relu,cifar10__unit_interval__all_raw__seed-42,0,airplane,0.6562835660580022,0.6788888888888889,0.667394866193337,900
activation,training,cifar10,relu,cifar10__unit_interval__all_raw__seed-42,1,automobile,0.7392776523702032,0.7277777777777777,0.7334826427771556,900
activation,training,cifar10,relu,cifar10__unit_interval__all_raw__seed-42,2,bird,0.5680672268907563,0.37555555555555553,0.45217391304347826,900
activation,training,cifar10,relu,cifar10__unit_interval__all_raw__seed-42,3,cat,0.36129032258064514,0.18666666666666668,0.24615384615384614,900
activation,training,cifar10,relu,cifar10__unit_interval__all_raw__seed-42,4,deer,0.4591947769314472,0.4688888888888889,0.4639912039582188,900
activation,training,cifar10,relu,cifar10__unit_interval__all_raw__seed-42,5,dog,0.47929606625258797,0.5144444444444445,0.4962486602357985,900
activation,training,cifar10,relu,cifar10__unit_interval__all_raw__seed-42,6,frog,0.7043478260869566,0.63,0.6651026392961877,900
activation,training,cifar10,relu,cifar10__unit_interval__all_raw__seed-42,7,horse,0.7556742323097463,0.6288888888888889,0.6864766525166768,900
activation,training,cifar10,relu,cifar10__unit_interval__all_raw__seed-42,8,ship,0.8035264483627204,0.7088888888888889,0.7532467532467533,900
activation,training,cifar10,relu,cifar10__unit_interval__all_raw__seed-42,9,truck,0.3544973544973545,0.7444444444444445,0.48028673835125446,900
activation,training,cifar10,sigmoid,cifar10__unit_interval__all_raw__seed-42,0,airplane,0.7065217391304348,0.7222222222222222,0.7142857142857144,900
activation,training,cifar10,sigmoid,cifar10__unit_interval__all_raw__seed-42,1,automobile,0.800982800982801,0.7244444444444444,0.7607934655775963,900
activation,training,cifar10,sigmoid,cifar10__unit_interval__all_raw__seed-42,2,bird,0.535931790499391,0.4888888888888889,0.5113306217315514,900
activation,training,cifar10,sigmoid,cifar10__unit_interval__all_raw__seed-42,3,cat,0.3800738007380074,0.4577777777777778,0.41532258064516125,900
activation,training,cifar10,sigmoid,cifar10__unit_interval__all_raw__seed-42,4,deer,0.6332899869960988,0.5411111111111111,0.5835829838226483,900
activation,training,cifar10,sigmoid,cifar10__unit_interval__all_raw__seed-42,5,dog,0.47697031729785055,0.5177777777777778,0.49653702717101755,900
activation,training,cifar10,sigmoid,cifar10__unit_interval__all_raw__seed-42,6,frog,0.632486388384755,0.7744444444444445,0.6963036963036964,900
activation,training,cifar10,sigmoid,cifar10__unit_interval__all_raw__seed-42,7,horse,0.799410029498525,0.6022222222222222,0.6869455006337136,900
activation,training,cifar10,sigmoid,cifar10__unit_interval__all_raw__seed-42,8,ship,0.8105022831050228,0.7888888888888889,0.7995495495495495,900
activation,training,cifar10,sigmoid,cifar10__unit_interval__all_raw__seed-42,9,truck,0.7028154327424401,0.7488888888888889,0.7251210328133406,900
activation,training,cifar10,softmax,cifar10__unit_interval__all_raw__seed-42,0,airplane,0.1,1.0,0.18181818181818182,900
activation,training,cifar10,softmax,cifar10__unit_interval__all_raw__seed-42,1,automobile,0.0,0.0,0.0,900
activation,training,cifar10,softmax,cifar10__unit_interval__all_raw__seed-42,2,bird,0.0,0.0,0.0,900
activation,training,cifar10,softmax,cifar10__unit_interval__all_raw__seed-42,3,cat,0.0,0.0,0.0,900
activation,training,cifar10,softmax,cifar10__unit_interval__all_raw__seed-42,4,deer,0.0,0.0,0.0,900
activation,training,cifar10,softmax,cifar10__unit_interval__all_raw__seed-42,5,dog,0.0,0.0,0.0,900
activation,training,cifar10,softmax,cifar10__unit_interval__all_raw__seed-42,6,frog,0.0,0.0,0.0,900
activation,training,cifar10,softmax,cifar10__unit_interval__all_raw__seed-42,7,horse,0.0,0.0,0.0,900
activation,training,cifar10,softmax,cifar10__unit_interval__all_raw__seed-42,8,ship,0.0,0.0,0.0,900
activation,training,cifar10,softmax,cifar10__unit_interval__all_raw__seed-42,9,truck,0.0,0.0,0.0,900
activation,training,cifar100_coarse,relu,cifar100_coarse__unit_interval__all_raw__seed-42,0,aquatic_mammals,0.46078431372549017,0.2088888888888889,0.28746177370030584,450
activation,training,cifar100_coarse,relu,cifar100_coarse__unit_interval__all_raw__seed-42,1,fish,0.3993610223642173,0.2777777777777778,0.32765399737876805,450
activation,training,cifar100_coarse,relu,cifar100_coarse__unit_interval__all_raw__seed-42,10,large_natural_outdoor_scenes,0.8341013824884793,0.4022222222222222,0.5427286356821589,450
activation,training,cifar100_coarse,relu,cifar100_coarse__unit_interval__all_raw__seed-42,11,large_omnivores_and_herbivores,0.164021164021164,0.06888888888888889,0.09702660406885759,450
activation,training,cifar100_coarse,relu,cifar100_coarse__unit_interval__all_raw__seed-42,12,medium_mammals,0.1987179487179487,0.27555555555555555,0.2309124767225326,450
activation,training,cifar100_coarse,relu,cifar100_coarse__unit_interval__all_raw__seed-42,13,non-insect_invertebrates,0.0,0.0,0.0,450
activation,training,cifar100_coarse,relu,cifar100_coarse__unit_interval__all_raw__seed-42,14,people,0.4422657952069717,0.45111111111111113,0.4466446644664467,450
activation,training,cifar100_coarse,relu,cifar100_coarse__unit_interval__all_raw__seed-42,15,reptiles,0.2,0.0022222222222222222,0.004395604395604396,450
activation,training,cifar100_coarse,relu,cifar100_coarse__unit_interval__all_raw__seed-42,16,small_mammals,0.0,0.0,0.0,450
activation,training,cifar100_coarse,relu,cifar100_coarse__unit_interval__all_raw__seed-42,17,trees,0.865979381443299,0.56,0.6801619433198381,450
activation,training,cifar100_coarse,relu,cifar100_coarse__unit_interval__all_raw__seed-42,18,vehicles_1,0.4239766081871345,0.32222222222222224,0.3661616161616162,450
activation,training,cifar100_coarse,relu,cifar100_coarse__unit_interval__all_raw__seed-42,19,vehicles_2,0.5161290322580645,0.24888888888888888,0.335832083958021,450
activation,training,cifar100_coarse,relu,cifar100_coarse__unit_interval__all_raw__seed-42,2,flowers,0.7056962025316456,0.4955555555555556,0.5822454308093995,450
activation,training,cifar100_coarse,relu,cifar100_coarse__unit_interval__all_raw__seed-42,3,food_containers,0.508,0.2822222222222222,0.3628571428571429,450
activation,training,cifar100_coarse,relu,cifar100_coarse__unit_interval__all_raw__seed-42,4,fruit_and_vegetables,0.13894628099173553,0.5977777777777777,0.22548197820620283,450
activation,training,cifar100_coarse,relu,cifar100_coarse__unit_interval__all_raw__seed-42,5,household_electrical_devices,0.39622641509433965,0.14,0.20689655172413796,450
activation,training,cifar100_coarse,relu,cifar100_coarse__unit_interval__all_raw__seed-42,6,household_furniture,0.12744550027948576,0.5066666666666667,0.2036623492630639,450
activation,training,cifar100_coarse,relu,cifar100_coarse__unit_interval__all_raw__seed-42,7,insects,0.27514792899408286,0.41333333333333333,0.330373001776199,450
activation,training,cifar100_coarse,relu,cifar100_coarse__unit_interval__all_raw__seed-42,8,large_carnivores,0.22113502935420742,0.2511111111111111,0.2351716961498439,450
activation,training,cifar100_coarse,relu,cifar100_coarse__unit_interval__all_raw__seed-42,9,large_man-made_outdoor_things,0.5029940119760479,0.56,0.529968454258675,450
activation,training,cifar100_coarse,sigmoid,cifar100_coarse__unit_interval__all_raw__seed-42,0,aquatic_mammals,0.4596774193548387,0.25333333333333335,0.32664756446991405,450
activation,training,cifar100_coarse,sigmoid,cifar100_coarse__unit_interval__all_raw__seed-42,1,fish,0.3929824561403509,0.24888888888888888,0.3047619047619048,450
activation,training,cifar100_coarse,sigmoid,cifar100_coarse__unit_interval__all_raw__seed-42,10,large_natural_outdoor_scenes,0.6981627296587927,0.5911111111111111,0.6401925391095066,450
activation,training,cifar100_coarse,sigmoid,cifar100_coarse__unit_interval__all_raw__seed-42,11,large_omnivores_and_herbivores,0.3075221238938053,0.3088888888888889,0.30820399113082037,450
activation,training,cifar100_coarse,sigmoid,cifar100_coarse__unit_interval__all_raw__seed-42,12,medium_mammals,0.1919191919191919,0.25333333333333335,0.21839080459770116,450
activation,training,cifar100_coarse,sigmoid,cifar100_coarse__unit_interval__all_raw__seed-42,13,non-insect_invertebrates,0.15178571428571427,0.03777777777777778,0.0604982206405694,450
activation,training,cifar100_coarse,sigmoid,cifar100_coarse__unit_interval__all_raw__seed-42,14,people,0.33455433455433453,0.6088888888888889,0.43183609141055945,450
activation,training,cifar100_coarse,sigmoid,cifar100_coarse__unit_interval__all_raw__seed-42,15,reptiles,0.11320754716981132,0.02666666666666667,0.04316546762589928,450
activation,training,cifar100_coarse,sigmoid,cifar100_coarse__unit_interval__all_raw__seed-42,16,small_mammals,0.11149825783972125,0.07111111111111111,0.08683853459972864,450
activation,training,cifar100_coarse,sigmoid,cifar100_coarse__unit_interval__all_raw__seed-42,17,trees,0.7288135593220338,0.6688888888888889,0.6975666280417149,450
activation,training,cifar100_coarse,sigmoid,cifar100_coarse__unit_interval__all_raw__seed-42,18,vehicles_1,0.405,0.36,0.38117647058823534,450
activation,training,cifar100_coarse,sigmoid,cifar100_coarse__unit_interval__all_raw__seed-42,19,vehicles_2,0.3843843843843844,0.28444444444444444,0.32694763729246484,450
activation,training,cifar100_coarse,sigmoid,cifar100_coarse__unit_interval__all_raw__seed-42,2,flowers,0.576214405360134,0.7644444444444445,0.6571155682903533,450
activation,training,cifar100_coarse,sigmoid,cifar100_coarse__unit_interval__all_raw__seed-42,3,food_containers,0.38317757009345793,0.2733333333333333,0.31906614785992216,450
activation,training,cifar100_coarse,sigmoid,cifar100_coarse__unit_interval__all_raw__seed-42,4,fruit_and_vegetables,0.42403628117913833,0.41555555555555557,0.41975308641975306,450
activation,training,cifar100_coarse,sigmoid,cifar100_coarse__unit_interval__all_raw__seed-42,5,household_electrical_devices,0.32894736842105265,0.2222222222222222,0.2652519893899204,450
activation,training,cifar100_coarse,sigmoid,cifar100_coarse__unit_interval__all_raw__seed-42,6,household_furniture,0.23978919631093545,0.40444444444444444,0.3010752688172043,450
activation,training,cifar100_coarse,sigmoid,cifar100_coarse__unit_interval__all_raw__seed-42,7,insects,0.3563402889245586,0.49333333333333335,0.41379310344827586,450
activation,training,cifar100_coarse,sigmoid,cifar100_coarse__unit_interval__all_raw__seed-42,8,large_carnivores,0.210752688172043,0.43555555555555553,0.28405797101449276,450
activation,training,cifar100_coarse,sigmoid,cifar100_coarse__unit_interval__all_raw__seed-42,9,large_man-made_outdoor_things,0.453781512605042,0.6,0.5167464114832535,450
activation,training,cifar100_coarse,softmax,cifar100_coarse__unit_interval__all_raw__seed-42,0,aquatic_mammals,0.0,0.0,0.0,450
activation,training,cifar100_coarse,softmax,cifar100_coarse__unit_interval__all_raw__seed-42,1,fish,0.05,1.0,0.09523809523809523,450
activation,training,cifar100_coarse,softmax,cifar100_coarse__unit_interval__all_raw__seed-42,10,large_natural_outdoor_scenes,0.0,0.0,0.0,450
activation,training,cifar100_coarse,softmax,cifar100_coarse__unit_interval__all_raw__seed-42,11,large_omnivores_and_herbivores,0.0,0.0,0.0,450
activation,training,cifar100_coarse,softmax,cifar100_coarse__unit_interval__all_raw__seed-42,12,medium_mammals,0.0,0.0,0.0,450
activation,training,cifar100_coarse,softmax,cifar100_coarse__unit_interval__all_raw__seed-42,13,non-insect_invertebrates,0.0,0.0,0.0,450
activation,training,cifar100_coarse,softmax,cifar100_coarse__unit_interval__all_raw__seed-42,14,people,0.0,0.0,0.0,450
activation,training,cifar100_coarse,softmax,cifar100_coarse__unit_interval__all_raw__seed-42,15,reptiles,0.0,0.0,0.0,450
activation,training,cifar100_coarse,softmax,cifar100_coarse__unit_interval__all_raw__seed-42,16,small_mammals,0.0,0.0,0.0,450
activation,training,cifar100_coarse,softmax,cifar100_coarse__unit_interval__all_raw__seed-42,17,trees,0.0,0.0,0.0,450
activation,training,cifar100_coarse,softmax,cifar100_coarse__unit_interval__all_raw__seed-42,18,vehicles_1,0.0,0.0,0.0,450
activation,training,cifar100_coarse,softmax,cifar100_coarse__unit_interval__all_raw__seed-42,19,vehicles_2,0.0,0.0,0.0,450
activation,training,cifar100_coarse,softmax,cifar100_coarse__unit_interval__all_raw__seed-42,2,flowers,0.0,0.0,0.0,450
activation,training,cifar100_coarse,softmax,cifar100_coarse__unit_interval__all_raw__seed-42,3,food_containers,0.0,0.0,0.0,450
activation,training,cifar100_coarse,softmax,cifar100_coarse__unit_interval__all_raw__seed-42,4,fruit_and_vegetables,0.0,0.0,0.0,450
activation,training,cifar100_coarse,softmax,cifar100_coarse__unit_interval__all_raw__seed-42,5,household_electrical_devices,0.0,0.0,0.0,450
activation,training,cifar100_coarse,softmax,cifar100_coarse__unit_interval__all_raw__seed-42,6,household_furniture,0.0,0.0,0.0,450
activation,training,cifar100_coarse,softmax,cifar100_coarse__unit_interval__all_raw__seed-42,7,insects,0.0,0.0,0.0,450
activation,training,cifar100_coarse,softmax,cifar100_coarse__unit_interval__all_raw__seed-42,8,large_carnivores,0.0,0.0,0.0,450
activation,training,cifar100_coarse,softmax,cifar100_coarse__unit_interval__all_raw__seed-42,9,large_man-made_outdoor_things,0.0,0.0,0.0,450
activation,training,emnist_balanced,relu,emnist_balanced__unit_interval__all_raw__seed-42,0,0,0.552833078101072,0.8595238095238096,0.6728797763280522,420
activation,training,emnist_balanced,relu,emnist_balanced__unit_interval__all_raw__seed-42,1,1,0.522508038585209,0.7738095238095238,0.6238003838771593,420
activation,training,emnist_balanced,relu,emnist_balanced__unit_interval__all_raw__seed-42,10,10,0.8937093275488069,0.9809523809523809,0.9353007945516458,420
activation,training,emnist_balanced,relu,emnist_balanced__unit_interval__all_raw__seed-42,11,11,0.9225181598062954,0.9071428571428571,0.914765906362545,420
activation,training,emnist_balanced,relu,emnist_balanced__unit_interval__all_raw__seed-42,12,12,0.8854625550660793,0.9571428571428572,0.9199084668192219,420
activation,training,emnist_balanced,relu,emnist_balanced__unit_interval__all_raw__seed-42,13,13,0.9181141439205955,0.8809523809523809,0.8991494532199271,420
activation,training,emnist_balanced,relu,emnist_balanced__unit_interval__all_raw__seed-42,14,14,0.9898734177215189,0.930952380952381,0.9595092024539877,420
activation,training,emnist_balanced,relu,emnist_balanced__unit_interval__all_raw__seed-42,15,15,0.7363344051446945,0.5452380952380952,0.6265389876880985,420
activation,training,emnist_balanced,relu,emnist_balanced__unit_interval__all_raw__seed-42,16,16,0.9282051282051282,0.861904761904762,0.8938271604938272,420
activation,training,emnist_balanced,relu,emnist_balanced__unit_interval__all_raw__seed-42,17,17,0.955607476635514,0.9738095238095238,0.964622641509434,420
activation,training,emnist_balanced,relu,emnist_balanced__unit_interval__all_raw__seed-42,18,18,0.6545064377682404,0.7261904761904762,0.6884875846501128,420
activation,training,emnist_balanced,relu,emnist_balanced__unit_interval__all_raw__seed-42,19,19,0.962536023054755,0.7952380952380952,0.8709256844850065,420
activation,training,emnist_balanced,relu,emnist_balanced__unit_interval__all_raw__seed-42,2,2,0.8731707317073171,0.8523809523809524,0.8626506024096385,420
activation,training,emnist_balanced,relu,emnist_balanced__unit_interval__all_raw__seed-42,20,20,0.9576470588235294,0.969047619047619,0.9633136094674556,420
activation,training,emnist_balanced,relu,emnist_balanced__unit_interval__all_raw__seed-42,21,21,0.6717171717171717,0.31666666666666665,0.43042071197411,420
activation,training,emnist_balanced,relu,emnist_balanced__unit_interval__all_raw__seed-42,22,22,0.955503512880562,0.9714285714285714,0.9634002361275088,420
activation,training,emnist_balanced,relu,emnist_balanced__unit_interval__all_raw__seed-42,23,23,0.8683651804670913,0.9738095238095238,0.9180695847362514,420
activation,training,emnist_balanced,relu,emnist_balanced__unit_interval__all_raw__seed-42,24,24,0.7188755020080321,0.4261904761904762,0.5351270553064276,420
activation,training,emnist_balanced,relu,emnist_balanced__unit_interval__all_raw__seed-42,25,25,0.9302325581395349,0.8571428571428571,0.8921933085501857,420
activation,training,emnist_balanced,relu,emnist_balanced__unit_interval__all_raw__seed-42,26,26,0.8893905191873589,0.9380952380952381,0.9130938586326768,420
activation,training,emnist_balanced,relu,emnist_balanced__unit_interval__all_raw__seed-42,27,27,0.9357798165137615,0.9714285714285714,0.9532710280373832,420
activation,training,emnist_balanced,relu,emnist_balanced__unit_interval__all_raw__seed-42,28,28,0.7814432989690722,0.9023809523809524,0.8375690607734806,420
activation,training,emnist_balanced,relu,emnist_balanced__unit_interval__all_raw__seed-42,29,29,0.8819742489270386,0.9785714285714285,0.9277652370203159,420
activation,training,emnist_balanced,relu,emnist_balanced__unit_interval__all_raw__seed-42,3,3,0.8954248366013072,0.9785714285714285,0.9351535836177475,420
activation,training,emnist_balanced,relu,emnist_balanced__unit_interval__all_raw__seed-42,30,30,0.9392405063291139,0.8833333333333333,0.9104294478527606,420
activation,training,emnist_balanced,relu,emnist_balanced__unit_interval__all_raw__seed-42,31,31,0.8696581196581197,0.969047619047619,0.9166666666666666,420
activation,training,emnist_balanced,relu,emnist_balanced__unit_interval__all_raw__seed-42,32,32,0.9904761904761905,0.9904761904761905,0.9904761904761905,420
activation,training,emnist_balanced,relu,emnist_balanced__unit_interval__all_raw__seed-42,33,33,0.9533799533799534,0.9738095238095238,0.9634864546525325,420
activation,training,emnist_balanced,relu,emnist_balanced__unit_interval__all_raw__seed-42,34,34,0.9311224489795918,0.8690476190476191,0.8990147783251231,420
activation,training,emnist_balanced,relu,emnist_balanced__unit_interval__all_raw__seed-42,35,35,0.8237885462555066,0.8904761904761904,0.8558352402745995,420
activation,training,emnist_balanced,relu,emnist_balanced__unit_interval__all_raw__seed-42,36,36,0.8994708994708994,0.8095238095238095,0.8521303258145364,420
activation,training,emnist_balanced,relu,emnist_balanced__unit_interval__all_raw__seed-42,37,37,0.820627802690583,0.8714285714285714,0.8452655889145497,420
activation,training,emnist_balanced,relu,emnist_balanced__unit_interval__all_raw__seed-42,38,38,0.9090909090909091,0.8095238095238095,0.8564231738035265,420
activation,training,emnist_balanced,relu,emnist_balanced__unit_interval__all_raw__seed-42,39,39,0.927400468384075,0.9428571428571428,0.9350649350649352,420
activation,training,emnist_balanced,relu,emnist_balanced__unit_interval__all_raw__seed-42,4,4,0.949238578680203,0.8904761904761904,0.9189189189189189,420
activation,training,emnist_balanced,relu,emnist_balanced__unit_interval__all_raw__seed-42,40,40,0.6344294003868471,0.780952380952381,0.7001067235859125,420
activation,training,emnist_balanced,relu,emnist_balanced__unit_interval__all_raw__seed-42,41,41,0.943502824858757,0.3976190476190476,0.5594639865996649,420
activation,training,emnist_balanced,relu,emnist_balanced__unit_interval__all_raw__seed-42,42,42,0.974937343358396,0.9261904761904762,0.94993894993895,420
activation,training,emnist_balanced,relu,emnist_balanced__unit_interval__all_raw__seed-42,43,43,0.9636363636363636,0.8833333333333333,0.9217391304347826,420
activation,training,emnist_balanced,relu,emnist_balanced__unit_interval__all_raw__seed-42,44,44,0.6619047619047619,0.33095238095238094,0.4412698412698412,420
activation,training,emnist_balanced,relu,emnist_balanced__unit_interval__all_raw__seed-42,45,45,0.9466019417475728,0.9285714285714286,0.9375,420
activation,training,emnist_balanced,relu,emnist_balanced__unit_interval__all_raw__seed-42,46,46,0.9402597402597402,0.861904761904762,0.8993788819875776,420
activation,training,emnist_balanced,relu,emnist_balanced__unit_interval__all_raw__seed-42,5,5,0.9631728045325779,0.8095238095238095,0.8796895213454076,420
activation,training,emnist_balanced,relu,emnist_balanced__unit_interval__all_raw__seed-42,6,6,0.8944954128440367,0.9285714285714286,0.9112149532710281,420
activation,training,emnist_balanced,relu,emnist_balanced__unit_interval__all_raw__seed-42,7,7,0.9360189573459715,0.9404761904761905,0.9382422802850356,420
activation,training,emnist_balanced,relu,emnist_balanced__unit_interval__all_raw__seed-42,8,8,0.6699186991869919,0.9809523809523809,0.796135265700483,420
activation,training,emnist_balanced,relu,emnist_balanced__unit_interval__all_raw__seed-42,9,9,0.5712098009188361,0.888095238095238,0.6952469711090399,420
activation,training,emnist_balanced,sigmoid,emnist_balanced__unit_interval__all_raw__seed-42,0,0,0.6341991341991342,0.6976190476190476,0.6643990929705215,420
activation,training,emnist_balanced,sigmoid,emnist_balanced__unit_interval__all_raw__seed-42,1,1,0.5057971014492754,0.830952380952381,0.6288288288288288,420
activation,training,emnist_balanced,sigmoid,emnist_balanced__unit_interval__all_raw__seed-42,10,10,0.9078651685393259,0.9619047619047619,0.9341040462427747,420
activation,training,emnist_balanced,sigmoid,emnist_balanced__unit_interval__all_raw__seed-42,11,11,0.9240196078431373,0.8976190476190476,0.9106280193236714,420
activation,training,emnist_balanced,sigmoid,emnist_balanced__unit_interval__all_raw__seed-42,12,12,0.9570405727923628,0.9547619047619048,0.9558998808104887,420
activation,training,emnist_balanced,sigmoid,emnist_balanced__unit_interval__all_raw__seed-42,13,13,0.8708240534521158,0.930952380952381,0.899884925201381,420
activation,training,emnist_balanced,sigmoid,emnist_balanced__unit_interval__all_raw__seed-42,14,14,0.9160997732426304,0.9619047619047619,0.9384436701509872,420
activation,training,emnist_balanced,sigmoid,emnist_balanced__unit_interval__all_raw__seed-42,15,15,0.7757352941176471,0.5023809523809524,0.6098265895953757,420
activation,training,emnist_balanced,sigmoid,emnist_balanced__unit_interval__all_raw__seed-42,16,16,0.8978622327790974,0.9,0.8989298454221165,420
activation,training,emnist_balanced,sigmoid,emnist_balanced__unit_interval__all_raw__seed-42,17,17,0.9340909090909091,0.9785714285714285,0.955813953488372,420
activation,training,emnist_balanced,sigmoid,emnist_balanced__unit_interval__all_raw__seed-42,18,18,0.6459227467811158,0.7166666666666667,0.6794582392776524,420
activation,training,emnist_balanced,sigmoid,emnist_balanced__unit_interval__all_raw__seed-42,19,19,0.8939759036144578,0.8833333333333333,0.8886227544910179,420
activation,training,emnist_balanced,sigmoid,emnist_balanced__unit_interval__all_raw__seed-42,2,2,0.9171122994652406,0.8166666666666667,0.8639798488664986,420
activation,training,emnist_balanced,sigmoid,emnist_balanced__unit_interval__all_raw__seed-42,20,20,0.9591346153846154,0.95,0.9545454545454546,420
activation,training,emnist_balanced,sigmoid,emnist_balanced__unit_interval__all_raw__seed-42,21,21,0.7555555555555555,0.24285714285714285,0.36756756756756753,420
activation,training,emnist_balanced,sigmoid,emnist_balanced__unit_interval__all_raw__seed-42,22,22,0.9802955665024631,0.9476190476190476,0.9636803874092009,420
activation,training,emnist_balanced,sigmoid,emnist_balanced__unit_interval__all_raw__seed-42,23,23,0.8704103671706264,0.9595238095238096,0.912797281993205,420
activation,training,emnist_balanced,sigmoid,emnist_balanced__unit_interval__all_raw__seed-42,24,24,0.6963788300835655,0.5952380952380952,0.6418485237483954,420
activation,training,emnist_balanced,sigmoid,emnist_balanced__unit_interval__all_raw__seed-42,25,25,0.8246013667425968,0.861904761904762,0.8428405122235157,420
activation,training,emnist_balanced,sigmoid,emnist_balanced__unit_interval__all_raw__seed-42,26,26,0.9353233830845771,0.8952380952380953,0.9148418491484184,420
activation,training,emnist_balanced,sigmoid,emnist_balanced__unit_interval__all_raw__seed-42,27,27,0.9542168674698795,0.9428571428571428,0.9485029940119761,420
activation,training,emnist_balanced,sigmoid,emnist_balanced__unit_interval__all_raw__seed-42,28,28,0.802660753880266,0.861904761904762,0.8312284730195177,420
activation,training,emnist_balanced,sigmoid,emnist_balanced__unit_interval__all_raw__seed-42,29,29,0.9170403587443946,0.9738095238095238,0.9445727482678983,420
activation,training,emnist_balanced,sigmoid,emnist_balanced__unit_interval__all_raw__seed-42,3,3,0.9250585480093677,0.9404761904761905,0.9327036599763872,420
activation,training,emnist_balanced,sigmoid,emnist_balanced__unit_interval__all_raw__seed-42,30,30,0.8954869358669834,0.8976190476190476,0.896551724137931,420
activation,training,emnist_balanced,sigmoid,emnist_balanced__unit_interval__all_raw__seed-42,31,31,0.9209302325581395,0.9428571428571428,0.9317647058823529,420
activation,training,emnist_balanced,sigmoid,emnist_balanced__unit_interval__all_raw__seed-42,32,32,0.9855421686746988,0.9738095238095238,0.9796407185628742,420
activation,training,emnist_balanced,sigmoid,emnist_balanced__unit_interval__all_raw__seed-42,33,33,0.9593301435406698,0.9547619047619048,0.9570405727923629,420
activation,training,emnist_balanced,sigmoid,emnist_balanced__unit_interval__all_raw__seed-42,34,34,0.9361702127659575,0.8380952380952381,0.8844221105527638,420
activation,training,emnist_balanced,sigmoid,emnist_balanced__unit_interval__all_raw__seed-42,35,35,0.8090128755364807,0.8976190476190476,0.8510158013544019,420
activation,training,emnist_balanced,sigmoid,emnist_balanced__unit_interval__all_raw__seed-42,36,36,0.8811881188118812,0.8476190476190476,0.8640776699029127,420
activation,training,emnist_balanced,sigmoid,emnist_balanced__unit_interval__all_raw__seed-42,37,37,0.843400447427293,0.8976190476190476,0.8696655132641291,420
activation,training,emnist_balanced,sigmoid,emnist_balanced__unit_interval__all_raw__seed-42,38,38,0.902676399026764,0.8833333333333333,0.8929001203369433,420
activation,training,emnist_balanced,sigmoid,emnist_balanced__unit_interval__all_raw__seed-42,39,39,0.9308755760368663,0.9619047619047619,0.9461358313817331,420
activation,training,emnist_balanced,sigmoid,emnist_balanced__unit_interval__all_raw__seed-42,4,4,0.8646288209606987,0.9428571428571428,0.9020501138952164,420
activation,training,emnist_balanced,sigmoid,emnist_balanced__unit_interval__all_raw__seed-42,40,40,0.6103202846975089,0.8166666666666667,0.6985743380855397,420
activation,training,emnist_balanced,sigmoid,emnist_balanced__unit_interval__all_raw__seed-42,41,41,0.7706766917293233,0.4880952380952381,0.597667638483965,420
activation,training,emnist_balanced,sigmoid,emnist_balanced__unit_interval__all_raw__seed-42,42,42,0.9360189573459715,0.9404761904761905,0.9382422802850356,420
activation,training,emnist_balanced,sigmoid,emnist_balanced__unit_interval__all_raw__seed-42,43,43,0.9564102564102565,0.888095238095238,0.9209876543209876,420
activation,training,emnist_balanced,sigmoid,emnist_balanced__unit_interval__all_raw__seed-42,44,44,0.6578073089700996,0.4714285714285714,0.549237170596394,420
activation,training,emnist_balanced,sigmoid,emnist_balanced__unit_interval__all_raw__seed-42,45,45,0.9547738693467337,0.9047619047619048,0.9290953545232273,420
activation,training,emnist_balanced,sigmoid,emnist_balanced__unit_interval__all_raw__seed-42,46,46,0.912621359223301,0.8952380952380953,0.903846153846154,420
activation,training,emnist_balanced,sigmoid,emnist_balanced__unit_interval__all_raw__seed-42,5,5,0.8992443324937027,0.85,0.8739290085679314,420
activation,training,emnist_balanced,sigmoid,emnist_balanced__unit_interval__all_raw__seed-42,6,6,0.9348370927318296,0.888095238095238,0.9108669108669109,420
activation,training,emnist_balanced,sigmoid,emnist_balanced__unit_interval__all_raw__seed-42,7,7,0.9631449631449631,0.9333333333333333,0.9480048367593712,420
activation,training,emnist_balanced,sigmoid,emnist_balanced__unit_interval__all_raw__seed-42,8,8,0.8660508083140878,0.8928571428571429,0.8792497069167644,420
activation,training,emnist_balanced,sigmoid,emnist_balanced__unit_interval__all_raw__seed-42,9,9,0.5964052287581699,0.8690476190476191,0.7073643410852712,420
activation,training,emnist_balanced,softmax,emnist_balanced__unit_interval__all_raw__seed-42,0,0,0.0,0.0,0.0,420
activation,training,emnist_balanced,softmax,emnist_balanced__unit_interval__all_raw__seed-42,1,1,0.0,0.0,0.0,420
activation,training,emnist_balanced,softmax,emnist_balanced__unit_interval__all_raw__seed-42,10,10,0.0,0.0,0.0,420
activation,training,emnist_balanced,softmax,emnist_balanced__unit_interval__all_raw__seed-42,11,11,0.0,0.0,0.0,420
activation,training,emnist_balanced,softmax,emnist_balanced__unit_interval__all_raw__seed-42,12,12,0.0,0.0,0.0,420
activation,training,emnist_balanced,softmax,emnist_balanced__unit_interval__all_raw__seed-42,13,13,0.0,0.0,0.0,420
activation,training,emnist_balanced,softmax,emnist_balanced__unit_interval__all_raw__seed-42,14,14,0.0,0.0,0.0,420
activation,training,emnist_balanced,softmax,emnist_balanced__unit_interval__all_raw__seed-42,15,15,0.0,0.0,0.0,420
activation,training,emnist_balanced,softmax,emnist_balanced__unit_interval__all_raw__seed-42,16,16,0.0,0.0,0.0,420
activation,training,emnist_balanced,softmax,emnist_balanced__unit_interval__all_raw__seed-42,17,17,0.0,0.0,0.0,420
activation,training,emnist_balanced,softmax,emnist_balanced__unit_interval__all_raw__seed-42,18,18,0.0,0.0,0.0,420
activation,training,emnist_balanced,softmax,emnist_balanced__unit_interval__all_raw__seed-42,19,19,0.0,0.0,0.0,420
activation,training,emnist_balanced,softmax,emnist_balanced__unit_interval__all_raw__seed-42,2,2,0.0,0.0,0.0,420
activation,training,emnist_balanced,softmax,emnist_balanced__unit_interval__all_raw__seed-42,20,20,0.0,0.0,0.0,420
activation,training,emnist_balanced,softmax,emnist_balanced__unit_interval__all_raw__seed-42,21,21,0.0,0.0,0.0,420
activation,training,emnist_balanced,softmax,emnist_balanced__unit_interval__all_raw__seed-42,22,22,0.0,0.0,0.0,420
activation,training,emnist_balanced,softmax,emnist_balanced__unit_interval__all_raw__seed-42,23,23,0.0,0.0,0.0,420
activation,training,emnist_balanced,softmax,emnist_balanced__unit_interval__all_raw__seed-42,24,24,0.0,0.0,0.0,420
activation,training,emnist_balanced,softmax,emnist_balanced__unit_interval__all_raw__seed-42,25,25,0.0,0.0,0.0,420
activation,training,emnist_balanced,softmax,emnist_balanced__unit_interval__all_raw__seed-42,26,26,0.0,0.0,0.0,420
activation,training,emnist_balanced,softmax,emnist_balanced__unit_interval__all_raw__seed-42,27,27,0.0,0.0,0.0,420
activation,training,emnist_balanced,softmax,emnist_balanced__unit_interval__all_raw__seed-42,28,28,0.0,0.0,0.0,420
activation,training,emnist_balanced,softmax,emnist_balanced__unit_interval__all_raw__seed-42,29,29,0.0,0.0,0.0,420
activation,training,emnist_balanced,softmax,emnist_balanced__unit_interval__all_raw__seed-42,3,3,0.0,0.0,0.0,420
activation,training,emnist_balanced,softmax,emnist_balanced__unit_interval__all_raw__seed-42,30,30,0.0,0.0,0.0,420
activation,training,emnist_balanced,softmax,emnist_balanced__unit_interval__all_raw__seed-42,31,31,0.0,0.0,0.0,420
activation,training,emnist_balanced,softmax,emnist_balanced__unit_interval__all_raw__seed-42,32,32,0.0,0.0,0.0,420
activation,training,emnist_balanced,softmax,emnist_balanced__unit_interval__all_raw__seed-42,33,33,0.0,0.0,0.0,420
activation,training,emnist_balanced,softmax,emnist_balanced__unit_interval__all_raw__seed-42,34,34,0.0,0.0,0.0,420
activation,training,emnist_balanced,softmax,emnist_balanced__unit_interval__all_raw__seed-42,35,35,0.0,0.0,0.0,420
activation,training,emnist_balanced,softmax,emnist_balanced__unit_interval__all_raw__seed-42,36,36,0.0,0.0,0.0,420
activation,training,emnist_balanced,softmax,emnist_balanced__unit_interval__all_raw__seed-42,37,37,0.0,0.0,0.0,420
activation,training,emnist_balanced,softmax,emnist_balanced__unit_interval__all_raw__seed-42,38,38,0.0,0.0,0.0,420
activation,training,emnist_balanced,softmax,emnist_balanced__unit_interval__all_raw__seed-42,39,39,0.02127659574468085,1.0,0.04166666666666667,420
activation,training,emnist_balanced,softmax,emnist_balanced__unit_interval__all_raw__seed-42,4,4,0.0,0.0,0.0,420
activation,training,emnist_balanced,softmax,emnist_balanced__unit_interval__all_raw__seed-42,40,40,0.0,0.0,0.0,420
activation,training,emnist_balanced,softmax,emnist_balanced__unit_interval__all_raw__seed-42,41,41,0.0,0.0,0.0,420
activation,training,emnist_balanced,softmax,emnist_balanced__unit_interval__all_raw__seed-42,42,42,0.0,0.0,0.0,420
activation,training,emnist_balanced,softmax,emnist_balanced__unit_interval__all_raw__seed-42,43,43,0.0,0.0,0.0,420
activation,training,emnist_balanced,softmax,emnist_balanced__unit_interval__all_raw__seed-42,44,44,0.0,0.0,0.0,420
activation,training,emnist_balanced,softmax,emnist_balanced__unit_interval__all_raw__seed-42,45,45,0.0,0.0,0.0,420
activation,training,emnist_balanced,softmax,emnist_balanced__unit_interval__all_raw__seed-42,46,46,0.0,0.0,0.0,420
activation,training,emnist_balanced,softmax,emnist_balanced__unit_interval__all_raw__seed-42,5,5,0.0,0.0,0.0,420
activation,training,emnist_balanced,softmax,emnist_balanced__unit_interval__all_raw__seed-42,6,6,0.0,0.0,0.0,420
activation,training,emnist_balanced,softmax,emnist_balanced__unit_interval__all_raw__seed-42,7,7,0.0,0.0,0.0,420
activation,training,emnist_balanced,softmax,emnist_balanced__unit_interval__all_raw__seed-42,8,8,0.0,0.0,0.0,420
activation,training,emnist_balanced,softmax,emnist_balanced__unit_interval__all_raw__seed-42,9,9,0.0,0.0,0.0,420
activation,training,fashion_mnist,relu,fashion_mnist__unit_interval__all_raw__seed-42,0,0,0.7007930785868781,0.9257142857142857,0.7977020927369716,1050
activation,training,fashion_mnist,relu,fashion_mnist__unit_interval__all_raw__seed-42,1,1,0.9855907780979827,0.9771428571428571,0.9813486370157818,1050
activation,training,fashion_mnist,relu,fashion_mnist__unit_interval__all_raw__seed-42,2,2,0.8612244897959184,0.8038095238095239,0.831527093596059,1050
activation,training,fashion_mnist,relu,fashion_mnist__unit_interval__all_raw__seed-42,3,3,0.8827331486611265,0.9104761904761904,0.896390060947023,1050
activation,training,fashion_mnist,relu,fashion_mnist__unit_interval__all_raw__seed-42,4,4,0.7616984402079723,0.8371428571428572,0.7976406533575318,1050
activation,training,fashion_mnist,relu,fashion_mnist__unit_interval__all_raw__seed-42,5,5,0.9814090019569471,0.9552380952380952,0.9681467181467182,1050
activation,training,fashion_mnist,relu,fashion_mnist__unit_interval__all_raw__seed-42,6,6,0.7786032689450223,0.4990476190476191,0.608241439349971,1050
activation,training,fashion_mnist,relu,fashion_mnist__unit_interval__all_raw__seed-42,7,7,0.9387370405278039,0.9485714285714286,0.9436286120322122,1050
activation,training,fashion_mnist,relu,fashion_mnist__unit_interval__all_raw__seed-42,8,8,0.987192118226601,0.9542857142857143,0.9704600484261501,1050
activation,training,fashion_mnist,relu,fashion_mnist__unit_interval__all_raw__seed-42,9,9,0.9400369003690037,0.9704761904761905,0.9550140581068417,1050
activation,training,fashion_mnist,sigmoid,fashion_mnist__unit_interval__all_raw__seed-42,0,0,0.8420056764427626,0.8476190476190476,0.8448030374940673,1050
activation,training,fashion_mnist,sigmoid,fashion_mnist__unit_interval__all_raw__seed-42,1,1,0.9874638379942141,0.9752380952380952,0.9813128893148061,1050
activation,training,fashion_mnist,sigmoid,fashion_mnist__unit_interval__all_raw__seed-42,2,2,0.8924843423799582,0.8142857142857143,0.851593625498008,1050
activation,training,fashion_mnist,sigmoid,fashion_mnist__unit_interval__all_raw__seed-42,3,3,0.9033175355450237,0.9076190476190477,0.9054631828978623,1050
activation,training,fashion_mnist,sigmoid,fashion_mnist__unit_interval__all_raw__seed-42,4,4,0.7826446280991736,0.9019047619047619,0.8380530973451327,1050
activation,training,fashion_mnist,sigmoid,fashion_mnist__unit_interval__all_raw__seed-42,5,5,0.9740134744947064,0.9638095238095238,0.9688846337960747,1050
activation,training,fashion_mnist,sigmoid,fashion_mnist__unit_interval__all_raw__seed-42,6,6,0.7557788944723618,0.7161904761904762,0.7354523227383862,1050
activation,training,fashion_mnist,sigmoid,fashion_mnist__unit_interval__all_raw__seed-42,7,7,0.969939879759519,0.9219047619047619,0.9453125,1050
activation,training,fashion_mnist,sigmoid,fashion_mnist__unit_interval__all_raw__seed-42,8,8,0.988394584139265,0.9733333333333334,0.980806142034549,1050
activation,training,fashion_mnist,sigmoid,fashion_mnist__unit_interval__all_raw__seed-42,9,9,0.9239033124440466,0.9828571428571429,0.9524688509460083,1050
activation,training,fashion_mnist,softmax,fashion_mnist__unit_interval__all_raw__seed-42,0,0,0.0,0.0,0.0,1050
activation,training,fashion_mnist,softmax,fashion_mnist__unit_interval__all_raw__seed-42,1,1,0.0,0.0,0.0,1050
activation,training,fashion_mnist,softmax,fashion_mnist__unit_interval__all_raw__seed-42,2,2,0.0,0.0,0.0,1050
activation,training,fashion_mnist,softmax,fashion_mnist__unit_interval__all_raw__seed-42,3,3,0.0,0.0,0.0,1050
activation,training,fashion_mnist,softmax,fashion_mnist__unit_interval__all_raw__seed-42,4,4,0.0,0.0,0.0,1050
activation,training,fashion_mnist,softmax,fashion_mnist__unit_interval__all_raw__seed-42,5,5,0.1,1.0,0.18181818181818182,1050
activation,training,fashion_mnist,softmax,fashion_mnist__unit_interval__all_raw__seed-42,6,6,0.0,0.0,0.0,1050
activation,training,fashion_mnist,softmax,fashion_mnist__unit_interval__all_raw__seed-42,7,7,0.0,0.0,0.0,1050
activation,training,fashion_mnist,softmax,fashion_mnist__unit_interval__all_raw__seed-42,8,8,0.0,0.0,0.0,1050
activation,training,fashion_mnist,softmax,fashion_mnist__unit_interval__all_raw__seed-42,9,9,0.0,0.0,0.0,1050
activation,training,fer2013,relu,fer2013__unit_interval__all_raw__seed-42,0,angry,0.0,0.0,0.0,743
activation,training,fer2013,relu,fer2013__unit_interval__all_raw__seed-42,1,disgust,0.0,0.0,0.0,82
activation,training,fer2013,relu,fer2013__unit_interval__all_raw__seed-42,2,fear,0.19306184012066366,0.3333333333333333,0.24450811843361983,768
activation,training,fer2013,relu,fer2013__unit_interval__all_raw__seed-42,3,happy,0.6952160493827161,0.6683976261127597,0.6815431164901664,1348
activation,training,fer2013,relu,fer2013__unit_interval__all_raw__seed-42,4,sad,0.0,0.0,0.0,911
activation,training,fer2013,relu,fer2013__unit_interval__all_raw__seed-42,5,surprise,0.4981729598051157,0.6816666666666666,0.5756509500351865,600
activation,training,fer2013,relu,fer2013__unit_interval__all_raw__seed-42,6,neutral,0.3115007735946364,0.6494623655913978,0.4210526315789473,930
activation,training,fer2013,sigmoid,fer2013__unit_interval__all_raw__seed-42,0,angry,0.2699724517906336,0.13189771197846567,0.1772151898734177,743
activation,training,fer2013,sigmoid,fer2013__unit_interval__all_raw__seed-42,1,disgust,0.0,0.0,0.0,82
activation,training,fer2013,sigmoid,fer2013__unit_interval__all_raw__seed-42,2,fear,0.284037558685446,0.15755208333333334,0.20268006700167504,768
activation,training,fer2013,sigmoid,fer2013__unit_interval__all_raw__seed-42,3,happy,0.7453737971872687,0.7470326409495549,0.7462022971470915,1348
activation,training,fer2013,sigmoid,fer2013__unit_interval__all_raw__seed-42,4,sad,0.3069908814589666,0.5543358946212953,0.39514866979655716,911
activation,training,fer2013,sigmoid,fer2013__unit_interval__all_raw__seed-42,5,surprise,0.7085828343313373,0.5916666666666667,0.6448683015440508,600
activation,training,fer2013,sigmoid,fer2013__unit_interval__all_raw__seed-42,6,neutral,0.42700729927007297,0.5032258064516129,0.4619940769990128,930
activation,training,fer2013,softmax,fer2013__unit_interval__all_raw__seed-42,0,angry,0.0,0.0,0.0,743
activation,training,fer2013,softmax,fer2013__unit_interval__all_raw__seed-42,1,disgust,0.0,0.0,0.0,82
activation,training,fer2013,softmax,fer2013__unit_interval__all_raw__seed-42,2,fear,0.0,0.0,0.0,768
activation,training,fer2013,softmax,fer2013__unit_interval__all_raw__seed-42,3,happy,0.25046451133407654,1.0,0.40059435364041607,1348
activation,training,fer2013,softmax,fer2013__unit_interval__all_raw__seed-42,4,sad,0.0,0.0,0.0,911
activation,training,fer2013,softmax,fer2013__unit_interval__all_raw__seed-42,5,surprise,0.0,0.0,0.0,600
activation,training,fer2013,softmax,fer2013__unit_interval__all_raw__seed-42,6,neutral,0.0,0.0,0.0,930
activation,training,gtsrb,relu,gtsrb__unit_interval__all_raw__seed-42,0,0,0.5714285714285714,0.7741935483870968,0.6575342465753424,31
activation,training,gtsrb,relu,gtsrb__unit_interval__all_raw__seed-42,1,1,0.96,0.2882882882882883,0.44341801385681295,333
activation,training,gtsrb,relu,gtsrb__unit_interval__all_raw__seed-42,10,10,1.0,0.9004149377593361,0.9475982532751093,241
activation,training,gtsrb,relu,gtsrb__unit_interval__all_raw__seed-42,11,11,0.63,1.0,0.7730061349693252,63
activation,training,gtsrb,relu,gtsrb__unit_interval__all_raw__seed-42,12,12,0.9897959183673469,0.941747572815534,0.9651741293532338,103
activation,training,gtsrb,relu,gtsrb__unit_interval__all_raw__seed-42,13,13,1.0,0.9907407407407407,0.9953488372093023,108
activation,training,gtsrb,relu,gtsrb__unit_interval__all_raw__seed-42,14,14,0.5405405405405406,1.0,0.7017543859649124,40
activation,training,gtsrb,relu,gtsrb__unit_interval__all_raw__seed-42,15,15,0.7560975609756098,1.0,0.8611111111111112,31
activation,training,gtsrb,relu,gtsrb__unit_interval__all_raw__seed-42,16,16,0.8148148148148148,1.0,0.8979591836734693,22
activation,training,gtsrb,relu,gtsrb__unit_interval__all_raw__seed-42,17,17,0.7910447761194029,0.9814814814814815,0.8760330578512396,54
activation,training,gtsrb,relu,gtsrb__unit_interval__all_raw__seed-42,18,18,0.8260869565217391,0.9827586206896551,0.8976377952755905,58
activation,training,gtsrb,relu,gtsrb__unit_interval__all_raw__seed-42,19,19,0.0,0.0,0.0,9
activation,training,gtsrb,relu,gtsrb__unit_interval__all_raw__seed-42,2,2,0.9090909090909091,0.02967359050445104,0.0574712643678161,337
activation,training,gtsrb,relu,gtsrb__unit_interval__all_raw__seed-42,20,20,0.7777777777777778,0.5384615384615384,0.6363636363636364,13
activation,training,gtsrb,relu,gtsrb__unit_interval__all_raw__seed-42,21,21,0.4074074074074074,0.8461538461538461,0.5499999999999999,13
activation,training,gtsrb,relu,gtsrb__unit_interval__all_raw__seed-42,22,22,1.0,0.7222222222222222,0.8387096774193548,18
activation,training,gtsrb,relu,gtsrb__unit_interval__all_raw__seed-42,23,23,0.5714285714285714,0.7272727272727273,0.64,22
activation,training,gtsrb,relu,gtsrb__unit_interval__all_raw__seed-42,24,24,0.0,0.0,0.0,13
activation,training,gtsrb,relu,gtsrb__unit_interval__all_raw__seed-42,25,25,0.7555555555555555,0.9444444444444444,0.8395061728395062,72
activation,training,gtsrb,relu,gtsrb__unit_interval__all_raw__seed-42,26,26,0.6285714285714286,0.8148148148148148,0.7096774193548386,27
activation,training,gtsrb,relu,gtsrb__unit_interval__all_raw__seed-42,27,27,0.03765690376569038,1.0,0.07258064516129033,9
activation,training,gtsrb,relu,gtsrb__unit_interval__all_raw__seed-42,28,28,0.0,0.0,0.0,22
activation,training,gtsrb,relu,gtsrb__unit_interval__all_raw__seed-42,29,29,0.0,0.0,0.0,13
activation,training,gtsrb,relu,gtsrb__unit_interval__all_raw__seed-42,3,3,0.978494623655914,0.4312796208530806,0.5986842105263158,211
activation,training,gtsrb,relu,gtsrb__unit_interval__all_raw__seed-42,30,30,0.7333333333333333,0.5,0.5945945945945945,22
activation,training,gtsrb,relu,gtsrb__unit_interval__all_raw__seed-42,31,31,0.8333333333333334,1.0,0.9090909090909091,40
activation,training,gtsrb,relu,gtsrb__unit_interval__all_raw__seed-42,32,32,0.5333333333333333,0.8888888888888888,0.6666666666666667,9
activation,training,gtsrb,relu,gtsrb__unit_interval__all_raw__seed-42,33,33,0.3670886075949367,0.9354838709677419,0.5272727272727272,31
activation,training,gtsrb,relu,gtsrb__unit_interval__all_raw__seed-42,34,34,0.75,1.0,0.8571428571428571,18
activation,training,gtsrb,relu,gtsrb__unit_interval__all_raw__seed-42,35,35,0.8088235294117647,0.9482758620689655,0.873015873015873,58
activation,training,gtsrb,relu,gtsrb__unit_interval__all_raw__seed-42,36,36,0.24,0.3333333333333333,0.27906976744186046,18
activation,training,gtsrb,relu,gtsrb__unit_interval__all_raw__seed-42,37,37,0.05263157894736842,1.0,0.1,9
activation,training,gtsrb,relu,gtsrb__unit_interval__all_raw__seed-42,38,38,0.6666666666666666,0.019417475728155338,0.03773584905660377,103
activation,training,gtsrb,relu,gtsrb__unit_interval__all_raw__seed-42,39,39,0.0990990990990991,0.8461538461538461,0.17741935483870966,13
activation,training,gtsrb,relu,gtsrb__unit_interval__all_raw__seed-42,4,4,0.9190031152647975,0.9932659932659933,0.9546925566343043,297
activation,training,gtsrb,relu,gtsrb__unit_interval__all_raw__seed-42,40,40,0.0,0.0,0.0,13
activation,training,gtsrb,relu,gtsrb__unit_interval__all_raw__seed-42,41,41,0.8181818181818182,1.0,0.9,9
activation,training,gtsrb,relu,gtsrb__unit_interval__all_raw__seed-42,42,42,0.0,0.0,0.0,13
activation,training,gtsrb,relu,gtsrb__unit_interval__all_raw__seed-42,5,5,0.9959677419354839,0.872791519434629,0.9303201506591336,283
activation,training,gtsrb,relu,gtsrb__unit_interval__all_raw__seed-42,6,6,1.0,0.08955223880597014,0.1643835616438356,67
activation,training,gtsrb,relu,gtsrb__unit_interval__all_raw__seed-42,7,7,0.9715639810426541,0.9715639810426541,0.9715639810426541,211
activation,training,gtsrb,relu,gtsrb__unit_interval__all_raw__seed-42,8,8,0.9845360824742269,0.9052132701421801,0.94320987654321,211
activation,training,gtsrb,relu,gtsrb__unit_interval__all_raw__seed-42,9,9,0.9953917050691244,0.9818181818181818,0.9885583524027459,220
activation,training,gtsrb,sigmoid,gtsrb__unit_interval__all_raw__seed-42,0,0,0.0,0.0,0.0,31
activation,training,gtsrb,sigmoid,gtsrb__unit_interval__all_raw__seed-42,1,1,0.8433420365535248,0.96996996996997,0.9022346368715084,333
activation,training,gtsrb,sigmoid,gtsrb__unit_interval__all_raw__seed-42,10,10,0.9835390946502057,0.991701244813278,0.9876033057851239,241
activation,training,gtsrb,sigmoid,gtsrb__unit_interval__all_raw__seed-42,11,11,0.5373134328358209,0.5714285714285714,0.5538461538461538,63
activation,training,gtsrb,sigmoid,gtsrb__unit_interval__all_raw__seed-42,12,12,0.9809523809523809,1.0,0.9903846153846153,103
activation,training,gtsrb,sigmoid,gtsrb__unit_interval__all_raw__seed-42,13,13,1.0,0.9722222222222222,0.9859154929577464,108
activation,training,gtsrb,sigmoid,gtsrb__unit_interval__all_raw__seed-42,14,14,0.9032258064516129,0.7,0.7887323943661972,40
activation,training,gtsrb,sigmoid,gtsrb__unit_interval__all_raw__seed-42,15,15,0.7297297297297297,0.8709677419354839,0.7941176470588235,31
activation,training,gtsrb,sigmoid,gtsrb__unit_interval__all_raw__seed-42,16,16,0.0,0.0,0.0,22
activation,training,gtsrb,sigmoid,gtsrb__unit_interval__all_raw__seed-42,17,17,0.8153846153846154,0.9814814814814815,0.8907563025210083,54
activation,training,gtsrb,sigmoid,gtsrb__unit_interval__all_raw__seed-42,18,18,0.25,0.034482758620689655,0.0606060606060606,58
activation,training,gtsrb,sigmoid,gtsrb__unit_interval__all_raw__seed-42,19,19,0.0,0.0,0.0,9
activation,training,gtsrb,sigmoid,gtsrb__unit_interval__all_raw__seed-42,2,2,0.7208121827411168,0.8427299703264095,0.7770177838577292,337
activation,training,gtsrb,sigmoid,gtsrb__unit_interval__all_raw__seed-42,20,20,0.0,0.0,0.0,13
activation,training,gtsrb,sigmoid,gtsrb__unit_interval__all_raw__seed-42,21,21,0.0,0.0,0.0,13
activation,training,gtsrb,sigmoid,gtsrb__unit_interval__all_raw__seed-42,22,22,0.0,0.0,0.0,18
activation,training,gtsrb,sigmoid,gtsrb__unit_interval__all_raw__seed-42,23,23,0.2857142857142857,0.45454545454545453,0.3508771929824561,22
activation,training,gtsrb,sigmoid,gtsrb__unit_interval__all_raw__seed-42,24,24,0.0,0.0,0.0,13
activation,training,gtsrb,sigmoid,gtsrb__unit_interval__all_raw__seed-42,25,25,0.3684210526315789,0.875,0.5185185185185185,72
activation,training,gtsrb,sigmoid,gtsrb__unit_interval__all_raw__seed-42,26,26,0.0,0.0,0.0,27
activation,training,gtsrb,sigmoid,gtsrb__unit_interval__all_raw__seed-42,27,27,0.0,0.0,0.0,9
activation,training,gtsrb,sigmoid,gtsrb__unit_interval__all_raw__seed-42,28,28,0.75,0.13636363636363635,0.23076923076923075,22
activation,training,gtsrb,sigmoid,gtsrb__unit_interval__all_raw__seed-42,29,29,0.0,0.0,0.0,13
activation,training,gtsrb,sigmoid,gtsrb__unit_interval__all_raw__seed-42,3,3,0.875,0.8957345971563981,0.8852459016393442,211
activation,training,gtsrb,sigmoid,gtsrb__unit_interval__all_raw__seed-42,30,30,0.5,0.045454545454545456,0.08333333333333334,22
activation,training,gtsrb,sigmoid,gtsrb__unit_interval__all_raw__seed-42,31,31,0.3389830508474576,1.0,0.5063291139240507,40
activation,training,gtsrb,sigmoid,gtsrb__unit_interval__all_raw__seed-42,32,32,1.0,0.3333333333333333,0.5,9
activation,training,gtsrb,sigmoid,gtsrb__unit_interval__all_raw__seed-42,33,33,0.4583333333333333,0.3548387096774194,0.39999999999999997,31
activation,training,gtsrb,sigmoid,gtsrb__unit_interval__all_raw__seed-42,34,34,0.3333333333333333,0.05555555555555555,0.09523809523809525,18
activation,training,gtsrb,sigmoid,gtsrb__unit_interval__all_raw__seed-42,35,35,0.48514851485148514,0.8448275862068966,0.6163522012578616,58
activation,training,gtsrb,sigmoid,gtsrb__unit_interval__all_raw__seed-42,36,36,0.7692307692307693,0.5555555555555556,0.6451612903225806,18
activation,training,gtsrb,sigmoid,gtsrb__unit_interval__all_raw__seed-42,37,37,0.0,0.0,0.0,9
activation,training,gtsrb,sigmoid,gtsrb__unit_interval__all_raw__seed-42,38,38,0.7936507936507936,0.970873786407767,0.8733624454148472,103
activation,training,gtsrb,sigmoid,gtsrb__unit_interval__all_raw__seed-42,39,39,0.0,0.0,0.0,13
activation,training,gtsrb,sigmoid,gtsrb__unit_interval__all_raw__seed-42,4,4,0.9863013698630136,0.9696969696969697,0.9779286926994906,297
activation,training,gtsrb,sigmoid,gtsrb__unit_interval__all_raw__seed-42,40,40,1.0,0.15384615384615385,0.2666666666666667,13
activation,training,gtsrb,sigmoid,gtsrb__unit_interval__all_raw__seed-42,41,41,1.0,0.8888888888888888,0.9411764705882353,9
activation,training,gtsrb,sigmoid,gtsrb__unit_interval__all_raw__seed-42,42,42,0.6666666666666666,0.3076923076923077,0.42105263157894735,13
activation,training,gtsrb,sigmoid,gtsrb__unit_interval__all_raw__seed-42,5,5,0.5670886075949367,0.7915194346289752,0.6607669616519174,283
activation,training,gtsrb,sigmoid,gtsrb__unit_interval__all_raw__seed-42,6,6,0.8311688311688312,0.9552238805970149,0.888888888888889,67
activation,training,gtsrb,sigmoid,gtsrb__unit_interval__all_raw__seed-42,7,7,0.49,0.23222748815165878,0.315112540192926,211
activation,training,gtsrb,sigmoid,gtsrb__unit_interval__all_raw__seed-42,8,8,0.7769784172661871,0.5118483412322274,0.6171428571428571,211
activation,training,gtsrb,sigmoid,gtsrb__unit_interval__all_raw__seed-42,9,9,0.9353448275862069,0.9863636363636363,0.9601769911504424,220
activation,training,gtsrb,softmax,gtsrb__unit_interval__all_raw__seed-42,0,0,0.0,0.0,0.0,31
activation,training,gtsrb,softmax,gtsrb__unit_interval__all_raw__seed-42,1,1,0.0,0.0,0.0,333
activation,training,gtsrb,softmax,gtsrb__unit_interval__all_raw__seed-42,10,10,0.0,0.0,0.0,241
activation,training,gtsrb,softmax,gtsrb__unit_interval__all_raw__seed-42,11,11,0.0,0.0,0.0,63
activation,training,gtsrb,softmax,gtsrb__unit_interval__all_raw__seed-42,12,12,0.0,0.0,0.0,103
activation,training,gtsrb,softmax,gtsrb__unit_interval__all_raw__seed-42,13,13,0.0,0.0,0.0,108
activation,training,gtsrb,softmax,gtsrb__unit_interval__all_raw__seed-42,14,14,0.0,0.0,0.0,40
activation,training,gtsrb,softmax,gtsrb__unit_interval__all_raw__seed-42,15,15,0.0,0.0,0.0,31
activation,training,gtsrb,softmax,gtsrb__unit_interval__all_raw__seed-42,16,16,0.0,0.0,0.0,22
activation,training,gtsrb,softmax,gtsrb__unit_interval__all_raw__seed-42,17,17,0.0,0.0,0.0,54
activation,training,gtsrb,softmax,gtsrb__unit_interval__all_raw__seed-42,18,18,0.0,0.0,0.0,58
activation,training,gtsrb,softmax,gtsrb__unit_interval__all_raw__seed-42,19,19,0.0,0.0,0.0,9
activation,training,gtsrb,softmax,gtsrb__unit_interval__all_raw__seed-42,2,2,0.13702022286421792,0.9851632047477745,0.24057971014492754,337
activation,training,gtsrb,softmax,gtsrb__unit_interval__all_raw__seed-42,20,20,0.0,0.0,0.0,13
activation,training,gtsrb,softmax,gtsrb__unit_interval__all_raw__seed-42,21,21,0.0,0.0,0.0,13
activation,training,gtsrb,softmax,gtsrb__unit_interval__all_raw__seed-42,22,22,0.0,0.0,0.0,18
activation,training,gtsrb,softmax,gtsrb__unit_interval__all_raw__seed-42,23,23,0.0,0.0,0.0,22
activation,training,gtsrb,softmax,gtsrb__unit_interval__all_raw__seed-42,24,24,0.0,0.0,0.0,13
activation,training,gtsrb,softmax,gtsrb__unit_interval__all_raw__seed-42,25,25,0.0,0.0,0.0,72
activation,training,gtsrb,softmax,gtsrb__unit_interval__all_raw__seed-42,26,26,0.0,0.0,0.0,27
activation,training,gtsrb,softmax,gtsrb__unit_interval__all_raw__seed-42,27,27,0.0,0.0,0.0,9
activation,training,gtsrb,softmax,gtsrb__unit_interval__all_raw__seed-42,28,28,0.0,0.0,0.0,22
activation,training,gtsrb,softmax,gtsrb__unit_interval__all_raw__seed-42,29,29,0.0,0.0,0.0,13
activation,training,gtsrb,softmax,gtsrb__unit_interval__all_raw__seed-42,3,3,0.0,0.0,0.0,211
activation,training,gtsrb,softmax,gtsrb__unit_interval__all_raw__seed-42,30,30,0.0,0.0,0.0,22
activation,training,gtsrb,softmax,gtsrb__unit_interval__all_raw__seed-42,31,31,0.0,0.0,0.0,40
activation,training,gtsrb,softmax,gtsrb__unit_interval__all_raw__seed-42,32,32,0.0,0.0,0.0,9
activation,training,gtsrb,softmax,gtsrb__unit_interval__all_raw__seed-42,33,33,0.0,0.0,0.0,31
activation,training,gtsrb,softmax,gtsrb__unit_interval__all_raw__seed-42,34,34,0.0,0.0,0.0,18
activation,training,gtsrb,softmax,gtsrb__unit_interval__all_raw__seed-42,35,35,0.0,0.0,0.0,58
activation,training,gtsrb,softmax,gtsrb__unit_interval__all_raw__seed-42,36,36,0.0,0.0,0.0,18
activation,training,gtsrb,softmax,gtsrb__unit_interval__all_raw__seed-42,37,37,0.0,0.0,0.0,9
activation,training,gtsrb,softmax,gtsrb__unit_interval__all_raw__seed-42,38,38,0.09360518999073215,0.9805825242718447,0.17089678510998305,103
activation,training,gtsrb,softmax,gtsrb__unit_interval__all_raw__seed-42,39,39,0.0,0.0,0.0,13
activation,training,gtsrb,softmax,gtsrb__unit_interval__all_raw__seed-42,4,4,0.0,0.0,0.0,297
activation,training,gtsrb,softmax,gtsrb__unit_interval__all_raw__seed-42,40,40,0.0,0.0,0.0,13
activation,training,gtsrb,softmax,gtsrb__unit_interval__all_raw__seed-42,41,41,0.0,0.0,0.0,9
activation,training,gtsrb,softmax,gtsrb__unit_interval__all_raw__seed-42,42,42,0.0,0.0,0.0,13
activation,training,gtsrb,softmax,gtsrb__unit_interval__all_raw__seed-42,5,5,0.0,0.0,0.0,283
activation,training,gtsrb,softmax,gtsrb__unit_interval__all_raw__seed-42,6,6,0.0,0.0,0.0,67
activation,training,gtsrb,softmax,gtsrb__unit_interval__all_raw__seed-42,7,7,0.0,0.0,0.0,211
activation,training,gtsrb,softmax,gtsrb__unit_interval__all_raw__seed-42,8,8,0.0,0.0,0.0,211
activation,training,gtsrb,softmax,gtsrb__unit_interval__all_raw__seed-42,9,9,0.0,0.0,0.0,220
activation,training,kmnist,relu,kmnist__unit_interval__all_raw__seed-42,0,0,0.9515096065873742,0.9904761904761905,0.9706019598693421,1050
activation,training,kmnist,relu,kmnist__unit_interval__all_raw__seed-42,1,1,0.9900891972249752,0.9514285714285714,0.9703739679456046,1050
activation,training,kmnist,relu,kmnist__unit_interval__all_raw__seed-42,2,2,0.9797297297297297,0.9666666666666667,0.9731543624161074,1050
activation,training,kmnist,relu,kmnist__unit_interval__all_raw__seed-42,3,3,0.93327239488117,0.9723809523809523,0.9524253731343284,1050
activation,training,kmnist,relu,kmnist__unit_interval__all_raw__seed-42,4,4,0.9836901121304791,0.919047619047619,0.950270802560315,1050
activation,training,kmnist,relu,kmnist__unit_interval__all_raw__seed-42,5,5,0.9838249286393911,0.9847619047619047,0.9842931937172775,1050
activation,training,kmnist,relu,kmnist__unit_interval__all_raw__seed-42,6,6,0.955785512699906,0.9676190476190476,0.9616658778987223,1050
activation,training,kmnist,relu,kmnist__unit_interval__all_raw__seed-42,7,7,0.9699248120300752,0.9828571428571429,0.9763481551561022,1050
activation,training,kmnist,relu,kmnist__unit_interval__all_raw__seed-42,8,8,0.9828080229226361,0.98,0.9814020028612304,1050
activation,training,kmnist,relu,kmnist__unit_interval__all_raw__seed-42,9,9,0.975517890772128,0.9866666666666667,0.981060606060606,1050
activation,training,kmnist,sigmoid,kmnist__unit_interval__all_raw__seed-42,0,0,0.9609665427509294,0.9847619047619047,0.9727187206020695,1050
activation,training,kmnist,sigmoid,kmnist__unit_interval__all_raw__seed-42,1,1,0.9776482021379981,0.9580952380952381,0.9677729677729678,1050
activation,training,kmnist,sigmoid,kmnist__unit_interval__all_raw__seed-42,2,2,0.9477124183006536,0.9666666666666667,0.9570957095709571,1050
activation,training,kmnist,sigmoid,kmnist__unit_interval__all_raw__seed-42,3,3,0.9798076923076923,0.9704761904761905,0.9751196172248804,1050
activation,training,kmnist,sigmoid,kmnist__unit_interval__all_raw__seed-42,4,4,0.9776264591439688,0.9571428571428572,0.9672762271414822,1050
activation,training,kmnist,sigmoid,kmnist__unit_interval__all_raw__seed-42,5,5,0.9653558052434457,0.981904761904762,0.9735599622285175,1050
activation,training,kmnist,sigmoid,kmnist__unit_interval__all_raw__seed-42,6,6,0.9785783836416748,0.9571428571428572,0.967741935483871,1050
activation,training,kmnist,sigmoid,kmnist__unit_interval__all_raw__seed-42,7,7,0.978116079923882,0.979047619047619,0.9785816277962874,1050
activation,training,kmnist,sigmoid,kmnist__unit_interval__all_raw__seed-42,8,8,0.9670433145009416,0.9780952380952381,0.9725378787878788,1050
activation,training,kmnist,sigmoid,kmnist__unit_interval__all_raw__seed-42,9,9,0.9799618320610687,0.9780952380952381,0.9790276453765491,1050
activation,training,kmnist,softmax,kmnist__unit_interval__all_raw__seed-42,0,0,0.0,0.0,0.0,1050
activation,training,kmnist,softmax,kmnist__unit_interval__all_raw__seed-42,1,1,0.0,0.0,0.0,1050
activation,training,kmnist,softmax,kmnist__unit_interval__all_raw__seed-42,2,2,0.0,0.0,0.0,1050
activation,training,kmnist,softmax,kmnist__unit_interval__all_raw__seed-42,3,3,0.0,0.0,0.0,1050
activation,training,kmnist,softmax,kmnist__unit_interval__all_raw__seed-42,4,4,0.0,0.0,0.0,1050
activation,training,kmnist,softmax,kmnist__unit_interval__all_raw__seed-42,5,5,0.1,1.0,0.18181818181818182,1050
activation,training,kmnist,softmax,kmnist__unit_interval__all_raw__seed-42,6,6,0.0,0.0,0.0,1050
activation,training,kmnist,softmax,kmnist__unit_interval__all_raw__seed-42,7,7,0.0,0.0,0.0,1050
activation,training,kmnist,softmax,kmnist__unit_interval__all_raw__seed-42,8,8,0.0,0.0,0.0,1050
activation,training,kmnist,softmax,kmnist__unit_interval__all_raw__seed-42,9,9,0.0,0.0,0.0,1050
activation,training,mnist,relu,mnist__unit_interval__all_raw__seed-42,0,0,0.9923076923076923,0.9971014492753624,0.9946987951807228,1035
activation,training,mnist,relu,mnist__unit_interval__all_raw__seed-42,1,1,0.9766860949208993,0.9932260795935648,0.9848866498740555,1181
activation,training,mnist,relu,mnist__unit_interval__all_raw__seed-42,2,2,0.9844357976653697,0.9656488549618321,0.9749518304431599,1048
activation,training,mnist,relu,mnist__unit_interval__all_raw__seed-42,3,3,0.990645463049579,0.988795518207283,0.9897196261682243,1071
activation,training,mnist,relu,mnist__unit_interval__all_raw__seed-42,4,4,0.9863414634146341,0.9882697947214076,0.9873046875,1023
activation,training,mnist,relu,mnist__unit_interval__all_raw__seed-42,5,5,0.9767441860465116,0.9757127771911299,0.9762282091917591,947
activation,training,mnist,relu,mnist__unit_interval__all_raw__seed-42,6,6,0.975,0.9835111542192047,0.9792370835345243,1031
activation,training,mnist,relu,mnist__unit_interval__all_raw__seed-42,7,7,0.9898897058823529,0.9844606946983546,0.9871677360219981,1094
activation,training,mnist,relu,mnist__unit_interval__all_raw__seed-42,8,8,0.998991935483871,0.9677734375,0.9831349206349207,1024
activation,training,mnist,relu,mnist__unit_interval__all_raw__seed-42,9,9,0.9672591206735267,0.9904214559386973,0.9787032654992902,1044
activation,training,mnist,sigmoid,mnist__unit_interval__all_raw__seed-42,0,0,0.9990300678952473,0.9951690821256038,0.9970958373668926,1035
activation,training,mnist,sigmoid,mnist__unit_interval__all_raw__seed-42,1,1,0.9915540540540541,0.9940728196443692,0.9928118393234673,1181
activation,training,mnist,sigmoid,mnist__unit_interval__all_raw__seed-42,2,2,0.9649952696310312,0.9732824427480916,0.9691211401425178,1048
activation,training,mnist,sigmoid,mnist__unit_interval__all_raw__seed-42,3,3,0.9914772727272727,0.9775910364145658,0.9844851904090268,1071
activation,training,mnist,sigmoid,mnist__unit_interval__all_raw__seed-42,4,4,0.9912023460410557,0.9912023460410557,0.9912023460410557,1023
activation,training,mnist,sigmoid,mnist__unit_interval__all_raw__seed-42,5,5,0.9755058572949947,0.9672650475184794,0.9713679745493107,947
activation,training,mnist,sigmoid,mnist__unit_interval__all_raw__seed-42,6,6,0.9770554493307839,0.991270611057226,0.9841116995666827,1031
activation,training,mnist,sigmoid,mnist__unit_interval__all_raw__seed-42,7,7,0.979223125564589,0.9908592321755028,0.9850068150840527,1094
activation,training,mnist,sigmoid,mnist__unit_interval__all_raw__seed-42,8,8,0.9872173058013766,0.98046875,0.9838314551690349,1024
activation,training,mnist,sigmoid,mnist__unit_interval__all_raw__seed-42,9,9,0.98747591522158,0.9818007662835249,0.9846301633045149,1044
activation,training,mnist,softmax,mnist__unit_interval__all_raw__seed-42,0,0,0.0,0.0,0.0,1035
activation,training,mnist,softmax,mnist__unit_interval__all_raw__seed-42,1,1,0.11249761859401791,1.0,0.20224334275194797,1181
activation,training,mnist,softmax,mnist__unit_interval__all_raw__seed-42,2,2,0.0,0.0,0.0,1048
activation,training,mnist,softmax,mnist__unit_interval__all_raw__seed-42,3,3,0.0,0.0,0.0,1071
activation,training,mnist,softmax,mnist__unit_interval__all_raw__seed-42,4,4,0.0,0.0,0.0,1023
activation,training,mnist,softmax,mnist__unit_interval__all_raw__seed-42,5,5,0.0,0.0,0.0,947
activation,training,mnist,softmax,mnist__unit_interval__all_raw__seed-42,6,6,0.0,0.0,0.0,1031
activation,training,mnist,softmax,mnist__unit_interval__all_raw__seed-42,7,7,0.0,0.0,0.0,1094
activation,training,mnist,softmax,mnist__unit_interval__all_raw__seed-42,8,8,0.0,0.0,0.0,1024
activation,training,mnist,softmax,mnist__unit_interval__all_raw__seed-42,9,9,0.0,0.0,0.0,1044
activation,training,svhn,relu,svhn__unit_interval__all_raw__seed-42,0,0,0.9236326109391125,0.8914342629482072,0.9072478459199189,1004
activation,training,svhn,relu,svhn__unit_interval__all_raw__seed-42,1,1,0.8835502168835502,0.9310829817158931,0.9066940592364321,2844
activation,training,svhn,relu,svhn__unit_interval__all_raw__seed-42,2,2,0.6692039327624485,0.9547511312217195,0.7868730188327429,2210
activation,training,svhn,relu,svhn__unit_interval__all_raw__seed-42,3,3,0.8963011889035667,0.7949619214997071,0.8425954672461968,1707
activation,training,svhn,relu,svhn__unit_interval__all_raw__seed-42,4,4,0.9602698650674663,0.8557114228456913,0.9049805722359591,1497
activation,training,svhn,relu,svhn__unit_interval__all_raw__seed-42,5,5,0.9615713065755764,0.8100719424460432,0.8793440062475596,1390
activation,training,svhn,relu,svhn__unit_interval__all_raw__seed-42,6,6,0.9031936127744511,0.7835497835497836,0.8391284191006028,1155
activation,training,svhn,relu,svhn__unit_interval__all_raw__seed-42,7,7,0.95995995995996,0.839754816112084,0.8958430639887903,1142
activation,training,svhn,relu,svhn__unit_interval__all_raw__seed-42,8,8,0.8847780126849895,0.8320079522862823,0.8575819672131147,1006
activation,training,svhn,relu,svhn__unit_interval__all_raw__seed-42,9,9,0.9356435643564357,0.8059701492537313,0.8659793814432989,938
activation,training,svhn,sigmoid,svhn__unit_interval__all_raw__seed-42,0,0,0.905146316851665,0.8934262948207171,0.899248120300752,1004
activation,training,svhn,sigmoid,svhn__unit_interval__all_raw__seed-42,1,1,0.867515923566879,0.9578059071729957,0.9104278074866309,2844
activation,training,svhn,sigmoid,svhn__unit_interval__all_raw__seed-42,2,2,0.9176898590268304,0.9131221719457013,0.9154003175323203,2210
activation,training,svhn,sigmoid,svhn__unit_interval__all_raw__seed-42,3,3,0.7712933753943217,0.859402460456942,0.8129675810473815,1707
activation,training,svhn,sigmoid,svhn__unit_interval__all_raw__seed-42,4,4,0.9111111111111111,0.9038076152304609,0.9074446680080483,1497
activation,training,svhn,sigmoid,svhn__unit_interval__all_raw__seed-42,5,5,0.8988326848249028,0.8309352517985612,0.8635514018691589,1390
activation,training,svhn,sigmoid,svhn__unit_interval__all_raw__seed-42,6,6,0.8487318840579711,0.8112554112554112,0.8295706064630367,1155
activation,training,svhn,sigmoid,svhn__unit_interval__all_raw__seed-42,7,7,0.9261363636363636,0.8563922942206655,0.8898999090081893,1142
activation,training,svhn,sigmoid,svhn__unit_interval__all_raw__seed-42,8,8,0.8793296089385475,0.7823061630218688,0.8279852709100474,1006
activation,training,svhn,sigmoid,svhn__unit_interval__all_raw__seed-42,9,9,0.9019138755980861,0.8038379530916845,0.8500563697857948,938
activation,training,svhn,softmax,svhn__unit_interval__all_raw__seed-42,0,0,0.0,0.0,0.0,1004
activation,training,svhn,softmax,svhn__unit_interval__all_raw__seed-42,1,1,0.1909621970053045,1.0,0.32068557253199526,2844
activation,training,svhn,softmax,svhn__unit_interval__all_raw__seed-42,2,2,0.0,0.0,0.0,2210
activation,training,svhn,softmax,svhn__unit_interval__all_raw__seed-42,3,3,0.0,0.0,0.0,1707
activation,training,svhn,softmax,svhn__unit_interval__all_raw__seed-42,4,4,0.0,0.0,0.0,1497
activation,training,svhn,softmax,svhn__unit_interval__all_raw__seed-42,5,5,0.0,0.0,0.0,1390
activation,training,svhn,softmax,svhn__unit_interval__all_raw__seed-42,6,6,0.0,0.0,0.0,1155
activation,training,svhn,softmax,svhn__unit_interval__all_raw__seed-42,7,7,0.0,0.0,0.0,1142
activation,training,svhn,softmax,svhn__unit_interval__all_raw__seed-42,8,8,0.0,0.0,0.0,1006
activation,training,svhn,softmax,svhn__unit_interval__all_raw__seed-42,9,9,0.0,0.0,0.0,938
quantization,training,cifar10,fp16,cifar10__unit_interval__all_raw__seed-42,0,airplane,0.7612761276127613,0.7688888888888888,0.7650635710337204,900
quantization,training,cifar10,fp16,cifar10__unit_interval__all_raw__seed-42,1,automobile,0.7840083073727934,0.8388888888888889,0.8105206655931294,900
quantization,training,cifar10,fp16,cifar10__unit_interval__all_raw__seed-42,2,bird,0.6147727272727272,0.6011111111111112,0.6078651685393258,900
quantization,training,cifar10,fp16,cifar10__unit_interval__all_raw__seed-42,3,cat,0.46405228758169936,0.5522222222222222,0.5043125317097921,900
quantization,training,cifar10,fp16,cifar10__unit_interval__all_raw__seed-42,4,deer,0.7211155378486056,0.6033333333333334,0.6569872958257714,900
quantization,training,cifar10,fp16,cifar10__unit_interval__all_raw__seed-42,5,dog,0.6430555555555556,0.5144444444444445,0.5716049382716049,900
quantization,training,cifar10,fp16,cifar10__unit_interval__all_raw__seed-42,6,frog,0.7378435517970402,0.7755555555555556,0.7562296858071506,900
quantization,training,cifar10,fp16,cifar10__unit_interval__all_raw__seed-42,7,horse,0.7425213675213675,0.7722222222222223,0.7570806100217866,900
quantization,training,cifar10,fp16,cifar10__unit_interval__all_raw__seed-42,8,ship,0.8270089285714286,0.8233333333333334,0.8251670378619154,900
quantization,training,cifar10,fp16,cifar10__unit_interval__all_raw__seed-42,9,truck,0.7526997840172787,0.7744444444444445,0.7634173055859803,900
quantization,training,cifar10,fp32,cifar10__unit_interval__all_raw__seed-42,0,airplane,0.736732570239334,0.7866666666666666,0.7608812466415905,900
quantization,training,cifar10,fp32,cifar10__unit_interval__all_raw__seed-42,1,automobile,0.85,0.7933333333333333,0.8206896551724138,900
quantization,training,cifar10,fp32,cifar10__unit_interval__all_raw__seed-42,2,bird,0.5869336143308747,0.6188888888888889,0.6024878312601407,900
quantization,training,cifar10,fp32,cifar10__unit_interval__all_raw__seed-42,3,cat,0.4724770642201835,0.4577777777777778,0.46501128668171554,900
quantization,training,cifar10,fp32,cifar10__unit_interval__all_raw__seed-42,4,deer,0.6307692307692307,0.6833333333333333,0.6559999999999999,900
quantization,training,cifar10,fp32,cifar10__unit_interval__all_raw__seed-42,5,dog,0.62109375,0.53,0.5719424460431656,900
quantization,training,cifar10,fp32,cifar10__unit_interval__all_raw__seed-42,6,frog,0.6687782805429864,0.8211111111111111,0.7371571072319202,900
quantization,training,cifar10,fp32,cifar10__unit_interval__all_raw__seed-42,7,horse,0.801980198019802,0.72,0.7587822014051522,900
quantization,training,cifar10,fp32,cifar10__unit_interval__all_raw__seed-42,8,ship,0.8378063010501751,0.7977777777777778,0.817302219692658,900
quantization,training,cifar10,fp32,cifar10__unit_interval__all_raw__seed-42,9,truck,0.8034682080924855,0.7722222222222223,0.7875354107648725,900
quantization,post_training_quantization_evaluation,cifar10,int8_ptq,cifar10__unit_interval__all_raw__seed-42,0,0,0.7303252885624344,0.7733333333333333,0.7512142471667566,900
quantization,post_training_quantization_evaluation,cifar10,int8_ptq,cifar10__unit_interval__all_raw__seed-42,1,1,0.8405275779376499,0.7788888888888889,0.8085351787773932,900
quantization,post_training_quantization_evaluation,cifar10,int8_ptq,cifar10__unit_interval__all_raw__seed-42,2,2,0.5832438238453276,0.6033333333333334,0.5931185144729656,900
quantization,post_training_quantization_evaluation,cifar10,int8_ptq,cifar10__unit_interval__all_raw__seed-42,3,3,0.4837451235370611,0.41333333333333333,0.4457759137207909,900
quantization,post_training_quantization_evaluation,cifar10,int8_ptq,cifar10__unit_interval__all_raw__seed-42,4,4,0.5937794533459001,0.7,0.6425293217746048,900
quantization,post_training_quantization_evaluation,cifar10,int8_ptq,cifar10__unit_interval__all_raw__seed-42,5,5,0.623229461756374,0.4888888888888889,0.547945205479452,900
quantization,post_training_quantization_evaluation,cifar10,int8_ptq,cifar10__unit_interval__all_raw__seed-42,6,6,0.6745061147695203,0.7966666666666666,0.7305145185939889,900
quantization,post_training_quantization_evaluation,cifar10,int8_ptq,cifar10__unit_interval__all_raw__seed-42,7,7,0.7804878048780488,0.7111111111111111,0.7441860465116279,900
quantization,post_training_quantization_evaluation,cifar10,int8_ptq,cifar10__unit_interval__all_raw__seed-42,8,8,0.8076923076923077,0.8166666666666667,0.8121546961325967,900
quantization,post_training_quantization_evaluation,cifar10,int8_ptq,cifar10__unit_interval__all_raw__seed-42,9,9,0.7471143756558237,0.7911111111111111,0.7684835402050728,900
quantization,training,cifar100_coarse,fp16,cifar100_coarse__unit_interval__all_raw__seed-42,0,aquatic_mammals,0.39385474860335196,0.31333333333333335,0.349009900990099,450
quantization,training,cifar100_coarse,fp16,cifar100_coarse__unit_interval__all_raw__seed-42,1,fish,0.4796511627906977,0.36666666666666664,0.4156171284634761,450
quantization,training,cifar100_coarse,fp16,cifar100_coarse__unit_interval__all_raw__seed-42,10,large_natural_outdoor_scenes,0.6455142231947484,0.6555555555555556,0.6504961411245866,450
quantization,training,cifar100_coarse,fp16,cifar100_coarse__unit_interval__all_raw__seed-42,11,large_omnivores_and_herbivores,0.3147590361445783,0.46444444444444444,0.3752244165170557,450
quantization,training,cifar100_coarse,fp16,cifar100_coarse__unit_interval__all_raw__seed-42,12,medium_mammals,0.31877729257641924,0.3244444444444444,0.3215859030837004,450
quantization,training,cifar100_coarse,fp16,cifar100_coarse__unit_interval__all_raw__seed-42,13,non-insect_invertebrates,0.263671875,0.3,0.2806652806652806,450
quantization,training,cifar100_coarse,fp16,cifar100_coarse__unit_interval__all_raw__seed-42,14,people,0.6414473684210527,0.43333333333333335,0.5172413793103449,450
quantization,training,cifar100_coarse,fp16,cifar100_coarse__unit_interval__all_raw__seed-42,15,reptiles,0.23603603603603604,0.2911111111111111,0.2606965174129353,450
quantization,training,cifar100_coarse,fp16,cifar100_coarse__unit_interval__all_raw__seed-42,16,small_mammals,0.24329896907216494,0.26222222222222225,0.25240641711229944,450
quantization,training,cifar100_coarse,fp16,cifar100_coarse__unit_interval__all_raw__seed-42,17,trees,0.7647058823529411,0.7222222222222222,0.7428571428571428,450
quantization,training,cifar100_coarse,fp16,cifar100_coarse__unit_interval__all_raw__seed-42,18,vehicles_1,0.46919431279620855,0.44,0.4541284403669725,450
quantization,training,cifar100_coarse,fp16,cifar100_coarse__unit_interval__all_raw__seed-42,19,vehicles_2,0.5393258426966292,0.4266666666666667,0.47642679900744417,450
quantization,training,cifar100_coarse,fp16,cifar100_coarse__unit_interval__all_raw__seed-42,2,flowers,0.6620689655172414,0.64,0.6508474576271186,450
quantization,training,cifar100_coarse,fp16,cifar100_coarse__unit_interval__all_raw__seed-42,3,food_containers,0.5440806045340051,0.48,0.5100354191263282,450
quantization,training,cifar100_coarse,fp16,cifar100_coarse__unit_interval__all_raw__seed-42,4,fruit_and_vegetables,0.5348837209302325,0.5111111111111111,0.5227272727272726,450
quantization,training,cifar100_coarse,fp16,cifar100_coarse__unit_interval__all_raw__seed-42,5,household_electrical_devices,0.38876889848812096,0.4,0.3943044906900329,450
quantization,training,cifar100_coarse,fp16,cifar100_coarse__unit_interval__all_raw__seed-42,6,household_furniture,0.5668604651162791,0.43333333333333335,0.491183879093199,450
quantization,training,cifar100_coarse,fp16,cifar100_coarse__unit_interval__all_raw__seed-42,7,insects,0.39291736930860033,0.5177777777777778,0.4467881112176414,450
quantization,training,cifar100_coarse,fp16,cifar100_coarse__unit_interval__all_raw__seed-42,8,large_carnivores,0.34954954954954953,0.4311111111111111,0.3860696517412935,450
quantization,training,cifar100_coarse,fp16,cifar100_coarse__unit_interval__all_raw__seed-42,9,large_man-made_outdoor_things,0.5575620767494357,0.5488888888888889,0.5531914893617021,450
quantization,training,cifar100_coarse,fp32,cifar100_coarse__unit_interval__all_raw__seed-42,0,aquatic_mammals,0.3645833333333333,0.3888888888888889,0.3763440860215054,450
quantization,training,cifar100_coarse,fp32,cifar100_coarse__unit_interval__all_raw__seed-42,1,fish,0.43548387096774194,0.42,0.4276018099547511,450
quantization,training,cifar100_coarse,fp32,cifar100_coarse__unit_interval__all_raw__seed-42,10,large_natural_outdoor_scenes,0.6811594202898551,0.6266666666666667,0.6527777777777777,450
quantization,training,cifar100_coarse,fp32,cifar100_coarse__unit_interval__all_raw__seed-42,11,large_omnivores_and_herbivores,0.3938679245283019,0.3711111111111111,0.38215102974828374,450
quantization,training,cifar100_coarse,fp32,cifar100_coarse__unit_interval__all_raw__seed-42,12,medium_mammals,0.3316708229426434,0.29555555555555557,0.31257344300822565,450
quantization,training,cifar100_coarse,fp32,cifar100_coarse__unit_interval__all_raw__seed-42,13,non-insect_invertebrates,0.2888402625820569,0.29333333333333333,0.29106945975744214,450
quantization,training,cifar100_coarse,fp32,cifar100_coarse__unit_interval__all_raw__seed-42,14,people,0.5168776371308017,0.5444444444444444,0.5303030303030303,450
quantization,training,cifar100_coarse,fp32,cifar100_coarse__unit_interval__all_raw__seed-42,15,reptiles,0.23404255319148937,0.2688888888888889,0.25025853154084793,450
quantization,training,cifar100_coarse,fp32,cifar100_coarse__unit_interval__all_raw__seed-42,16,small_mammals,0.24878048780487805,0.22666666666666666,0.23720930232558138,450
quantization,training,cifar100_coarse,fp32,cifar100_coarse__unit_interval__all_raw__seed-42,17,trees,0.7194570135746606,0.7066666666666667,0.7130044843049328,450
quantization,training,cifar100_coarse,fp32,cifar100_coarse__unit_interval__all_raw__seed-42,18,vehicles_1,0.36160714285714285,0.54,0.4331550802139038,450
quantization,training,cifar100_coarse,fp32,cifar100_coarse__unit_interval__all_raw__seed-42,19,vehicles_2,0.4601063829787234,0.3844444444444444,0.4188861985472155,450
quantization,training,cifar100_coarse,fp32,cifar100_coarse__unit_interval__all_raw__seed-42,2,flowers,0.5869158878504673,0.6977777777777778,0.6375634517766497,450
quantization,training,cifar100_coarse,fp32,cifar100_coarse__unit_interval__all_raw__seed-42,3,food_containers,0.6105610561056105,0.4111111111111111,0.4913678618857901,450
quantization,training,cifar100_coarse,fp32,cifar100_coarse__unit_interval__all_raw__seed-42,4,fruit_and_vegetables,0.5632458233890215,0.5244444444444445,0.5431530494821635,450
quantization,training,cifar100_coarse,fp32,cifar100_coarse__unit_interval__all_raw__seed-42,5,household_electrical_devices,0.32437275985663083,0.4022222222222222,0.3591269841269841,450
quantization,training,cifar100_coarse,fp32,cifar100_coarse__unit_interval__all_raw__seed-42,6,household_furniture,0.5446685878962536,0.42,0.4742785445420326,450
quantization,training,cifar100_coarse,fp32,cifar100_coarse__unit_interval__all_raw__seed-42,7,insects,0.47240618101545256,0.47555555555555556,0.4739756367663345,450
quantization,training,cifar100_coarse,fp32,cifar100_coarse__unit_interval__all_raw__seed-42,8,large_carnivores,0.33266932270916333,0.3711111111111111,0.35084033613445376,450
quantization,training,cifar100_coarse,fp32,cifar100_coarse__unit_interval__all_raw__seed-42,9,large_man-made_outdoor_things,0.6204188481675392,0.5266666666666666,0.5697115384615383,450
quantization,post_training_quantization_evaluation,cifar100_coarse,int8_ptq,cifar100_coarse__unit_interval__all_raw__seed-42,0,0,0.3695090439276486,0.31777777777777777,0.34169653524492233,450
quantization,post_training_quantization_evaluation,cifar100_coarse,int8_ptq,cifar100_coarse__unit_interval__all_raw__seed-42,1,1,0.4200477326968974,0.39111111111111113,0.40506329113924056,450
quantization,post_training_quantization_evaluation,cifar100_coarse,int8_ptq,cifar100_coarse__unit_interval__all_raw__seed-42,10,10,0.7103064066852368,0.5666666666666667,0.630407911001236,450
quantization,post_training_quantization_evaluation,cifar100_coarse,int8_ptq,cifar100_coarse__unit_interval__all_raw__seed-42,11,11,0.3850574712643678,0.29777777777777775,0.3358395989974937,450
quantization,post_training_quantization_evaluation,cifar100_coarse,int8_ptq,cifar100_coarse__unit_interval__all_raw__seed-42,12,12,0.30319148936170215,0.25333333333333335,0.2760290556900727,450
quantization,post_training_quantization_evaluation,cifar100_coarse,int8_ptq,cifar100_coarse__unit_interval__all_raw__seed-42,13,13,0.24564796905222436,0.2822222222222222,0.26266804550155115,450
quantization,post_training_quantization_evaluation,cifar100_coarse,int8_ptq,cifar100_coarse__unit_interval__all_raw__seed-42,14,14,0.47193347193347196,0.5044444444444445,0.48764769065520946,450
quantization,post_training_quantization_evaluation,cifar100_coarse,int8_ptq,cifar100_coarse__unit_interval__all_raw__seed-42,15,15,0.22718446601941747,0.26,0.24248704663212436,450
quantization,post_training_quantization_evaluation,cifar100_coarse,int8_ptq,cifar100_coarse__unit_interval__all_raw__seed-42,16,16,0.25,0.19555555555555557,0.2194513715710723,450
quantization,post_training_quantization_evaluation,cifar100_coarse,int8_ptq,cifar100_coarse__unit_interval__all_raw__seed-42,17,17,0.7266355140186916,0.6911111111111111,0.7084282460136674,450
quantization,post_training_quantization_evaluation,cifar100_coarse,int8_ptq,cifar100_coarse__unit_interval__all_raw__seed-42,18,18,0.35202492211838005,0.5022222222222222,0.41391941391941384,450
quantization,post_training_quantization_evaluation,cifar100_coarse,int8_ptq,cifar100_coarse__unit_interval__all_raw__seed-42,19,19,0.445,0.39555555555555555,0.4188235294117647,450
quantization,post_training_quantization_evaluation,cifar100_coarse,int8_ptq,cifar100_coarse__unit_interval__all_raw__seed-42,2,2,0.4625176803394625,0.7266666666666667,0.5652549697493517,450
quantization,post_training_quantization_evaluation,cifar100_coarse,int8_ptq,cifar100_coarse__unit_interval__all_raw__seed-42,3,3,0.5292096219931272,0.3422222222222222,0.4156545209176788,450
quantization,post_training_quantization_evaluation,cifar100_coarse,int8_ptq,cifar100_coarse__unit_interval__all_raw__seed-42,4,4,0.46530612244897956,0.5066666666666667,0.48510638297872344,450
quantization,post_training_quantization_evaluation,cifar100_coarse,int8_ptq,cifar100_coarse__unit_interval__all_raw__seed-42,5,5,0.32220039292730845,0.36444444444444446,0.3420229405630866,450
quantization,post_training_quantization_evaluation,cifar100_coarse,int8_ptq,cifar100_coarse__unit_interval__all_raw__seed-42,6,6,0.5469798657718121,0.3622222222222222,0.4358288770053476,450
quantization,post_training_quantization_evaluation,cifar100_coarse,int8_ptq,cifar100_coarse__unit_interval__all_raw__seed-42,7,7,0.36115843270868825,0.4711111111111111,0.4088717454194793,450
quantization,post_training_quantization_evaluation,cifar100_coarse,int8_ptq,cifar100_coarse__unit_interval__all_raw__seed-42,8,8,0.31309297912713474,0.36666666666666664,0.33776867963152507,450
quantization,post_training_quantization_evaluation,cifar100_coarse,int8_ptq,cifar100_coarse__unit_interval__all_raw__seed-42,9,9,0.6321525885558583,0.5155555555555555,0.5679314565483476,450
quantization,training,emnist_balanced,fp16,emnist_balanced__unit_interval__all_raw__seed-42,0,0,0.639751552795031,0.7357142857142858,0.6843853820598007,420
quantization,training,emnist_balanced,fp16,emnist_balanced__unit_interval__all_raw__seed-42,1,1,0.5551663747810858,0.7547619047619047,0.6397578203834511,420
quantization,training,emnist_balanced,fp16,emnist_balanced__unit_interval__all_raw__seed-42,10,10,0.9321266968325792,0.9809523809523809,0.9559164733178654,420
quantization,training,emnist_balanced,fp16,emnist_balanced__unit_interval__all_raw__seed-42,11,11,0.9115646258503401,0.9571428571428572,0.9337979094076655,420
quantization,training,emnist_balanced,fp16,emnist_balanced__unit_interval__all_raw__seed-42,12,12,0.9665071770334929,0.9619047619047619,0.964200477326969,420
quantization,training,emnist_balanced,fp16,emnist_balanced__unit_interval__all_raw__seed-42,13,13,0.8769574944071589,0.9333333333333333,0.9042675893886967,420
quantization,training,emnist_balanced,fp16,emnist_balanced__unit_interval__all_raw__seed-42,14,14,0.9591346153846154,0.95,0.9545454545454546,420
quantization,training,emnist_balanced,fp16,emnist_balanced__unit_interval__all_raw__seed-42,15,15,0.7404129793510325,0.5976190476190476,0.6613965744400527,420
quantization,training,emnist_balanced,fp16,emnist_balanced__unit_interval__all_raw__seed-42,16,16,0.942643391521197,0.9,0.9208282582216808,420
quantization,training,emnist_balanced,fp16,emnist_balanced__unit_interval__all_raw__seed-42,17,17,0.9495412844036697,0.9857142857142858,0.9672897196261682,420
quantization,training,emnist_balanced,fp16,emnist_balanced__unit_interval__all_raw__seed-42,18,18,0.7019704433497537,0.6785714285714286,0.6900726392251816,420
quantization,training,emnist_balanced,fp16,emnist_balanced__unit_interval__all_raw__seed-42,19,19,0.8891454965357968,0.9166666666666666,0.9026963657678779,420
quantization,training,emnist_balanced,fp16,emnist_balanced__unit_interval__all_raw__seed-42,2,2,0.8623024830699775,0.9095238095238095,0.8852838933951332,420
quantization,training,emnist_balanced,fp16,emnist_balanced__unit_interval__all_raw__seed-42,20,20,0.9855421686746988,0.9738095238095238,0.9796407185628742,420
quantization,training,emnist_balanced,fp16,emnist_balanced__unit_interval__all_raw__seed-42,21,21,0.6642599277978339,0.4380952380952381,0.5279770444763271,420
quantization,training,emnist_balanced,fp16,emnist_balanced__unit_interval__all_raw__seed-42,22,22,0.9902200488997555,0.9642857142857143,0.97708082026538,420
quantization,training,emnist_balanced,fp16,emnist_balanced__unit_interval__all_raw__seed-42,23,23,0.8812095032397408,0.9714285714285714,0.9241223103057757,420
quantization,training,emnist_balanced,fp16,emnist_balanced__unit_interval__all_raw__seed-42,24,24,0.6946778711484594,0.5904761904761905,0.6383526383526384,420
quantization,training,emnist_balanced,fp16,emnist_balanced__unit_interval__all_raw__seed-42,25,25,0.908256880733945,0.9428571428571428,0.9252336448598131,420
quantization,training,emnist_balanced,fp16,emnist_balanced__unit_interval__all_raw__seed-42,26,26,0.9462102689486552,0.9214285714285714,0.933655006031363,420
quantization,training,emnist_balanced,fp16,emnist_balanced__unit_interval__all_raw__seed-42,27,27,0.955503512880562,0.9714285714285714,0.9634002361275088,420
quantization,training,emnist_balanced,fp16,emnist_balanced__unit_interval__all_raw__seed-42,28,28,0.8759493670886076,0.8238095238095238,0.849079754601227,420
quantization,training,emnist_balanced,fp16,emnist_balanced__unit_interval__all_raw__seed-42,29,29,0.9370629370629371,0.9571428571428572,0.9469964664310955,420
quantization,training,emnist_balanced,fp16,emnist_balanced__unit_interval__all_raw__seed-42,3,3,0.9582309582309583,0.9285714285714286,0.94316807738815,420
quantization,training,emnist_balanced,fp16,emnist_balanced__unit_interval__all_raw__seed-42,30,30,0.8859060402684564,0.9428571428571428,0.9134948096885813,420
quantization,training,emnist_balanced,fp16,emnist_balanced__unit_interval__all_raw__seed-42,31,31,0.9492753623188406,0.9357142857142857,0.9424460431654677,420
quantization,training,emnist_balanced,fp16,emnist_balanced__unit_interval__all_raw__seed-42,32,32,0.9952038369304557,0.9880952380952381,0.9916367980884111,420
quantization,training,emnist_balanced,fp16,emnist_balanced__unit_interval__all_raw__seed-42,33,33,0.9830917874396136,0.969047619047619,0.9760191846522781,420
quantization,training,emnist_balanced,fp16,emnist_balanced__unit_interval__all_raw__seed-42,34,34,0.9178743961352657,0.9047619047619048,0.9112709832134293,420
quantization,training,emnist_balanced,fp16,emnist_balanced__unit_interval__all_raw__seed-42,35,35,0.872093023255814,0.8928571428571429,0.8823529411764706,420
quantization,training,emnist_balanced,fp16,emnist_balanced__unit_interval__all_raw__seed-42,36,36,0.8600917431192661,0.8928571428571429,0.8761682242990654,420
quantization,training,emnist_balanced,fp16,emnist_balanced__unit_interval__all_raw__seed-42,37,37,0.8545918367346939,0.7976190476190477,0.8251231527093597,420
quantization,training,emnist_balanced,fp16,emnist_balanced__unit_interval__all_raw__seed-42,38,38,0.8402777777777778,0.8642857142857143,0.8521126760563381,420
quantization,training,emnist_balanced,fp16,emnist_balanced__unit_interval__all_raw__seed-42,39,39,0.9462616822429907,0.9642857142857143,0.9551886792452831,420
quantization,training,emnist_balanced,fp16,emnist_balanced__unit_interval__all_raw__seed-42,4,4,0.9443037974683545,0.888095238095238,0.9153374233128834,420
quantization,training,emnist_balanced,fp16,emnist_balanced__unit_interval__all_raw__seed-42,40,40,0.6380753138075314,0.7261904761904762,0.6792873051224944,420
quantization,training,emnist_balanced,fp16,emnist_balanced__unit_interval__all_raw__seed-42,41,41,0.7848101265822784,0.5904761904761905,0.6739130434782609,420
quantization,training,emnist_balanced,fp16,emnist_balanced__unit_interval__all_raw__seed-42,42,42,0.9476190476190476,0.9476190476190476,0.9476190476190476,420
quantization,training,emnist_balanced,fp16,emnist_balanced__unit_interval__all_raw__seed-42,43,43,0.9440389294403893,0.9238095238095239,0.9338146811070999,420
quantization,training,emnist_balanced,fp16,emnist_balanced__unit_interval__all_raw__seed-42,44,44,0.7387096774193549,0.5452380952380952,0.6273972602739726,420
quantization,training,emnist_balanced,fp16,emnist_balanced__unit_interval__all_raw__seed-42,45,45,0.9512195121951219,0.9285714285714286,0.9397590361445782,420
quantization,training,emnist_balanced,fp16,emnist_balanced__unit_interval__all_raw__seed-42,46,46,0.9376558603491272,0.8952380952380953,0.9159561510353227,420
quantization,training,emnist_balanced,fp16,emnist_balanced__unit_interval__all_raw__seed-42,5,5,0.8944954128440367,0.9285714285714286,0.9112149532710281,420
quantization,training,emnist_balanced,fp16,emnist_balanced__unit_interval__all_raw__seed-42,6,6,0.9018264840182648,0.9404761904761905,0.9207459207459208,420
quantization,training,emnist_balanced,fp16,emnist_balanced__unit_interval__all_raw__seed-42,7,7,0.9593301435406698,0.9547619047619048,0.9570405727923629,420
quantization,training,emnist_balanced,fp16,emnist_balanced__unit_interval__all_raw__seed-42,8,8,0.9114219114219114,0.930952380952381,0.9210836277974088,420
quantization,training,emnist_balanced,fp16,emnist_balanced__unit_interval__all_raw__seed-42,9,9,0.6624548736462094,0.8738095238095238,0.7535934291581109,420
quantization,training,emnist_balanced,fp32,emnist_balanced__unit_interval__all_raw__seed-42,0,0,0.6310483870967742,0.7452380952380953,0.6834061135371179,420
quantization,training,emnist_balanced,fp32,emnist_balanced__unit_interval__all_raw__seed-42,1,1,0.5628517823639775,0.7142857142857143,0.6295907660020986,420
quantization,training,emnist_balanced,fp32,emnist_balanced__unit_interval__all_raw__seed-42,10,10,0.9443155452436195,0.969047619047619,0.9565217391304348,420
quantization,training,emnist_balanced,fp32,emnist_balanced__unit_interval__all_raw__seed-42,11,11,0.9376443418013857,0.9666666666666667,0.9519343493552169,420
quantization,training,emnist_balanced,fp32,emnist_balanced__unit_interval__all_raw__seed-42,12,12,0.9735576923076923,0.9642857142857143,0.9688995215311006,420
quantization,training,emnist_balanced,fp32,emnist_balanced__unit_interval__all_raw__seed-42,13,13,0.9170616113744076,0.9214285714285714,0.9192399049881235,420
quantization,training,emnist_balanced,fp32,emnist_balanced__unit_interval__all_raw__seed-42,14,14,0.9662650602409638,0.9547619047619048,0.9604790419161676,420
quantization,training,emnist_balanced,fp32,emnist_balanced__unit_interval__all_raw__seed-42,15,15,0.7746478873239436,0.5238095238095238,0.625,420
quantization,training,emnist_balanced,fp32,emnist_balanced__unit_interval__all_raw__seed-42,16,16,0.9107981220657277,0.9238095238095239,0.91725768321513,420
quantization,training,emnist_balanced,fp32,emnist_balanced__unit_interval__all_raw__seed-42,17,17,0.9284116331096197,0.9880952380952381,0.9573241061130335,420
quantization,training,emnist_balanced,fp32,emnist_balanced__unit_interval__all_raw__seed-42,18,18,0.6838407494145199,0.6952380952380952,0.6894923258559621,420
quantization,training,emnist_balanced,fp32,emnist_balanced__unit_interval__all_raw__seed-42,19,19,0.9197080291970803,0.9,0.9097472924187726,420
quantization,training,emnist_balanced,fp32,emnist_balanced__unit_interval__all_raw__seed-42,2,2,0.8574660633484162,0.9023809523809524,0.8793503480278422,420
quantization,training,emnist_balanced,fp32,emnist_balanced__unit_interval__all_raw__seed-42,20,20,0.951048951048951,0.9714285714285714,0.96113074204947,420
quantization,training,emnist_balanced,fp32,emnist_balanced__unit_interval__all_raw__seed-42,21,21,0.6283783783783784,0.44285714285714284,0.5195530726256984,420
quantization,training,emnist_balanced,fp32,emnist_balanced__unit_interval__all_raw__seed-42,22,22,0.9902912621359223,0.9714285714285714,0.9807692307692307,420
quantization,training,emnist_balanced,fp32,emnist_balanced__unit_interval__all_raw__seed-42,23,23,0.8688172043010752,0.9619047619047619,0.9129943502824859,420
quantization,training,emnist_balanced,fp32,emnist_balanced__unit_interval__all_raw__seed-42,24,24,0.7,0.6,0.6461538461538462,420
quantization,training,emnist_balanced,fp32,emnist_balanced__unit_interval__all_raw__seed-42,25,25,0.8775510204081632,0.9214285714285714,0.8989547038327526,420
quantization,training,emnist_balanced,fp32,emnist_balanced__unit_interval__all_raw__seed-42,26,26,0.9212962962962963,0.9476190476190476,0.9342723004694835,420
quantization,training,emnist_balanced,fp32,emnist_balanced__unit_interval__all_raw__seed-42,27,27,0.9513888888888888,0.9785714285714285,0.9647887323943661,420
quantization,training,emnist_balanced,fp32,emnist_balanced__unit_interval__all_raw__seed-42,28,28,0.8878048780487805,0.8666666666666667,0.8771084337349399,420
quantization,training,emnist_balanced,fp32,emnist_balanced__unit_interval__all_raw__seed-42,29,29,0.9429928741092637,0.9452380952380952,0.9441141498216409,420
quantization,training,emnist_balanced,fp32,emnist_balanced__unit_interval__all_raw__seed-42,3,3,0.9688995215311005,0.9642857142857143,0.9665871121718377,420
quantization,training,emnist_balanced,fp32,emnist_balanced__unit_interval__all_raw__seed-42,30,30,0.9073634204275535,0.9095238095238095,0.9084423305588586,420
quantization,training,emnist_balanced,fp32,emnist_balanced__unit_interval__all_raw__seed-42,31,31,0.927400468384075,0.9428571428571428,0.9350649350649352,420
quantization,training,emnist_balanced,fp32,emnist_balanced__unit_interval__all_raw__seed-42,32,32,0.9951807228915662,0.9833333333333333,0.9892215568862275,420
quantization,training,emnist_balanced,fp32,emnist_balanced__unit_interval__all_raw__seed-42,33,33,0.9827586206896551,0.95,0.9661016949152542,420
quantization,training,emnist_balanced,fp32,emnist_balanced__unit_interval__all_raw__seed-42,34,34,0.9071428571428571,0.9071428571428571,0.9071428571428571,420
quantization,training,emnist_balanced,fp32,emnist_balanced__unit_interval__all_raw__seed-42,35,35,0.8939759036144578,0.8833333333333333,0.8886227544910179,420
quantization,training,emnist_balanced,fp32,emnist_balanced__unit_interval__all_raw__seed-42,36,36,0.8782816229116945,0.8761904761904762,0.8772348033373063,420
quantization,training,emnist_balanced,fp32,emnist_balanced__unit_interval__all_raw__seed-42,37,37,0.8698795180722891,0.8595238095238096,0.8646706586826348,420
quantization,training,emnist_balanced,fp32,emnist_balanced__unit_interval__all_raw__seed-42,38,38,0.9147869674185464,0.8690476190476191,0.8913308913308913,420
quantization,training,emnist_balanced,fp32,emnist_balanced__unit_interval__all_raw__seed-42,39,39,0.9425287356321839,0.9761904761904762,0.95906432748538,420
quantization,training,emnist_balanced,fp32,emnist_balanced__unit_interval__all_raw__seed-42,4,4,0.9592875318066157,0.8976190476190476,0.9274292742927429,420
quantization,training,emnist_balanced,fp32,emnist_balanced__unit_interval__all_raw__seed-42,40,40,0.6091743119266055,0.7904761904761904,0.6880829015544041,420
quantization,training,emnist_balanced,fp32,emnist_balanced__unit_interval__all_raw__seed-42,41,41,0.7887323943661971,0.6666666666666666,0.7225806451612903,420
quantization,training,emnist_balanced,fp32,emnist_balanced__unit_interval__all_raw__seed-42,42,42,0.95,0.95,0.9500000000000001,420
quantization,training,emnist_balanced,fp32,emnist_balanced__unit_interval__all_raw__seed-42,43,43,0.9416058394160584,0.9214285714285714,0.9314079422382672,420
quantization,training,emnist_balanced,fp32,emnist_balanced__unit_interval__all_raw__seed-42,44,44,0.8382978723404255,0.46904761904761905,0.6015267175572518,420
quantization,training,emnist_balanced,fp32,emnist_balanced__unit_interval__all_raw__seed-42,45,45,0.948019801980198,0.9119047619047619,0.9296116504854368,420
quantization,training,emnist_balanced,fp32,emnist_balanced__unit_interval__all_raw__seed-42,46,46,0.9378238341968912,0.861904761904762,0.8982630272952854,420
quantization,training,emnist_balanced,fp32,emnist_balanced__unit_interval__all_raw__seed-42,5,5,0.9097387173396675,0.9119047619047619,0.9108204518430439,420
quantization,training,emnist_balanced,fp32,emnist_balanced__unit_interval__all_raw__seed-42,6,6,0.8864142538975501,0.9476190476190476,0.9159953970080553,420
quantization,training,emnist_balanced,fp32,emnist_balanced__unit_interval__all_raw__seed-42,7,7,0.9663461538461539,0.9571428571428572,0.9617224880382775,420
quantization,training,emnist_balanced,fp32,emnist_balanced__unit_interval__all_raw__seed-42,8,8,0.925754060324826,0.95,0.9377203290246768,420
quantization,training,emnist_balanced,fp32,emnist_balanced__unit_interval__all_raw__seed-42,9,9,0.6285240464344942,0.9023809523809524,0.7409579667644184,420
quantization,post_training_quantization_evaluation,emnist_balanced,int8_ptq,emnist_balanced__unit_interval__all_raw__seed-42,0,0,0.5904255319148937,0.7928571428571428,0.676829268292683,420
quantization,post_training_quantization_evaluation,emnist_balanced,int8_ptq,emnist_balanced__unit_interval__all_raw__seed-42,1,1,0.5512367491166078,0.7428571428571429,0.6328600405679514,420
quantization,post_training_quantization_evaluation,emnist_balanced,int8_ptq,emnist_balanced__unit_interval__all_raw__seed-42,10,10,0.9467592592592593,0.9738095238095238,0.960093896713615,420
quantization,post_training_quantization_evaluation,emnist_balanced,int8_ptq,emnist_balanced__unit_interval__all_raw__seed-42,11,11,0.9146067415730337,0.969047619047619,0.9410404624277456,420
quantization,post_training_quantization_evaluation,emnist_balanced,int8_ptq,emnist_balanced__unit_interval__all_raw__seed-42,12,12,0.9711538461538461,0.9619047619047619,0.9665071770334929,420
quantization,post_training_quantization_evaluation,emnist_balanced,int8_ptq,emnist_balanced__unit_interval__all_raw__seed-42,13,13,0.9125295508274232,0.919047619047619,0.9157769869513641,420
quantization,post_training_quantization_evaluation,emnist_balanced,int8_ptq,emnist_balanced__unit_interval__all_raw__seed-42,14,14,0.9635036496350365,0.9428571428571428,0.9530685920577618,420
quantization,post_training_quantization_evaluation,emnist_balanced,int8_ptq,emnist_balanced__unit_interval__all_raw__seed-42,15,15,0.7557755775577558,0.5452380952380952,0.6334716459197787,420
quantization,post_training_quantization_evaluation,emnist_balanced,int8_ptq,emnist_balanced__unit_interval__all_raw__seed-42,16,16,0.9192399049881235,0.9214285714285714,0.9203329369797859,420
quantization,post_training_quantization_evaluation,emnist_balanced,int8_ptq,emnist_balanced__unit_interval__all_raw__seed-42,17,17,0.9265033407572383,0.9904761904761905,0.957422324510932,420
quantization,post_training_quantization_evaluation,emnist_balanced,int8_ptq,emnist_balanced__unit_interval__all_raw__seed-42,18,18,0.6817102137767221,0.6833333333333333,0.6825208085612366,420
quantization,post_training_quantization_evaluation,emnist_balanced,int8_ptq,emnist_balanced__unit_interval__all_raw__seed-42,19,19,0.9219512195121952,0.9,0.9108433734939759,420
quantization,post_training_quantization_evaluation,emnist_balanced,int8_ptq,emnist_balanced__unit_interval__all_raw__seed-42,2,2,0.8620689655172413,0.8928571428571429,0.8771929824561403,420
quantization,post_training_quantization_evaluation,emnist_balanced,int8_ptq,emnist_balanced__unit_interval__all_raw__seed-42,20,20,0.9465116279069767,0.969047619047619,0.9576470588235293,420
quantization,post_training_quantization_evaluation,emnist_balanced,int8_ptq,emnist_balanced__unit_interval__all_raw__seed-42,21,21,0.6490566037735849,0.4095238095238095,0.5021897810218978,420
quantization,post_training_quantization_evaluation,emnist_balanced,int8_ptq,emnist_balanced__unit_interval__all_raw__seed-42,22,22,0.9785202863961814,0.9761904761904762,0.9773539928486293,420
quantization,post_training_quantization_evaluation,emnist_balanced,int8_ptq,emnist_balanced__unit_interval__all_raw__seed-42,23,23,0.8626609442060086,0.9571428571428572,0.9074492099322798,420
quantization,post_training_quantization_evaluation,emnist_balanced,int8_ptq,emnist_balanced__unit_interval__all_raw__seed-42,24,24,0.7152777777777778,0.49047619047619045,0.5819209039548022,420
quantization,post_training_quantization_evaluation,emnist_balanced,int8_ptq,emnist_balanced__unit_interval__all_raw__seed-42,25,25,0.8899082568807339,0.9238095238095239,0.9065420560747663,420
quantization,post_training_quantization_evaluation,emnist_balanced,int8_ptq,emnist_balanced__unit_interval__all_raw__seed-42,26,26,0.90744920993228,0.9571428571428572,0.9316338354577057,420
quantization,post_training_quantization_evaluation,emnist_balanced,int8_ptq,emnist_balanced__unit_interval__all_raw__seed-42,27,27,0.9447004608294931,0.9761904761904762,0.9601873536299766,420
quantization,post_training_quantization_evaluation,emnist_balanced,int8_ptq,emnist_balanced__unit_interval__all_raw__seed-42,28,28,0.8936708860759494,0.8404761904761905,0.8662576687116565,420
quantization,post_training_quantization_evaluation,emnist_balanced,int8_ptq,emnist_balanced__unit_interval__all_raw__seed-42,29,29,0.9477434679334917,0.95,0.9488703923900119,420
quantization,post_training_quantization_evaluation,emnist_balanced,int8_ptq,emnist_balanced__unit_interval__all_raw__seed-42,3,3,0.9622641509433962,0.9714285714285714,0.9668246445497629,420
quantization,post_training_quantization_evaluation,emnist_balanced,int8_ptq,emnist_balanced__unit_interval__all_raw__seed-42,30,30,0.900709219858156,0.9071428571428571,0.9039145907473309,420
quantization,post_training_quantization_evaluation,emnist_balanced,int8_ptq,emnist_balanced__unit_interval__all_raw__seed-42,31,31,0.9241706161137441,0.9285714285714286,0.9263657957244655,420
quantization,post_training_quantization_evaluation,emnist_balanced,int8_ptq,emnist_balanced__unit_interval__all_raw__seed-42,32,32,0.9904076738609112,0.9833333333333333,0.9868578255675029,420
quantization,post_training_quantization_evaluation,emnist_balanced,int8_ptq,emnist_balanced__unit_interval__all_raw__seed-42,33,33,0.9851851851851852,0.95,0.9672727272727272,420
quantization,post_training_quantization_evaluation,emnist_balanced,int8_ptq,emnist_balanced__unit_interval__all_raw__seed-42,34,34,0.9090909090909091,0.9047619047619048,0.9069212410501194,420
quantization,post_training_quantization_evaluation,emnist_balanced,int8_ptq,emnist_balanced__unit_interval__all_raw__seed-42,35,35,0.8886255924170616,0.8928571428571429,0.8907363420427553,420
quantization,post_training_quantization_evaluation,emnist_balanced,int8_ptq,emnist_balanced__unit_interval__all_raw__seed-42,36,36,0.8916256157635468,0.861904761904762,0.8765133171912833,420
quantization,post_training_quantization_evaluation,emnist_balanced,int8_ptq,emnist_balanced__unit_interval__all_raw__seed-42,37,37,0.8780487804878049,0.8571428571428571,0.8674698795180722,420
quantization,post_training_quantization_evaluation,emnist_balanced,int8_ptq,emnist_balanced__unit_interval__all_raw__seed-42,38,38,0.9106699751861043,0.8738095238095238,0.8918590522478737,420
quantization,post_training_quantization_evaluation,emnist_balanced,int8_ptq,emnist_balanced__unit_interval__all_raw__seed-42,39,39,0.9490740740740741,0.9761904761904762,0.9624413145539906,420
quantization,post_training_quantization_evaluation,emnist_balanced,int8_ptq,emnist_balanced__unit_interval__all_raw__seed-42,4,4,0.9543147208121827,0.8952380952380953,0.9238329238329238,420
quantization,post_training_quantization_evaluation,emnist_balanced,int8_ptq,emnist_balanced__unit_interval__all_raw__seed-42,40,40,0.6109022556390977,0.7738095238095238,0.6827731092436975,420
quantization,post_training_quantization_evaluation,emnist_balanced,int8_ptq,emnist_balanced__unit_interval__all_raw__seed-42,41,41,0.7834757834757835,0.6547619047619048,0.7133592736705578,420
quantization,post_training_quantization_evaluation,emnist_balanced,int8_ptq,emnist_balanced__unit_interval__all_raw__seed-42,42,42,0.9521531100478469,0.9476190476190476,0.9498806682577566,420
quantization,post_training_quantization_evaluation,emnist_balanced,int8_ptq,emnist_balanced__unit_interval__all_raw__seed-42,43,43,0.9382716049382716,0.9047619047619048,0.9212121212121211,420
quantization,post_training_quantization_evaluation,emnist_balanced,int8_ptq,emnist_balanced__unit_interval__all_raw__seed-42,44,44,0.8015873015873016,0.48095238095238096,0.6011904761904762,420
quantization,post_training_quantization_evaluation,emnist_balanced,int8_ptq,emnist_balanced__unit_interval__all_raw__seed-42,45,45,0.9423558897243107,0.8952380952380953,0.9181929181929182,420
quantization,post_training_quantization_evaluation,emnist_balanced,int8_ptq,emnist_balanced__unit_interval__all_raw__seed-42,46,46,0.9405684754521964,0.8666666666666667,0.9021065675340768,420
quantization,post_training_quantization_evaluation,emnist_balanced,int8_ptq,emnist_balanced__unit_interval__all_raw__seed-42,5,5,0.8930232558139535,0.9142857142857143,0.9035294117647059,420
quantization,post_training_quantization_evaluation,emnist_balanced,int8_ptq,emnist_balanced__unit_interval__all_raw__seed-42,6,6,0.8849557522123894,0.9523809523809523,0.9174311926605505,420
quantization,post_training_quantization_evaluation,emnist_balanced,int8_ptq,emnist_balanced__unit_interval__all_raw__seed-42,7,7,0.9616306954436451,0.9547619047619048,0.958183990442055,420
quantization,post_training_quantization_evaluation,emnist_balanced,int8_ptq,emnist_balanced__unit_interval__all_raw__seed-42,8,8,0.9036697247706422,0.9380952380952381,0.9205607476635514,420
quantization,post_training_quantization_evaluation,emnist_balanced,int8_ptq,emnist_balanced__unit_interval__all_raw__seed-42,9,9,0.6233108108108109,0.8785714285714286,0.7292490118577074,420
quantization,training,fashion_mnist,fp16,fashion_mnist__unit_interval__all_raw__seed-42,0,0,0.8452157598499062,0.8580952380952381,0.8516068052930056,1050
quantization,training,fashion_mnist,fp16,fashion_mnist__unit_interval__all_raw__seed-42,1,1,0.991362763915547,0.9838095238095238,0.9875717017208413,1050
quantization,training,fashion_mnist,fp16,fashion_mnist__unit_interval__all_raw__seed-42,2,2,0.8700787401574803,0.8419047619047619,0.8557599225556631,1050
quantization,training,fashion_mnist,fp16,fashion_mnist__unit_interval__all_raw__seed-42,3,3,0.8913043478260869,0.9371428571428572,0.9136490250696379,1050
quantization,training,fashion_mnist,fp16,fashion_mnist__unit_interval__all_raw__seed-42,4,4,0.8517441860465116,0.8371428571428572,0.8443804034582133,1050
quantization,training,fashion_mnist,fp16,fashion_mnist__unit_interval__all_raw__seed-42,5,5,0.9883833494675702,0.9723809523809523,0.9803168506961114,1050
quantization,training,fashion_mnist,fp16,fashion_mnist__unit_interval__all_raw__seed-42,6,6,0.7673745173745173,0.7571428571428571,0.7622243528283797,1050
quantization,training,fashion_mnist,fp16,fashion_mnist__unit_interval__all_raw__seed-42,7,7,0.9504672897196261,0.9685714285714285,0.9594339622641509,1050
quantization,training,fashion_mnist,fp16,fashion_mnist__unit_interval__all_raw__seed-42,8,8,0.976258309591643,0.979047619047619,0.9776509747979077,1050
quantization,training,fashion_mnist,fp16,fashion_mnist__unit_interval__all_raw__seed-42,9,9,0.9656488549618321,0.9638095238095238,0.9647283126787416,1050
quantization,training,fashion_mnist,fp32,fashion_mnist__unit_interval__all_raw__seed-42,0,0,0.8684719535783365,0.8552380952380952,0.8618042226487523,1050
quantization,training,fashion_mnist,fp32,fashion_mnist__unit_interval__all_raw__seed-42,1,1,0.9894937917860553,0.9866666666666667,0.9880782069623271,1050
quantization,training,fashion_mnist,fp32,fashion_mnist__unit_interval__all_raw__seed-42,2,2,0.8495327102803738,0.8657142857142858,0.8575471698113206,1050
quantization,training,fashion_mnist,fp32,fashion_mnist__unit_interval__all_raw__seed-42,3,3,0.8954545454545455,0.9380952380952381,0.9162790697674419,1050
quantization,training,fashion_mnist,fp32,fashion_mnist__unit_interval__all_raw__seed-42,4,4,0.8528301886792453,0.8609523809523809,0.8568720379146919,1050
quantization,training,fashion_mnist,fp32,fashion_mnist__unit_interval__all_raw__seed-42,5,5,0.9646182495344506,0.9866666666666667,0.975517890772128,1050
quantization,training,fashion_mnist,fp32,fashion_mnist__unit_interval__all_raw__seed-42,6,6,0.7800201816347124,0.7361904761904762,0.7574718275355218,1050
quantization,training,fashion_mnist,fp32,fashion_mnist__unit_interval__all_raw__seed-42,7,7,0.96996996996997,0.9228571428571428,0.9458272327964862,1050
quantization,training,fashion_mnist,fp32,fashion_mnist__unit_interval__all_raw__seed-42,8,8,0.980806142034549,0.9733333333333334,0.9770554493307839,1050
quantization,training,fashion_mnist,fp32,fashion_mnist__unit_interval__all_raw__seed-42,9,9,0.9436749769159741,0.9733333333333334,0.9582747304266291,1050
quantization,post_training_quantization_evaluation,fashion_mnist,int8_ptq,fashion_mnist__unit_interval__all_raw__seed-42,0,0,0.7444889779559118,0.7076190476190476,0.7255859375,1050
quantization,post_training_quantization_evaluation,fashion_mnist,int8_ptq,fashion_mnist__unit_interval__all_raw__seed-42,1,1,0.9968619246861925,0.9076190476190477,0.9501495513459621,1050
quantization,post_training_quantization_evaluation,fashion_mnist,int8_ptq,fashion_mnist__unit_interval__all_raw__seed-42,2,2,0.5575471698113208,0.5628571428571428,0.5601895734597155,1050
quantization,post_training_quantization_evaluation,fashion_mnist,int8_ptq,fashion_mnist__unit_interval__all_raw__seed-42,3,3,0.7309236947791165,0.6933333333333334,0.7116324535679374,1050
quantization,post_training_quantization_evaluation,fashion_mnist,int8_ptq,fashion_mnist__unit_interval__all_raw__seed-42,4,4,0.5733207190160833,0.5771428571428572,0.5752254390128145,1050
quantization,post_training_quantization_evaluation,fashion_mnist,int8_ptq,fashion_mnist__unit_interval__all_raw__seed-42,5,5,0.683377308707124,0.9866666666666667,0.8074824629773967,1050
quantization,post_training_quantization_evaluation,fashion_mnist,int8_ptq,fashion_mnist__unit_interval__all_raw__seed-42,6,6,0.5337016574585636,0.46,0.49411764705882355,1050
quantization,post_training_quantization_evaluation,fashion_mnist,int8_ptq,fashion_mnist__unit_interval__all_raw__seed-42,7,7,0.9649368863955119,0.6552380952380953,0.7804878048780488,1050
quantization,post_training_quantization_evaluation,fashion_mnist,int8_ptq,fashion_mnist__unit_interval__all_raw__seed-42,8,8,0.688339222614841,0.9276190476190476,0.79026369168357,1050
quantization,post_training_quantization_evaluation,fashion_mnist,int8_ptq,fashion_mnist__unit_interval__all_raw__seed-42,9,9,0.8585972850678733,0.7228571428571429,0.7849017580144776,1050
quantization,training,fer2013,fp16,fer2013__unit_interval__all_raw__seed-42,0,angry,0.39273356401384085,0.30551816958277256,0.34367903103709313,743
quantization,training,fer2013,fp16,fer2013__unit_interval__all_raw__seed-42,1,disgust,0.68,0.2073170731707317,0.31775700934579443,82
quantization,training,fer2013,fp16,fer2013__unit_interval__all_raw__seed-42,2,fear,0.3415492957746479,0.2526041666666667,0.2904191616766467,768
quantization,training,fer2013,fp16,fer2013__unit_interval__all_raw__seed-42,3,happy,0.6807747489239598,0.7040059347181009,0.6921954777534646,1348
quantization,training,fer2013,fp16,fer2013__unit_interval__all_raw__seed-42,4,sad,0.32576985413290116,0.44127332601536773,0.3748251748251748,911
quantization,training,fer2013,fp16,fer2013__unit_interval__all_raw__seed-42,5,surprise,0.6236933797909407,0.5966666666666667,0.6098807495741057,600
quantization,training,fer2013,fp16,fer2013__unit_interval__all_raw__seed-42,6,neutral,0.44301288404360756,0.4806451612903226,0.4610624033006705,930
quantization,training,fer2013,fp32,fer2013__unit_interval__all_raw__seed-42,0,angry,0.42592592592592593,0.27860026917900405,0.3368592351505289,743
quantization,training,fer2013,fp32,fer2013__unit_interval__all_raw__seed-42,1,disgust,0.5,0.1951219512195122,0.28070175438596495,82
quantization,training,fer2013,fp32,fer2013__unit_interval__all_raw__seed-42,2,fear,0.3231292517006803,0.24739583333333334,0.2802359882005899,768
quantization,training,fer2013,fp32,fer2013__unit_interval__all_raw__seed-42,3,happy,0.6407035175879398,0.7566765578635015,0.6938775510204083,1348
quantization,training,fer2013,fp32,fer2013__unit_interval__all_raw__seed-42,4,sad,0.3367965367965368,0.4270032930845225,0.3765730880929332,911
quantization,training,fer2013,fp32,fer2013__unit_interval__all_raw__seed-42,5,surprise,0.6414141414141414,0.635,0.6381909547738693,600
quantization,training,fer2013,fp32,fer2013__unit_interval__all_raw__seed-42,6,neutral,0.4502673796791444,0.45268817204301076,0.4514745308310992,930
quantization,post_training_quantization_evaluation,fer2013,int8_ptq,fer2013__unit_interval__all_raw__seed-42,0,0,0.3235668789808917,0.34185733512786004,0.3324607329842932,743
quantization,post_training_quantization_evaluation,fer2013,int8_ptq,fer2013__unit_interval__all_raw__seed-42,1,1,0.4444444444444444,0.0975609756097561,0.16,82
quantization,post_training_quantization_evaluation,fer2013,int8_ptq,fer2013__unit_interval__all_raw__seed-42,2,2,0.2686084142394822,0.32421875,0.29380530973451324,768
quantization,post_training_quantization_evaluation,fer2013,int8_ptq,fer2013__unit_interval__all_raw__seed-42,3,3,0.6140350877192983,0.6491097922848664,0.6310854670032456,1348
quantization,post_training_quantization_evaluation,fer2013,int8_ptq,fer2013__unit_interval__all_raw__seed-42,4,4,0.3112391930835735,0.3556531284302964,0.33196721311475413,911
quantization,post_training_quantization_evaluation,fer2013,int8_ptq,fer2013__unit_interval__all_raw__seed-42,5,5,0.5265625,0.5616666666666666,0.5435483870967741,600
quantization,post_training_quantization_evaluation,fer2013,int8_ptq,fer2013__unit_interval__all_raw__seed-42,6,6,0.47802197802197804,0.2806451612903226,0.3536585365853659,930
quantization,training,gtsrb,fp16,gtsrb__unit_interval__all_raw__seed-42,0,0,0.9666666666666667,0.9354838709677419,0.9508196721311476,31
quantization,training,gtsrb,fp16,gtsrb__unit_interval__all_raw__seed-42,1,1,0.9565217391304348,0.990990990990991,0.9734513274336283,333
quantization,training,gtsrb,fp16,gtsrb__unit_interval__all_raw__seed-42,10,10,1.0,0.966804979253112,0.9831223628691983,241
quantization,training,gtsrb,fp16,gtsrb__unit_interval__all_raw__seed-42,11,11,1.0,1.0,1.0,63
quantization,training,gtsrb,fp16,gtsrb__unit_interval__all_raw__seed-42,12,12,1.0,1.0,1.0,103
quantization,training,gtsrb,fp16,gtsrb__unit_interval__all_raw__seed-42,13,13,1.0,1.0,1.0,108
quantization,training,gtsrb,fp16,gtsrb__unit_interval__all_raw__seed-42,14,14,1.0,1.0,1.0,40
quantization,training,gtsrb,fp16,gtsrb__unit_interval__all_raw__seed-42,15,15,1.0,1.0,1.0,31
quantization,training,gtsrb,fp16,gtsrb__unit_interval__all_raw__seed-42,16,16,1.0,1.0,1.0,22
quantization,training,gtsrb,fp16,gtsrb__unit_interval__all_raw__seed-42,17,17,1.0,1.0,1.0,54
quantization,training,gtsrb,fp16,gtsrb__unit_interval__all_raw__seed-42,18,18,1.0,1.0,1.0,58
quantization,training,gtsrb,fp16,gtsrb__unit_interval__all_raw__seed-42,19,19,0.9,1.0,0.9473684210526316,9
quantization,training,gtsrb,fp16,gtsrb__unit_interval__all_raw__seed-42,2,2,0.967930029154519,0.9851632047477745,0.9764705882352942,337
quantization,training,gtsrb,fp16,gtsrb__unit_interval__all_raw__seed-42,20,20,1.0,0.9230769230769231,0.9600000000000001,13
quantization,training,gtsrb,fp16,gtsrb__unit_interval__all_raw__seed-42,21,21,0.9285714285714286,1.0,0.962962962962963,13
quantization,training,gtsrb,fp16,gtsrb__unit_interval__all_raw__seed-42,22,22,0.9473684210526315,1.0,0.972972972972973,18
quantization,training,gtsrb,fp16,gtsrb__unit_interval__all_raw__seed-42,23,23,0.9166666666666666,1.0,0.9565217391304348,22
quantization,training,gtsrb,fp16,gtsrb__unit_interval__all_raw__seed-42,24,24,1.0,1.0,1.0,13
quantization,training,gtsrb,fp16,gtsrb__unit_interval__all_raw__seed-42,25,25,1.0,0.9722222222222222,0.9859154929577464,72
quantization,training,gtsrb,fp16,gtsrb__unit_interval__all_raw__seed-42,26,26,1.0,1.0,1.0,27
quantization,training,gtsrb,fp16,gtsrb__unit_interval__all_raw__seed-42,27,27,0.9,1.0,0.9473684210526316,9
quantization,training,gtsrb,fp16,gtsrb__unit_interval__all_raw__seed-42,28,28,0.9545454545454546,0.9545454545454546,0.9545454545454546,22
quantization,training,gtsrb,fp16,gtsrb__unit_interval__all_raw__seed-42,29,29,1.0,1.0,1.0,13
quantization,training,gtsrb,fp16,gtsrb__unit_interval__all_raw__seed-42,3,3,0.9716981132075472,0.976303317535545,0.9739952718676123,211
quantization,training,gtsrb,fp16,gtsrb__unit_interval__all_raw__seed-42,30,30,1.0,0.9090909090909091,0.9523809523809523,22
quantization,training,gtsrb,fp16,gtsrb__unit_interval__all_raw__seed-42,31,31,1.0,1.0,1.0,40
quantization,training,gtsrb,fp16,gtsrb__unit_interval__all_raw__seed-42,32,32,1.0,1.0,1.0,9
quantization,training,gtsrb,fp16,gtsrb__unit_interval__all_raw__seed-42,33,33,1.0,0.967741935483871,0.9836065573770492,31
quantization,training,gtsrb,fp16,gtsrb__unit_interval__all_raw__seed-42,34,34,1.0,1.0,1.0,18
quantization,training,gtsrb,fp16,gtsrb__unit_interval__all_raw__seed-42,35,35,0.9830508474576272,1.0,0.9914529914529915,58
quantization,training,gtsrb,fp16,gtsrb__unit_interval__all_raw__seed-42,36,36,1.0,1.0,1.0,18
quantization,training,gtsrb,fp16,gtsrb__unit_interval__all_raw__seed-42,37,37,1.0,1.0,1.0,9
quantization,training,gtsrb,fp16,gtsrb__unit_interval__all_raw__seed-42,38,38,0.9626168224299065,1.0,0.9809523809523809,103
quantization,training,gtsrb,fp16,gtsrb__unit_interval__all_raw__seed-42,39,39,1.0,0.8461538461538461,0.9166666666666666,13
quantization,training,gtsrb,fp16,gtsrb__unit_interval__all_raw__seed-42,4,4,0.9865319865319865,0.9865319865319865,0.9865319865319865,297
quantization,training,gtsrb,fp16,gtsrb__unit_interval__all_raw__seed-42,40,40,0.9230769230769231,0.9230769230769231,0.9230769230769231,13
quantization,training,gtsrb,fp16,gtsrb__unit_interval__all_raw__seed-42,41,41,1.0,1.0,1.0,9
quantization,training,gtsrb,fp16,gtsrb__unit_interval__all_raw__seed-42,42,42,0.9285714285714286,1.0,0.962962962962963,13
quantization,training,gtsrb,fp16,gtsrb__unit_interval__all_raw__seed-42,5,5,0.9963369963369964,0.9611307420494699,0.9784172661870503,283
quantization,training,gtsrb,fp16,gtsrb__unit_interval__all_raw__seed-42,6,6,1.0,0.9850746268656716,0.9924812030075187,67
quantization,training,gtsrb,fp16,gtsrb__unit_interval__all_raw__seed-42,7,7,0.9855072463768116,0.966824644549763,0.9760765550239234,211
quantization,training,gtsrb,fp16,gtsrb__unit_interval__all_raw__seed-42,8,8,1.0,0.9620853080568721,0.9806763285024155,211
quantization,training,gtsrb,fp16,gtsrb__unit_interval__all_raw__seed-42,9,9,0.9606986899563319,1.0,0.9799554565701559,220
quantization,training,gtsrb,fp32,gtsrb__unit_interval__all_raw__seed-42,0,0,0.96875,1.0,0.9841269841269841,31
quantization,training,gtsrb,fp32,gtsrb__unit_interval__all_raw__seed-42,1,1,0.9909638554216867,0.987987987987988,0.9894736842105263,333
quantization,training,gtsrb,fp32,gtsrb__unit_interval__all_raw__seed-42,10,10,0.9916666666666667,0.9875518672199171,0.9896049896049897,241
quantization,training,gtsrb,fp32,gtsrb__unit_interval__all_raw__seed-42,11,11,1.0,1.0,1.0,63
quantization,training,gtsrb,fp32,gtsrb__unit_interval__all_raw__seed-42,12,12,1.0,0.9902912621359223,0.9951219512195122,103
quantization,training,gtsrb,fp32,gtsrb__unit_interval__all_raw__seed-42,13,13,0.9908256880733946,1.0,0.9953917050691244,108
quantization,training,gtsrb,fp32,gtsrb__unit_interval__all_raw__seed-42,14,14,1.0,1.0,1.0,40
quantization,training,gtsrb,fp32,gtsrb__unit_interval__all_raw__seed-42,15,15,1.0,1.0,1.0,31
quantization,training,gtsrb,fp32,gtsrb__unit_interval__all_raw__seed-42,16,16,1.0,1.0,1.0,22
quantization,training,gtsrb,fp32,gtsrb__unit_interval__all_raw__seed-42,17,17,1.0,1.0,1.0,54
quantization,training,gtsrb,fp32,gtsrb__unit_interval__all_raw__seed-42,18,18,1.0,0.9827586206896551,0.9913043478260869,58
quantization,training,gtsrb,fp32,gtsrb__unit_interval__all_raw__seed-42,19,19,1.0,1.0,1.0,9
quantization,training,gtsrb,fp32,gtsrb__unit_interval__all_raw__seed-42,2,2,0.991044776119403,0.9851632047477745,0.9880952380952381,337
quantization,training,gtsrb,fp32,gtsrb__unit_interval__all_raw__seed-42,20,20,0.8571428571428571,0.9230769230769231,0.888888888888889,13
quantization,training,gtsrb,fp32,gtsrb__unit_interval__all_raw__seed-42,21,21,1.0,1.0,1.0,13
quantization,training,gtsrb,fp32,gtsrb__unit_interval__all_raw__seed-42,22,22,1.0,1.0,1.0,18
quantization,training,gtsrb,fp32,gtsrb__unit_interval__all_raw__seed-42,23,23,0.9545454545454546,0.9545454545454546,0.9545454545454546,22
quantization,training,gtsrb,fp32,gtsrb__unit_interval__all_raw__seed-42,24,24,0.9166666666666666,0.8461538461538461,0.8799999999999999,13
quantization,training,gtsrb,fp32,gtsrb__unit_interval__all_raw__seed-42,25,25,1.0,0.9861111111111112,0.993006993006993,72
quantization,training,gtsrb,fp32,gtsrb__unit_interval__all_raw__seed-42,26,26,1.0,1.0,1.0,27
quantization,training,gtsrb,fp32,gtsrb__unit_interval__all_raw__seed-42,27,27,1.0,1.0,1.0,9
quantization,training,gtsrb,fp32,gtsrb__unit_interval__all_raw__seed-42,28,28,0.9166666666666666,1.0,0.9565217391304348,22
quantization,training,gtsrb,fp32,gtsrb__unit_interval__all_raw__seed-42,29,29,0.9285714285714286,1.0,0.962962962962963,13
quantization,training,gtsrb,fp32,gtsrb__unit_interval__all_raw__seed-42,3,3,0.9627906976744186,0.981042654028436,0.971830985915493,211
quantization,training,gtsrb,fp32,gtsrb__unit_interval__all_raw__seed-42,30,30,0.95,0.8636363636363636,0.9047619047619048,22
quantization,training,gtsrb,fp32,gtsrb__unit_interval__all_raw__seed-42,31,31,1.0,1.0,1.0,40
quantization,training,gtsrb,fp32,gtsrb__unit_interval__all_raw__seed-42,32,32,1.0,1.0,1.0,9
quantization,training,gtsrb,fp32,gtsrb__unit_interval__all_raw__seed-42,33,33,1.0,0.8387096774193549,0.9122807017543859,31
quantization,training,gtsrb,fp32,gtsrb__unit_interval__all_raw__seed-42,34,34,0.8181818181818182,1.0,0.9,18
quantization,training,gtsrb,fp32,gtsrb__unit_interval__all_raw__seed-42,35,35,0.9830508474576272,1.0,0.9914529914529915,58
quantization,training,gtsrb,fp32,gtsrb__unit_interval__all_raw__seed-42,36,36,1.0,1.0,1.0,18
quantization,training,gtsrb,fp32,gtsrb__unit_interval__all_raw__seed-42,37,37,1.0,1.0,1.0,9
quantization,training,gtsrb,fp32,gtsrb__unit_interval__all_raw__seed-42,38,38,0.9716981132075472,1.0,0.985645933014354,103
quantization,training,gtsrb,fp32,gtsrb__unit_interval__all_raw__seed-42,39,39,1.0,0.8461538461538461,0.9166666666666666,13
quantization,training,gtsrb,fp32,gtsrb__unit_interval__all_raw__seed-42,4,4,1.0,0.98989898989899,0.9949238578680203,297
quantization,training,gtsrb,fp32,gtsrb__unit_interval__all_raw__seed-42,40,40,1.0,1.0,1.0,13
quantization,training,gtsrb,fp32,gtsrb__unit_interval__all_raw__seed-42,41,41,1.0,0.8888888888888888,0.9411764705882353,9
quantization,training,gtsrb,fp32,gtsrb__unit_interval__all_raw__seed-42,42,42,0.9285714285714286,1.0,0.962962962962963,13
quantization,training,gtsrb,fp32,gtsrb__unit_interval__all_raw__seed-42,5,5,0.9494949494949495,0.9964664310954063,0.9724137931034483,283
quantization,training,gtsrb,fp32,gtsrb__unit_interval__all_raw__seed-42,6,6,0.9852941176470589,1.0,0.9925925925925926,67
quantization,training,gtsrb,fp32,gtsrb__unit_interval__all_raw__seed-42,7,7,1.0,0.957345971563981,0.9782082324455207,211
quantization,training,gtsrb,fp32,gtsrb__unit_interval__all_raw__seed-42,8,8,0.9951923076923077,0.981042654028436,0.9880668257756563,211
quantization,training,gtsrb,fp32,gtsrb__unit_interval__all_raw__seed-42,9,9,0.9954337899543378,0.990909090909091,0.9931662870159453,220
quantization,post_training_quantization_evaluation,gtsrb,int8_ptq,gtsrb__unit_interval__all_raw__seed-42,0,0,0.5166666666666667,1.0,0.6813186813186815,31
quantization,post_training_quantization_evaluation,gtsrb,int8_ptq,gtsrb__unit_interval__all_raw__seed-42,1,1,0.7729468599033816,0.960960960960961,0.856760374832664,333
quantization,post_training_quantization_evaluation,gtsrb,int8_ptq,gtsrb__unit_interval__all_raw__seed-42,10,10,0.9466019417475728,0.8091286307053942,0.87248322147651,241
quantization,post_training_quantization_evaluation,gtsrb,int8_ptq,gtsrb__unit_interval__all_raw__seed-42,11,11,0.9491525423728814,0.8888888888888888,0.9180327868852458,63
quantization,post_training_quantization_evaluation,gtsrb,int8_ptq,gtsrb__unit_interval__all_raw__seed-42,12,12,0.9795918367346939,0.9320388349514563,0.9552238805970149,103
quantization,post_training_quantization_evaluation,gtsrb,int8_ptq,gtsrb__unit_interval__all_raw__seed-42,13,13,0.9904761904761905,0.9629629629629629,0.9765258215962442,108
quantization,post_training_quantization_evaluation,gtsrb,int8_ptq,gtsrb__unit_interval__all_raw__seed-42,14,14,0.6451612903225806,1.0,0.7843137254901961,40
quantization,post_training_quantization_evaluation,gtsrb,int8_ptq,gtsrb__unit_interval__all_raw__seed-42,15,15,0.9285714285714286,0.8387096774193549,0.8813559322033899,31
quantization,post_training_quantization_evaluation,gtsrb,int8_ptq,gtsrb__unit_interval__all_raw__seed-42,16,16,1.0,0.6818181818181818,0.8108108108108109,22
quantization,post_training_quantization_evaluation,gtsrb,int8_ptq,gtsrb__unit_interval__all_raw__seed-42,17,17,1.0,0.9814814814814815,0.9906542056074767,54
quantization,post_training_quantization_evaluation,gtsrb,int8_ptq,gtsrb__unit_interval__all_raw__seed-42,18,18,1.0,0.8275862068965517,0.9056603773584906,58
quantization,post_training_quantization_evaluation,gtsrb,int8_ptq,gtsrb__unit_interval__all_raw__seed-42,19,19,1.0,0.5555555555555556,0.7142857142857143,9
quantization,post_training_quantization_evaluation,gtsrb,int8_ptq,gtsrb__unit_interval__all_raw__seed-42,2,2,0.7736842105263158,0.8724035608308606,0.8200836820083681,337
quantization,post_training_quantization_evaluation,gtsrb,int8_ptq,gtsrb__unit_interval__all_raw__seed-42,20,20,0.8181818181818182,0.6923076923076923,0.7500000000000001,13
quantization,post_training_quantization_evaluation,gtsrb,int8_ptq,gtsrb__unit_interval__all_raw__seed-42,21,21,0.4642857142857143,1.0,0.6341463414634146,13
quantization,post_training_quantization_evaluation,gtsrb,int8_ptq,gtsrb__unit_interval__all_raw__seed-42,22,22,0.9166666666666666,0.6111111111111112,0.7333333333333334,18
quantization,post_training_quantization_evaluation,gtsrb,int8_ptq,gtsrb__unit_interval__all_raw__seed-42,23,23,1.0,0.9090909090909091,0.9523809523809523,22
quantization,post_training_quantization_evaluation,gtsrb,int8_ptq,gtsrb__unit_interval__all_raw__seed-42,24,24,0.8888888888888888,0.6153846153846154,0.7272727272727274,13
quantization,post_training_quantization_evaluation,gtsrb,int8_ptq,gtsrb__unit_interval__all_raw__seed-42,25,25,0.5725806451612904,0.9861111111111112,0.7244897959183674,72
quantization,post_training_quantization_evaluation,gtsrb,int8_ptq,gtsrb__unit_interval__all_raw__seed-42,26,26,1.0,0.5925925925925926,0.7441860465116279,27
quantization,post_training_quantization_evaluation,gtsrb,int8_ptq,gtsrb__unit_interval__all_raw__seed-42,27,27,1.0,0.8888888888888888,0.9411764705882353,9
quantization,post_training_quantization_evaluation,gtsrb,int8_ptq,gtsrb__unit_interval__all_raw__seed-42,28,28,0.5625,0.8181818181818182,0.6666666666666666,22
quantization,post_training_quantization_evaluation,gtsrb,int8_ptq,gtsrb__unit_interval__all_raw__seed-42,29,29,0.7333333333333333,0.8461538461538461,0.7857142857142856,13
quantization,post_training_quantization_evaluation,gtsrb,int8_ptq,gtsrb__unit_interval__all_raw__seed-42,3,3,0.6790123456790124,0.7819905213270142,0.7268722466960352,211
quantization,post_training_quantization_evaluation,gtsrb,int8_ptq,gtsrb__unit_interval__all_raw__seed-42,30,30,0.75,0.5454545454545454,0.631578947368421,22
quantization,post_training_quantization_evaluation,gtsrb,int8_ptq,gtsrb__unit_interval__all_raw__seed-42,31,31,0.9117647058823529,0.775,0.8378378378378379,40
quantization,post_training_quantization_evaluation,gtsrb,int8_ptq,gtsrb__unit_interval__all_raw__seed-42,32,32,0.8888888888888888,0.8888888888888888,0.8888888888888888,9
quantization,post_training_quantization_evaluation,gtsrb,int8_ptq,gtsrb__unit_interval__all_raw__seed-42,33,33,0.9629629629629629,0.8387096774193549,0.896551724137931,31
quantization,post_training_quantization_evaluation,gtsrb,int8_ptq,gtsrb__unit_interval__all_raw__seed-42,34,34,0.6,1.0,0.7499999999999999,18
quantization,post_training_quantization_evaluation,gtsrb,int8_ptq,gtsrb__unit_interval__all_raw__seed-42,35,35,0.847457627118644,0.8620689655172413,0.8547008547008546,58
quantization,post_training_quantization_evaluation,gtsrb,int8_ptq,gtsrb__unit_interval__all_raw__seed-42,36,36,0.75,1.0,0.8571428571428571,18
quantization,post_training_quantization_evaluation,gtsrb,int8_ptq,gtsrb__unit_interval__all_raw__seed-42,37,37,0.8,0.8888888888888888,0.8421052631578948,9
quantization,post_training_quantization_evaluation,gtsrb,int8_ptq,gtsrb__unit_interval__all_raw__seed-42,38,38,0.8125,0.883495145631068,0.8465116279069768,103
quantization,post_training_quantization_evaluation,gtsrb,int8_ptq,gtsrb__unit_interval__all_raw__seed-42,39,39,0.7857142857142857,0.8461538461538461,0.8148148148148148,13
quantization,post_training_quantization_evaluation,gtsrb,int8_ptq,gtsrb__unit_interval__all_raw__seed-42,4,4,0.9545454545454546,0.7777777777777778,0.8571428571428572,297
quantization,post_training_quantization_evaluation,gtsrb,int8_ptq,gtsrb__unit_interval__all_raw__seed-42,40,40,0.2972972972972973,0.8461538461538461,0.44000000000000006,13
quantization,post_training_quantization_evaluation,gtsrb,int8_ptq,gtsrb__unit_interval__all_raw__seed-42,41,41,1.0,0.4444444444444444,0.6153846153846153,9
quantization,post_training_quantization_evaluation,gtsrb,int8_ptq,gtsrb__unit_interval__all_raw__seed-42,42,42,0.6666666666666666,0.3076923076923077,0.42105263157894735,13
quantization,post_training_quantization_evaluation,gtsrb,int8_ptq,gtsrb__unit_interval__all_raw__seed-42,5,5,0.7607843137254902,0.6855123674911661,0.7211895910780669,283
quantization,post_training_quantization_evaluation,gtsrb,int8_ptq,gtsrb__unit_interval__all_raw__seed-42,6,6,0.9111111111111111,0.6119402985074627,0.7321428571428571,67
quantization,post_training_quantization_evaluation,gtsrb,int8_ptq,gtsrb__unit_interval__all_raw__seed-42,7,7,0.9852941176470589,0.6350710900473934,0.7723342939481268,211
quantization,post_training_quantization_evaluation,gtsrb,int8_ptq,gtsrb__unit_interval__all_raw__seed-42,8,8,0.9075144508670521,0.7440758293838863,0.8177083333333334,211
quantization,post_training_quantization_evaluation,gtsrb,int8_ptq,gtsrb__unit_interval__all_raw__seed-42,9,9,0.8928571428571429,0.9090909090909091,0.9009009009009009,220
quantization,training,kmnist,fp16,kmnist__unit_interval__all_raw__seed-42,0,0,0.9839015151515151,0.9895238095238095,0.98670465337132,1050
quantization,training,kmnist,fp16,kmnist__unit_interval__all_raw__seed-42,1,1,0.9827420901246404,0.9761904761904762,0.9794553272814143,1050
quantization,training,kmnist,fp16,kmnist__unit_interval__all_raw__seed-42,2,2,0.9845857418111753,0.9733333333333334,0.978927203065134,1050
quantization,training,kmnist,fp16,kmnist__unit_interval__all_raw__seed-42,3,3,0.9914040114613181,0.9885714285714285,0.9899856938483547,1050
quantization,training,kmnist,fp16,kmnist__unit_interval__all_raw__seed-42,4,4,0.9837008628954937,0.9771428571428571,0.9804108934543717,1050
quantization,training,kmnist,fp16,kmnist__unit_interval__all_raw__seed-42,5,5,0.9774647887323944,0.9914285714285714,0.9843971631205674,1050
quantization,training,kmnist,fp16,kmnist__unit_interval__all_raw__seed-42,6,6,0.9727187206020697,0.9847619047619047,0.9787032654992902,1050
quantization,training,kmnist,fp16,kmnist__unit_interval__all_raw__seed-42,7,7,0.9876190476190476,0.9876190476190476,0.9876190476190476,1050
quantization,training,kmnist,fp16,kmnist__unit_interval__all_raw__seed-42,8,8,0.9894736842105263,0.9847619047619047,0.9871121718377088,1050
quantization,training,kmnist,fp16,kmnist__unit_interval__all_raw__seed-42,9,9,0.9923809523809524,0.9923809523809524,0.9923809523809524,1050
quantization,training,kmnist,fp32,kmnist__unit_interval__all_raw__seed-42,0,0,0.9846743295019157,0.979047619047619,0.9818529130850048,1050
quantization,training,kmnist,fp32,kmnist__unit_interval__all_raw__seed-42,1,1,0.9817307692307692,0.9723809523809523,0.9770334928229665,1050
quantization,training,kmnist,fp32,kmnist__unit_interval__all_raw__seed-42,2,2,0.9725897920604915,0.98,0.9762808349146109,1050
quantization,training,kmnist,fp32,kmnist__unit_interval__all_raw__seed-42,3,3,0.9792648444863337,0.9895238095238095,0.984367598294647,1050
quantization,training,kmnist,fp32,kmnist__unit_interval__all_raw__seed-42,4,4,0.982840800762631,0.981904761904762,0.9823725583611245,1050
quantization,training,kmnist,fp32,kmnist__unit_interval__all_raw__seed-42,5,5,0.9932301740812379,0.9780952380952381,0.9856046065259118,1050
quantization,training,kmnist,fp32,kmnist__unit_interval__all_raw__seed-42,6,6,0.9671669793621013,0.981904761904762,0.9744801512287334,1050
quantization,training,kmnist,fp32,kmnist__unit_interval__all_raw__seed-42,7,7,0.9801136363636364,0.9857142857142858,0.982905982905983,1050
quantization,training,kmnist,fp32,kmnist__unit_interval__all_raw__seed-42,8,8,0.9828571428571429,0.9828571428571429,0.9828571428571429,1050
quantization,training,kmnist,fp32,kmnist__unit_interval__all_raw__seed-42,9,9,0.9952015355086372,0.9876190476190476,0.9913957934990439,1050
quantization,post_training_quantization_evaluation,kmnist,int8_ptq,kmnist__unit_interval__all_raw__seed-42,0,0,0.9874396135265701,0.9733333333333334,0.9803357314148682,1050
quantization,post_training_quantization_evaluation,kmnist,int8_ptq,kmnist__unit_interval__all_raw__seed-42,1,1,0.973026973026973,0.9276190476190476,0.9497805948317894,1050
quantization,post_training_quantization_evaluation,kmnist,int8_ptq,kmnist__unit_interval__all_raw__seed-42,2,2,0.9455399061032864,0.959047619047619,0.9522458628841608,1050
quantization,post_training_quantization_evaluation,kmnist,int8_ptq,kmnist__unit_interval__all_raw__seed-42,3,3,0.9643527204502814,0.979047619047619,0.9716446124763705,1050
quantization,post_training_quantization_evaluation,kmnist,int8_ptq,kmnist__unit_interval__all_raw__seed-42,4,4,0.9570610687022901,0.9552380952380952,0.9561487130600573,1050
quantization,post_training_quantization_evaluation,kmnist,int8_ptq,kmnist__unit_interval__all_raw__seed-42,5,5,0.9624413145539906,0.9761904761904762,0.9692671394799054,1050
quantization,post_training_quantization_evaluation,kmnist,int8_ptq,kmnist__unit_interval__all_raw__seed-42,6,6,0.9324817518248175,0.9733333333333334,0.9524697110904009,1050
quantization,post_training_quantization_evaluation,kmnist,int8_ptq,kmnist__unit_interval__all_raw__seed-42,7,7,0.990108803165183,0.9533333333333334,0.9713731198447356,1050
quantization,post_training_quantization_evaluation,kmnist,int8_ptq,kmnist__unit_interval__all_raw__seed-42,8,8,0.9526462395543176,0.9771428571428571,0.9647390691114246,1050
quantization,post_training_quantization_evaluation,kmnist,int8_ptq,kmnist__unit_interval__all_raw__seed-42,9,9,0.9932432432432432,0.98,0.9865771812080537,1050
quantization,training,mnist,fp16,mnist__unit_interval__all_raw__seed-42,0,0,0.9913544668587896,0.9971014492753624,0.9942196531791908,1035
quantization,training,mnist,fp16,mnist__unit_interval__all_raw__seed-42,1,1,0.9924050632911392,0.995766299745978,0.9940828402366864,1181
quantization,training,mnist,fp16,mnist__unit_interval__all_raw__seed-42,2,2,0.9855212355212355,0.9742366412213741,0.9798464491362764,1048
quantization,training,mnist,fp16,mnist__unit_interval__all_raw__seed-42,3,3,0.9915730337078652,0.988795518207283,0.9901823281907434,1071
quantization,training,mnist,fp16,mnist__unit_interval__all_raw__seed-42,4,4,0.994140625,0.9951124144672532,0.9946262823644357,1023
quantization,training,mnist,fp16,mnist__unit_interval__all_raw__seed-42,5,5,0.9728317659352143,0.9831045406546991,0.9779411764705883,947
quantization,training,mnist,fp16,mnist__unit_interval__all_raw__seed-42,6,6,0.9873908826382153,0.9873908826382153,0.9873908826382153,1031
quantization,training,mnist,fp16,mnist__unit_interval__all_raw__seed-42,7,7,0.9872029250457038,0.9872029250457038,0.9872029250457038,1094
quantization,training,mnist,fp16,mnist__unit_interval__all_raw__seed-42,8,8,0.9912023460410557,0.990234375,0.9907181240840255,1024
quantization,training,mnist,fp16,mnist__unit_interval__all_raw__seed-42,9,9,0.9884504331087585,0.9837164750957854,0.986077772443591,1044
quantization,training,mnist,fp32,mnist__unit_interval__all_raw__seed-42,0,0,0.9970986460348162,0.996135265700483,0.9966167230546158,1035
quantization,training,mnist,fp32,mnist__unit_interval__all_raw__seed-42,1,1,0.9974468085106383,0.9923793395427604,0.9949066213921901,1181
quantization,training,mnist,fp32,mnist__unit_interval__all_raw__seed-42,2,2,0.9735349716446124,0.982824427480916,0.9781576448243114,1048
quantization,training,mnist,fp32,mnist__unit_interval__all_raw__seed-42,3,3,0.9870490286771508,0.996265172735761,0.991635687732342,1071
quantization,training,mnist,fp32,mnist__unit_interval__all_raw__seed-42,4,4,0.9903006789524733,0.9980449657869013,0.994157740993184,1023
quantization,training,mnist,fp32,mnist__unit_interval__all_raw__seed-42,5,5,0.9862579281183932,0.9852164730728616,0.9857369255150554,947
quantization,training,mnist,fp32,mnist__unit_interval__all_raw__seed-42,6,6,0.9892682926829268,0.9835111542192047,0.9863813229571985,1031
quantization,training,mnist,fp32,mnist__unit_interval__all_raw__seed-42,7,7,0.986400725294651,0.9945155393053017,0.9904415111515703,1094
quantization,training,mnist,fp32,mnist__unit_interval__all_raw__seed-42,8,8,0.9970178926441352,0.9794921875,0.9881773399014778,1024
quantization,training,mnist,fp32,mnist__unit_interval__all_raw__seed-42,9,9,0.9903753609239654,0.985632183908046,0.9879980796927509,1044
quantization,post_training_quantization_evaluation,mnist,int8_ptq,mnist__unit_interval__all_raw__seed-42,0,0,0.9951456310679612,0.9903381642512077,0.9927360774818401,1035
quantization,post_training_quantization_evaluation,mnist,int8_ptq,mnist__unit_interval__all_raw__seed-42,1,1,0.995741056218058,0.9898391193903472,0.9927813163481953,1181
quantization,post_training_quantization_evaluation,mnist,int8_ptq,mnist__unit_interval__all_raw__seed-42,2,2,0.9537037037037037,0.982824427480916,0.9680451127819549,1048
quantization,post_training_quantization_evaluation,mnist,int8_ptq,mnist__unit_interval__all_raw__seed-42,3,3,0.9833487511563367,0.992530345471522,0.987918215613383,1071
quantization,post_training_quantization_evaluation,mnist,int8_ptq,mnist__unit_interval__all_raw__seed-42,4,4,0.9911764705882353,0.9882697947214076,0.9897209985315712,1023
quantization,post_training_quantization_evaluation,mnist,int8_ptq,mnist__unit_interval__all_raw__seed-42,5,5,0.9669079627714581,0.9873284054910243,0.9770114942528736,947
quantization,post_training_quantization_evaluation,mnist,int8_ptq,mnist__unit_interval__all_raw__seed-42,6,6,0.9920318725099602,0.9660523763336566,0.9788697788697788,1031
quantization,post_training_quantization_evaluation,mnist,int8_ptq,mnist__unit_interval__all_raw__seed-42,7,7,0.9827429609445958,0.9890310786106032,0.985876993166287,1094
quantization,post_training_quantization_evaluation,mnist,int8_ptq,mnist__unit_interval__all_raw__seed-42,8,8,0.9929506545820745,0.962890625,0.977689638076351,1024
quantization,post_training_quantization_evaluation,mnist,int8_ptq,mnist__unit_interval__all_raw__seed-42,9,9,0.9799618320610687,0.9837164750957854,0.9818355640535373,1044
quantization,training,svhn,fp16,svhn__unit_interval__all_raw__seed-42,0,0,0.9059745347698335,0.9213147410358565,0.9135802469135802,1004
quantization,training,svhn,fp16,svhn__unit_interval__all_raw__seed-42,1,1,0.920704845814978,0.9553445850914205,0.9377049180327868,2844
quantization,training,svhn,fp16,svhn__unit_interval__all_raw__seed-42,2,2,0.9335130278526504,0.9402714932126697,0.9368800721370604,2210
quantization,training,svhn,fp16,svhn__unit_interval__all_raw__seed-42,3,3,0.8938212357528494,0.8728763913298184,0.8832246591582692,1707
quantization,training,svhn,fp16,svhn__unit_interval__all_raw__seed-42,4,4,0.9231788079470199,0.9311957247828991,0.9271699368141004,1497
quantization,training,svhn,fp16,svhn__unit_interval__all_raw__seed-42,5,5,0.9273827534039334,0.8820143884892087,0.9041297935103245,1390
quantization,training,svhn,fp16,svhn__unit_interval__all_raw__seed-42,6,6,0.8835376532399299,0.8735930735930736,0.8785372224640836,1155
quantization,training,svhn,fp16,svhn__unit_interval__all_raw__seed-42,7,7,0.9393939393939394,0.8957968476357268,0.9170775437023757,1142
quantization,training,svhn,fp16,svhn__unit_interval__all_raw__seed-42,8,8,0.8697318007662835,0.9025844930417495,0.8858536585365854,1006
quantization,training,svhn,fp16,svhn__unit_interval__all_raw__seed-42,9,9,0.8881650380021715,0.8720682302771855,0.8800430338891877,938
quantization,training,svhn,fp32,svhn__unit_interval__all_raw__seed-42,0,0,0.9535123966942148,0.9193227091633466,0.936105476673428,1004
quantization,training,svhn,fp32,svhn__unit_interval__all_raw__seed-42,1,1,0.9369118159637504,0.9451476793248945,0.9410117276387188,2844
quantization,training,svhn,fp32,svhn__unit_interval__all_raw__seed-42,2,2,0.9450346420323326,0.92579185520362,0.9353142857142857,2210
quantization,training,svhn,fp32,svhn__unit_interval__all_raw__seed-42,3,3,0.8682871678914641,0.8998242530755711,0.8837744533947065,1707
quantization,training,svhn,fp32,svhn__unit_interval__all_raw__seed-42,4,4,0.9205515430072226,0.9365397461589846,0.9284768211920529,1497
quantization,training,svhn,fp32,svhn__unit_interval__all_raw__seed-42,5,5,0.898220640569395,0.9079136690647482,0.9030411449016099,1390
quantization,training,svhn,fp32,svhn__unit_interval__all_raw__seed-42,6,6,0.8929203539823009,0.8735930735930736,0.8831509846827132,1155
quantization,training,svhn,fp32,svhn__unit_interval__all_raw__seed-42,7,7,0.8906779661016949,0.9203152364273205,0.905254091300603,1142
quantization,training,svhn,fp32,svhn__unit_interval__all_raw__seed-42,8,8,0.9016736401673641,0.856858846918489,0.8786952089704383,1006
quantization,training,svhn,fp32,svhn__unit_interval__all_raw__seed-42,9,9,0.9051724137931034,0.8955223880597015,0.90032154340836,938
quantization,post_training_quantization_evaluation,svhn,int8_ptq,svhn__unit_interval__all_raw__seed-42,0,0,0.9480789200415368,0.9093625498007968,0.9283172343670564,1004
quantization,post_training_quantization_evaluation,svhn,int8_ptq,svhn__unit_interval__all_raw__seed-42,1,1,0.932085932085932,0.9458509142053446,0.9389179755671903,2844
quantization,post_training_quantization_evaluation,svhn,int8_ptq,svhn__unit_interval__all_raw__seed-42,2,2,0.9408502772643254,0.9212669683257918,0.9309556470050296,2210
quantization,post_training_quantization_evaluation,svhn,int8_ptq,svhn__unit_interval__all_raw__seed-42,3,3,0.8625213918996006,0.8857644991212654,0.8739884393063584,1707
quantization,post_training_quantization_evaluation,svhn,int8_ptq,svhn__unit_interval__all_raw__seed-42,4,4,0.9206349206349206,0.9298597194388778,0.9252243270189432,1497
quantization,post_training_quantization_evaluation,svhn,int8_ptq,svhn__unit_interval__all_raw__seed-42,5,5,0.8743093922651933,0.9107913669064748,0.8921775898520085,1390
quantization,post_training_quantization_evaluation,svhn,int8_ptq,svhn__unit_interval__all_raw__seed-42,6,6,0.8955357142857143,0.8683982683982684,0.8817582417582417,1155
quantization,post_training_quantization_evaluation,svhn,int8_ptq,svhn__unit_interval__all_raw__seed-42,7,7,0.8885106382978724,0.9141856392294221,0.9011652999568407,1142
quantization,post_training_quantization_evaluation,svhn,int8_ptq,svhn__unit_interval__all_raw__seed-42,8,8,0.9172932330827067,0.8489065606361829,0.8817759421786268,1006
quantization,post_training_quantization_evaluation,svhn,int8_ptq,svhn__unit_interval__all_raw__seed-42,9,9,0.8916046758767269,0.894456289978678,0.8930282064928152,938
