uid,class_label,class_name,f1,precision,recall,support
controlled-augmentation2-mac-m4-aug05|batch|cifar10|batch-32,0,airplane,0.758082497,0.760626398,0.755555556,900
controlled-augmentation2-mac-m4-aug05|batch|cifar10|batch-32,1,automobile,0.81670282,0.797669492,0.836666667,900
controlled-augmentation2-mac-m4-aug05|batch|cifar10|batch-32,2,bird,0.632881556,0.673776662,0.596666667,900
controlled-augmentation2-mac-m4-aug05|batch|cifar10|batch-32,3,cat,0.53362256,0.521186441,0.546666667,900
controlled-augmentation2-mac-m4-aug05|batch|cifar10|batch-32,4,deer,0.691259932,0.70649652,0.676666667,900
controlled-augmentation2-mac-m4-aug05|batch|cifar10|batch-32,5,dog,0.60483871,0.627990431,0.583333333,900
controlled-augmentation2-mac-m4-aug05|batch|cifar10|batch-32,6,frog,0.781233527,0.743229689,0.823333333,900
controlled-augmentation2-mac-m4-aug05|batch|cifar10|batch-32,7,horse,0.773201538,0.764386536,0.782222222,900
controlled-augmentation2-mac-m4-aug05|batch|cifar10|batch-32,8,ship,0.843243243,0.821052632,0.866666667,900
controlled-augmentation2-mac-m4-aug05|batch|cifar10|batch-32,9,truck,0.8,0.821052632,0.78,900
controlled-augmentation2-mac-m4-aug05|batch|cifar100_coarse|batch-32,0,aquatic_mammals,0.383966245,0.365461847,0.404444444,450
controlled-augmentation2-mac-m4-aug05|batch|cifar100_coarse|batch-32,1,fish,0.410550459,0.424170616,0.397777778,450
controlled-augmentation2-mac-m4-aug05|batch|cifar100_coarse|batch-32,10,large_natural_outdoor_scenes,0.658169177,0.687651332,0.631111111,450
controlled-augmentation2-mac-m4-aug05|batch|cifar100_coarse|batch-32,11,large_omnivores_and_herbivores,0.430379747,0.446300716,0.415555556,450
controlled-augmentation2-mac-m4-aug05|batch|cifar100_coarse|batch-32,12,medium_mammals,0.336056009,0.353808354,0.32,450
controlled-augmentation2-mac-m4-aug05|batch|cifar100_coarse|batch-32,13,non-insect_invertebrates,0.296639629,0.309927361,0.284444444,450
controlled-augmentation2-mac-m4-aug05|batch|cifar100_coarse|batch-32,14,people,0.550550551,0.500910747,0.611111111,450
controlled-augmentation2-mac-m4-aug05|batch|cifar100_coarse|batch-32,15,reptiles,0.237222758,0.209540034,0.273333333,450
controlled-augmentation2-mac-m4-aug05|batch|cifar100_coarse|batch-32,16,small_mammals,0.260668973,0.270983213,0.251111111,450
controlled-augmentation2-mac-m4-aug05|batch|cifar100_coarse|batch-32,17,trees,0.747228381,0.745575221,0.748888889,450
controlled-augmentation2-mac-m4-aug05|batch|cifar100_coarse|batch-32,18,vehicles_1,0.490891659,0.431703204,0.568888889,450
controlled-augmentation2-mac-m4-aug05|batch|cifar100_coarse|batch-32,19,vehicles_2,0.428927681,0.488636364,0.382222222,450
controlled-augmentation2-mac-m4-aug05|batch|cifar100_coarse|batch-32,2,flowers,0.671259843,0.602473498,0.757777778,450
controlled-augmentation2-mac-m4-aug05|batch|cifar100_coarse|batch-32,3,food_containers,0.512941176,0.545,0.484444444,450
controlled-augmentation2-mac-m4-aug05|batch|cifar100_coarse|batch-32,4,fruit_and_vegetables,0.54784689,0.593264249,0.508888889,450
controlled-augmentation2-mac-m4-aug05|batch|cifar100_coarse|batch-32,5,household_electrical_devices,0.427046263,0.458015267,0.4,450
controlled-augmentation2-mac-m4-aug05|batch|cifar100_coarse|batch-32,6,household_furniture,0.528211285,0.574412533,0.488888889,450
controlled-augmentation2-mac-m4-aug05|batch|cifar100_coarse|batch-32,7,insects,0.501193317,0.541237113,0.466666667,450
controlled-augmentation2-mac-m4-aug05|batch|cifar100_coarse|batch-32,8,large_carnivores,0.42020202,0.385185185,0.462222222,450
controlled-augmentation2-mac-m4-aug05|batch|cifar100_coarse|batch-32,9,large_man-made_outdoor_things,0.568807339,0.587677725,0.551111111,450
controlled-augmentation2-mac-m4-aug05|batch|emnist_balanced|batch-32,0,0,0.68298109,0.64091858,0.730952381,420
controlled-augmentation2-mac-m4-aug05|batch|emnist_balanced|batch-32,1,1,0.637867647,0.519461078,0.826190476,420
controlled-augmentation2-mac-m4-aug05|batch|emnist_balanced|batch-32,10,10,0.96713615,0.953703704,0.980952381,420
controlled-augmentation2-mac-m4-aug05|batch|emnist_balanced|batch-32,11,11,0.952941176,0.941860465,0.964285714,420
controlled-augmentation2-mac-m4-aug05|batch|emnist_balanced|batch-32,12,12,0.960479042,0.96626506,0.954761905,420
controlled-augmentation2-mac-m4-aug05|batch|emnist_balanced|batch-32,13,13,0.920897285,0.913348946,0.928571429,420
controlled-augmentation2-mac-m4-aug05|batch|emnist_balanced|batch-32,14,14,0.969194313,0.964622642,0.973809524,420
controlled-augmentation2-mac-m4-aug05|batch|emnist_balanced|batch-32,15,15,0.669421488,0.794117647,0.578571429,420
controlled-augmentation2-mac-m4-aug05|batch|emnist_balanced|batch-32,16,16,0.927184466,0.945544554,0.90952381,420
controlled-augmentation2-mac-m4-aug05|batch|emnist_balanced|batch-32,17,17,0.972781065,0.967058824,0.978571429,420
controlled-augmentation2-mac-m4-aug05|batch|emnist_balanced|batch-32,18,18,0.672371638,0.690954774,0.654761905,420
controlled-augmentation2-mac-m4-aug05|batch|emnist_balanced|batch-32,19,19,0.892682927,0.915,0.871428571,420
controlled-augmentation2-mac-m4-aug05|batch|emnist_balanced|batch-32,2,2,0.883211679,0.902985075,0.864285714,420
controlled-augmentation2-mac-m4-aug05|batch|emnist_balanced|batch-32,20,20,0.969411765,0.958139535,0.980952381,420
controlled-augmentation2-mac-m4-aug05|batch|emnist_balanced|batch-32,21,21,0.440842788,0.69035533,0.323809524,420
controlled-augmentation2-mac-m4-aug05|batch|emnist_balanced|batch-32,22,22,0.98108747,0.974178404,0.988095238,420
controlled-augmentation2-mac-m4-aug05|batch|emnist_balanced|batch-32,23,23,0.926940639,0.890350877,0.966666667,420
controlled-augmentation2-mac-m4-aug05|batch|emnist_balanced|batch-32,24,24,0.646387833,0.691056911,0.607142857,420
controlled-augmentation2-mac-m4-aug05|batch|emnist_balanced|batch-32,25,25,0.904925544,0.87196468,0.94047619,420
controlled-augmentation2-mac-m4-aug05|batch|emnist_balanced|batch-32,26,26,0.930394432,0.907239819,0.954761905,420
controlled-augmentation2-mac-m4-aug05|batch|emnist_balanced|batch-32,27,27,0.972909305,0.962703963,0.983333333,420
controlled-augmentation2-mac-m4-aug05|batch|emnist_balanced|batch-32,28,28,0.862837046,0.849884527,0.876190476,420
controlled-augmentation2-mac-m4-aug05|batch|emnist_balanced|batch-32,29,29,0.94947121,0.937354988,0.961904762,420
controlled-augmentation2-mac-m4-aug05|batch|emnist_balanced|batch-32,3,3,0.958937198,0.973039216,0.945238095,420
controlled-augmentation2-mac-m4-aug05|batch|emnist_balanced|batch-32,30,30,0.922341697,0.925659472,0.919047619,420
controlled-augmentation2-mac-m4-aug05|batch|emnist_balanced|batch-32,31,31,0.938823529,0.927906977,0.95,420
controlled-augmentation2-mac-m4-aug05|batch|emnist_balanced|batch-32,32,32,0.989195678,0.997578692,0.980952381,420
controlled-augmentation2-mac-m4-aug05|batch|emnist_balanced|batch-32,33,33,0.979493366,0.992665037,0.966666667,420
controlled-augmentation2-mac-m4-aug05|batch|emnist_balanced|batch-32,34,34,0.918918919,0.949238579,0.89047619,420
controlled-augmentation2-mac-m4-aug05|batch|emnist_balanced|batch-32,35,35,0.892733564,0.865771812,0.921428571,420
controlled-augmentation2-mac-m4-aug05|batch|emnist_balanced|batch-32,36,36,0.903073286,0.896713615,0.90952381,420
controlled-augmentation2-mac-m4-aug05|batch|emnist_balanced|batch-32,37,37,0.859171598,0.854117647,0.864285714,420
controlled-augmentation2-mac-m4-aug05|batch|emnist_balanced|batch-32,38,38,0.87960688,0.908629442,0.852380952,420
controlled-augmentation2-mac-m4-aug05|batch|emnist_balanced|batch-32,39,39,0.963400236,0.955503513,0.971428571,420
controlled-augmentation2-mac-m4-aug05|batch|emnist_balanced|batch-32,4,4,0.927738928,0.908675799,0.947619048,420
controlled-augmentation2-mac-m4-aug05|batch|emnist_balanced|batch-32,40,40,0.705251876,0.641325536,0.783333333,420
controlled-augmentation2-mac-m4-aug05|batch|emnist_balanced|batch-32,41,41,0.727272727,0.814159292,0.657142857,420
controlled-augmentation2-mac-m4-aug05|batch|emnist_balanced|batch-32,42,42,0.947368421,0.951923077,0.942857143,420
controlled-augmentation2-mac-m4-aug05|batch|emnist_balanced|batch-32,43,43,0.930455635,0.937198068,0.923809524,420
controlled-augmentation2-mac-m4-aug05|batch|emnist_balanced|batch-32,44,44,0.652348993,0.747692308,0.578571429,420
controlled-augmentation2-mac-m4-aug05|batch|emnist_balanced|batch-32,45,45,0.940606061,0.958024691,0.923809524,420
controlled-augmentation2-mac-m4-aug05|batch|emnist_balanced|batch-32,46,46,0.910648715,0.937027708,0.885714286,420
controlled-augmentation2-mac-m4-aug05|batch|emnist_balanced|batch-32,5,5,0.909307876,0.911483254,0.907142857,420
controlled-augmentation2-mac-m4-aug05|batch|emnist_balanced|batch-32,6,6,0.91954023,0.888888889,0.952380952,420
controlled-augmentation2-mac-m4-aug05|batch|emnist_balanced|batch-32,7,7,0.965517241,0.964370546,0.966666667,420
controlled-augmentation2-mac-m4-aug05|batch|emnist_balanced|batch-32,8,8,0.93626883,0.911963883,0.961904762,420
controlled-augmentation2-mac-m4-aug05|batch|emnist_balanced|batch-32,9,9,0.758469945,0.701010101,0.826190476,420
controlled-augmentation2-mac-m4-aug05|batch|fashion_mnist|batch-32,0,0,0.871369295,0.844504021,0.9,1050
controlled-augmentation2-mac-m4-aug05|batch|fashion_mnist|batch-32,1,1,0.990930788,0.993301435,0.988571429,1050
controlled-augmentation2-mac-m4-aug05|batch|fashion_mnist|batch-32,2,2,0.876470588,0.903030303,0.851428571,1050
controlled-augmentation2-mac-m4-aug05|batch|fashion_mnist|batch-32,3,3,0.92037037,0.895495495,0.946666667,1050
controlled-augmentation2-mac-m4-aug05|batch|fashion_mnist|batch-32,4,4,0.870905588,0.881091618,0.860952381,1050
controlled-augmentation2-mac-m4-aug05|batch|fashion_mnist|batch-32,5,5,0.983341266,0.982873454,0.983809524,1050
controlled-augmentation2-mac-m4-aug05|batch|fashion_mnist|batch-32,6,6,0.774131274,0.784735812,0.763809524,1050
controlled-augmentation2-mac-m4-aug05|batch|fashion_mnist|batch-32,7,7,0.967197751,0.95202952,0.982857143,1050
controlled-augmentation2-mac-m4-aug05|batch|fashion_mnist|batch-32,8,8,0.981713186,0.992217899,0.971428571,1050
controlled-augmentation2-mac-m4-aug05|batch|fashion_mnist|batch-32,9,9,0.967710843,0.979512195,0.956190476,1050
controlled-augmentation2-mac-m4-aug05|batch|fer2013|batch-32,0,angry,0.394194041,0.455830389,0.347240915,743
controlled-augmentation2-mac-m4-aug05|batch|fer2013|batch-32,1,disgust,0.488549618,0.653061224,0.390243902,82
controlled-augmentation2-mac-m4-aug05|batch|fer2013|batch-32,2,fear,0.300739523,0.407572383,0.23828125,768
controlled-augmentation2-mac-m4-aug05|batch|fer2013|batch-32,3,happy,0.730674197,0.696969697,0.767804154,1348
controlled-augmentation2-mac-m4-aug05|batch|fer2013|batch-32,4,sad,0.404388715,0.385842473,0.424807903,911
controlled-augmentation2-mac-m4-aug05|batch|fer2013|batch-32,5,surprise,0.658932715,0.614718615,0.71,600
controlled-augmentation2-mac-m4-aug05|batch|fer2013|batch-32,6,neutral,0.485728108,0.441512753,0.539784946,930
controlled-augmentation2-mac-m4-aug05|batch|gtsrb|batch-32,0,0,0.983606557,1,0.967741935,31
controlled-augmentation2-mac-m4-aug05|batch|gtsrb|batch-32,1,1,0.995515695,0.991071429,1,333
controlled-augmentation2-mac-m4-aug05|batch|gtsrb|batch-32,10,10,0.998341625,0.996688742,1,301
controlled-augmentation2-mac-m4-aug05|batch|gtsrb|batch-32,11,11,0.994949495,0.994949495,0.994949495,198
controlled-augmentation2-mac-m4-aug05|batch|gtsrb|batch-32,12,12,1,1,1,315
controlled-augmentation2-mac-m4-aug05|batch|gtsrb|batch-32,13,13,0.998454405,1,0.99691358,324
controlled-augmentation2-mac-m4-aug05|batch|gtsrb|batch-32,14,14,1,1,1,121
controlled-augmentation2-mac-m4-aug05|batch|gtsrb|batch-32,15,15,0.989361702,0.989361702,0.989361702,94
controlled-augmentation2-mac-m4-aug05|batch|gtsrb|batch-32,16,16,1,1,1,67
controlled-augmentation2-mac-m4-aug05|batch|gtsrb|batch-32,17,17,1,1,1,166
controlled-augmentation2-mac-m4-aug05|batch|gtsrb|batch-32,18,18,0.991643454,0.994413408,0.988888889,180
controlled-augmentation2-mac-m4-aug05|batch|gtsrb|batch-32,19,19,0.96875,0.939393939,1,31
controlled-augmentation2-mac-m4-aug05|batch|gtsrb|batch-32,2,2,0.995542348,0.99702381,0.994065282,337
controlled-augmentation2-mac-m4-aug05|batch|gtsrb|batch-32,20,20,0.979166667,1,0.959183673,49
controlled-augmentation2-mac-m4-aug05|batch|gtsrb|batch-32,21,21,0.98989899,0.98,1,49
controlled-augmentation2-mac-m4-aug05|batch|gtsrb|batch-32,22,22,0.982758621,0.982758621,0.982758621,58
controlled-augmentation2-mac-m4-aug05|batch|gtsrb|batch-32,23,23,1,1,1,76
controlled-augmentation2-mac-m4-aug05|batch|gtsrb|batch-32,24,24,1,1,1,40
controlled-augmentation2-mac-m4-aug05|batch|gtsrb|batch-32,25,25,1,1,1,225
controlled-augmentation2-mac-m4-aug05|batch|gtsrb|batch-32,26,26,0.994475138,0.989010989,1,90
controlled-augmentation2-mac-m4-aug05|batch|gtsrb|batch-32,27,27,1,1,1,36
controlled-augmentation2-mac-m4-aug05|batch|gtsrb|batch-32,28,28,1,1,1,76
controlled-augmentation2-mac-m4-aug05|batch|gtsrb|batch-32,29,29,0.987654321,0.975609756,1,40
controlled-augmentation2-mac-m4-aug05|batch|gtsrb|batch-32,3,3,0.992907801,0.990566038,0.995260664,211
controlled-augmentation2-mac-m4-aug05|batch|gtsrb|batch-32,30,30,0.992481203,1,0.985074627,67
controlled-augmentation2-mac-m4-aug05|batch|gtsrb|batch-32,31,31,0.995850622,1,0.991735537,121
controlled-augmentation2-mac-m4-aug05|batch|gtsrb|batch-32,32,32,1,1,1,36
controlled-augmentation2-mac-m4-aug05|batch|gtsrb|batch-32,33,33,0.985365854,0.990196078,0.980582524,103
controlled-augmentation2-mac-m4-aug05|batch|gtsrb|batch-32,34,34,0.976377953,0.96875,0.984126984,63
controlled-augmentation2-mac-m4-aug05|batch|gtsrb|batch-32,35,35,1,1,1,180
controlled-augmentation2-mac-m4-aug05|batch|gtsrb|batch-32,36,36,1,1,1,58
controlled-augmentation2-mac-m4-aug05|batch|gtsrb|batch-32,37,37,1,1,1,31
controlled-augmentation2-mac-m4-aug05|batch|gtsrb|batch-32,38,38,0.993569132,0.990384615,0.996774194,310
controlled-augmentation2-mac-m4-aug05|batch|gtsrb|batch-32,39,39,0.954545455,0.976744186,0.933333333,45
controlled-augmentation2-mac-m4-aug05|batch|gtsrb|batch-32,4,4,0.996644295,0.993311037,1,297
controlled-augmentation2-mac-m4-aug05|batch|gtsrb|batch-32,40,40,1,1,1,49
controlled-augmentation2-mac-m4-aug05|batch|gtsrb|batch-32,41,41,1,1,1,36
controlled-augmentation2-mac-m4-aug05|batch|gtsrb|batch-32,42,42,1,1,1,40
controlled-augmentation2-mac-m4-aug05|batch|gtsrb|batch-32,5,5,0.989399293,0.989399293,0.989399293,283
controlled-augmentation2-mac-m4-aug05|batch|gtsrb|batch-32,6,6,1,1,1,67
controlled-augmentation2-mac-m4-aug05|batch|gtsrb|batch-32,7,7,0.992874109,0.995238095,0.990521327,211
controlled-augmentation2-mac-m4-aug05|batch|gtsrb|batch-32,8,8,0.992840095,1,0.985781991,211
controlled-augmentation2-mac-m4-aug05|batch|gtsrb|batch-32,9,9,1,1,1,220
controlled-augmentation2-mac-m4-aug05|batch|kmnist|batch-32,0,0,0.987619048,0.987619048,0.987619048,1050
controlled-augmentation2-mac-m4-aug05|batch|kmnist|batch-32,1,1,0.977186312,0.975332068,0.979047619,1050
controlled-augmentation2-mac-m4-aug05|batch|kmnist|batch-32,2,2,0.982873454,0.981939163,0.983809524,1050
controlled-augmentation2-mac-m4-aug05|batch|kmnist|batch-32,3,3,0.992874109,0.990521327,0.995238095,1050
controlled-augmentation2-mac-m4-aug05|batch|kmnist|batch-32,4,4,0.987087518,0.991354467,0.982857143,1050
controlled-augmentation2-mac-m4-aug05|batch|kmnist|batch-32,5,5,0.983451537,0.976525822,0.99047619,1050
controlled-augmentation2-mac-m4-aug05|batch|kmnist|batch-32,6,6,0.983293556,0.985645933,0.980952381,1050
controlled-augmentation2-mac-m4-aug05|batch|kmnist|batch-32,7,7,0.98902148,0.99138756,0.986666667,1050
controlled-augmentation2-mac-m4-aug05|batch|kmnist|batch-32,8,8,0.989493792,0.992337165,0.986666667,1050
controlled-augmentation2-mac-m4-aug05|batch|kmnist|batch-32,9,9,0.989995236,0.990467112,0.98952381,1050
controlled-augmentation2-mac-m4-aug05|batch|mnist|batch-32,0,0,0.996131528,0.997095837,0.995169082,1035
controlled-augmentation2-mac-m4-aug05|batch|mnist|batch-32,1,1,0.99407282,0.99407282,0.99407282,1181
controlled-augmentation2-mac-m4-aug05|batch|mnist|batch-32,2,2,0.977501197,0.980787704,0.974236641,1048
controlled-augmentation2-mac-m4-aug05|batch|mnist|batch-32,3,3,0.993451824,0.995313964,0.991596639,1071
controlled-augmentation2-mac-m4-aug05|batch|mnist|batch-32,4,4,0.991678904,0.993137255,0.990224829,1023
controlled-augmentation2-mac-m4-aug05|batch|mnist|batch-32,5,5,0.977308707,0.976793249,0.97782471,947
controlled-augmentation2-mac-m4-aug05|batch|mnist|batch-32,6,6,0.990790111,0.990310078,0.991270611,1031
controlled-augmentation2-mac-m4-aug05|batch|mnist|batch-32,7,7,0.987766198,0.97933513,0.996343693,1094
controlled-augmentation2-mac-m4-aug05|batch|mnist|batch-32,8,8,0.989700834,0.99408867,0.985351562,1024
controlled-augmentation2-mac-m4-aug05|batch|mnist|batch-32,9,9,0.98374761,0.981870229,0.985632184,1044
controlled-augmentation2-mac-m4-aug05|batch|svhn|batch-32,0,0,0.939121756,0.941,0.937250996,1004
controlled-augmentation2-mac-m4-aug05|batch|svhn|batch-32,1,1,0.94085282,0.920592194,0.962025316,2844
controlled-augmentation2-mac-m4-aug05|batch|svhn|batch-32,2,2,0.945,0.949315068,0.940723982,2210
controlled-augmentation2-mac-m4-aug05|batch|svhn|batch-32,3,3,0.906122449,0.901915264,0.910369069,1707
controlled-augmentation2-mac-m4-aug05|batch|svhn|batch-32,4,4,0.942288221,0.952251023,0.93253173,1497
controlled-augmentation2-mac-m4-aug05|batch|svhn|batch-32,5,5,0.910528207,0.909547739,0.911510791,1390
controlled-augmentation2-mac-m4-aug05|batch|svhn|batch-32,6,6,0.899258613,0.905975395,0.892640693,1155
controlled-augmentation2-mac-m4-aug05|batch|svhn|batch-32,7,7,0.922463447,0.933632287,0.911558669,1142
controlled-augmentation2-mac-m4-aug05|batch|svhn|batch-32,8,8,0.906870229,0.929092805,0.885685885,1006
controlled-augmentation2-mac-m4-aug05|batch|svhn|batch-32,9,9,0.910933333,0.911419424,0.910447761,938
controlled-augmentation2-mac-m4-aug05|batch|cifar10|batch-64,0,airplane,0.751488901,0.732840549,0.771111111,900
controlled-augmentation2-mac-m4-aug05|batch|cifar10|batch-64,1,automobile,0.807253886,0.75631068,0.865555556,900
controlled-augmentation2-mac-m4-aug05|batch|cifar10|batch-64,2,bird,0.620127981,0.650793651,0.592222222,900
controlled-augmentation2-mac-m4-aug05|batch|cifar10|batch-64,3,cat,0.505205479,0.498378378,0.512222222,900
controlled-augmentation2-mac-m4-aug05|batch|cifar10|batch-64,4,deer,0.679662803,0.646292585,0.716666667,900
controlled-augmentation2-mac-m4-aug05|batch|cifar10|batch-64,5,dog,0.620728291,0.625988701,0.615555556,900
controlled-augmentation2-mac-m4-aug05|batch|cifar10|batch-64,6,frog,0.76119403,0.731557377,0.793333333,900
controlled-augmentation2-mac-m4-aug05|batch|cifar10|batch-64,7,horse,0.761237595,0.80196802,0.724444444,900
controlled-augmentation2-mac-m4-aug05|batch|cifar10|batch-64,8,ship,0.825667235,0.844367015,0.807777778,900
controlled-augmentation2-mac-m4-aug05|batch|cifar10|batch-64,9,truck,0.763061968,0.841823056,0.697777778,900
controlled-augmentation2-mac-m4-aug05|batch|cifar100_coarse|batch-64,0,aquatic_mammals,0.395709178,0.426735219,0.368888889,450
controlled-augmentation2-mac-m4-aug05|batch|cifar100_coarse|batch-64,1,fish,0.445246691,0.485564304,0.411111111,450
controlled-augmentation2-mac-m4-aug05|batch|cifar100_coarse|batch-64,10,large_natural_outdoor_scenes,0.672322375,0.643002028,0.704444444,450
controlled-augmentation2-mac-m4-aug05|batch|cifar100_coarse|batch-64,11,large_omnivores_and_herbivores,0.398537477,0.338509317,0.484444444,450
controlled-augmentation2-mac-m4-aug05|batch|cifar100_coarse|batch-64,12,medium_mammals,0.3475,0.397142857,0.308888889,450
controlled-augmentation2-mac-m4-aug05|batch|cifar100_coarse|batch-64,13,non-insect_invertebrates,0.317273796,0.336658354,0.3,450
controlled-augmentation2-mac-m4-aug05|batch|cifar100_coarse|batch-64,14,people,0.552774755,0.541577825,0.564444444,450
controlled-augmentation2-mac-m4-aug05|batch|cifar100_coarse|batch-64,15,reptiles,0.258581236,0.266509434,0.251111111,450
controlled-augmentation2-mac-m4-aug05|batch|cifar100_coarse|batch-64,16,small_mammals,0.265607264,0.271461717,0.26,450
controlled-augmentation2-mac-m4-aug05|batch|cifar100_coarse|batch-64,17,trees,0.762229807,0.780885781,0.744444444,450
controlled-augmentation2-mac-m4-aug05|batch|cifar100_coarse|batch-64,18,vehicles_1,0.469662921,0.475,0.464444444,450
controlled-augmentation2-mac-m4-aug05|batch|cifar100_coarse|batch-64,19,vehicles_2,0.478165939,0.469957082,0.486666667,450
controlled-augmentation2-mac-m4-aug05|batch|cifar100_coarse|batch-64,2,flowers,0.674369748,0.639442231,0.713333333,450
controlled-augmentation2-mac-m4-aug05|batch|cifar100_coarse|batch-64,3,food_containers,0.508547009,0.489711934,0.528888889,450
controlled-augmentation2-mac-m4-aug05|batch|cifar100_coarse|batch-64,4,fruit_and_vegetables,0.497212932,0.498881432,0.495555556,450
controlled-augmentation2-mac-m4-aug05|batch|cifar100_coarse|batch-64,5,household_electrical_devices,0.392344498,0.424870466,0.364444444,450
controlled-augmentation2-mac-m4-aug05|batch|cifar100_coarse|batch-64,6,household_furniture,0.499009901,0.45,0.56,450
controlled-augmentation2-mac-m4-aug05|batch|cifar100_coarse|batch-64,7,insects,0.503253796,0.491525424,0.515555556,450
controlled-augmentation2-mac-m4-aug05|batch|cifar100_coarse|batch-64,8,large_carnivores,0.352534562,0.366028708,0.34,450
controlled-augmentation2-mac-m4-aug05|batch|cifar100_coarse|batch-64,9,large_man-made_outdoor_things,0.593967517,0.621359223,0.568888889,450
controlled-augmentation2-mac-m4-aug05|batch|emnist_balanced|batch-64,0,0,0.68486917,0.65577342,0.716666667,420
controlled-augmentation2-mac-m4-aug05|batch|emnist_balanced|batch-64,1,1,0.611174458,0.58643326,0.638095238,420
controlled-augmentation2-mac-m4-aug05|batch|emnist_balanced|batch-64,10,10,0.960573477,0.964028777,0.957142857,420
controlled-augmentation2-mac-m4-aug05|batch|emnist_balanced|batch-64,11,11,0.95215311,0.956730769,0.947619048,420
controlled-augmentation2-mac-m4-aug05|batch|emnist_balanced|batch-64,12,12,0.954976303,0.950471698,0.95952381,420
controlled-augmentation2-mac-m4-aug05|batch|emnist_balanced|batch-64,13,13,0.92343934,0.913752914,0.933333333,420
controlled-augmentation2-mac-m4-aug05|batch|emnist_balanced|batch-64,14,14,0.95990566,0.950934579,0.969047619,420
controlled-augmentation2-mac-m4-aug05|batch|emnist_balanced|batch-64,15,15,0.650205761,0.766990291,0.564285714,420
controlled-augmentation2-mac-m4-aug05|batch|emnist_balanced|batch-64,16,16,0.927810651,0.922352941,0.933333333,420
controlled-augmentation2-mac-m4-aug05|batch|emnist_balanced|batch-64,17,17,0.973809524,0.973809524,0.973809524,420
controlled-augmentation2-mac-m4-aug05|batch|emnist_balanced|batch-64,18,18,0.680800942,0.673659674,0.688095238,420
controlled-augmentation2-mac-m4-aug05|batch|emnist_balanced|batch-64,19,19,0.900117509,0.88863109,0.911904762,420
controlled-augmentation2-mac-m4-aug05|batch|emnist_balanced|batch-64,2,2,0.902829028,0.933842239,0.873809524,420
controlled-augmentation2-mac-m4-aug05|batch|emnist_balanced|batch-64,20,20,0.976247031,0.973933649,0.978571429,420
controlled-augmentation2-mac-m4-aug05|batch|emnist_balanced|batch-64,21,21,0.543337646,0.59490085,0.5,420
controlled-augmentation2-mac-m4-aug05|batch|emnist_balanced|batch-64,22,22,0.983293556,0.985645933,0.980952381,420
controlled-augmentation2-mac-m4-aug05|batch|emnist_balanced|batch-64,23,23,0.929384966,0.890829694,0.971428571,420
controlled-augmentation2-mac-m4-aug05|batch|emnist_balanced|batch-64,24,24,0.67,0.705263158,0.638095238,420
controlled-augmentation2-mac-m4-aug05|batch|emnist_balanced|batch-64,25,25,0.929411765,0.918604651,0.94047619,420
controlled-augmentation2-mac-m4-aug05|batch|emnist_balanced|batch-64,26,26,0.935672515,0.91954023,0.952380952,420
controlled-augmentation2-mac-m4-aug05|batch|emnist_balanced|batch-64,27,27,0.974056604,0.964953271,0.983333333,420
controlled-augmentation2-mac-m4-aug05|batch|emnist_balanced|batch-64,28,28,0.869871043,0.856812933,0.883333333,420
controlled-augmentation2-mac-m4-aug05|batch|emnist_balanced|batch-64,29,29,0.953488372,0.931818182,0.976190476,420
controlled-augmentation2-mac-m4-aug05|batch|emnist_balanced|batch-64,3,3,0.956834532,0.963768116,0.95,420
controlled-augmentation2-mac-m4-aug05|batch|emnist_balanced|batch-64,30,30,0.928487691,0.914549654,0.942857143,420
controlled-augmentation2-mac-m4-aug05|batch|emnist_balanced|batch-64,31,31,0.940892642,0.953545232,0.928571429,420
controlled-augmentation2-mac-m4-aug05|batch|emnist_balanced|batch-64,32,32,0.994026284,0.997601918,0.99047619,420
controlled-augmentation2-mac-m4-aug05|batch|emnist_balanced|batch-64,33,33,0.978622328,0.976303318,0.980952381,420
controlled-augmentation2-mac-m4-aug05|batch|emnist_balanced|batch-64,34,34,0.919486581,0.901601831,0.938095238,420
controlled-augmentation2-mac-m4-aug05|batch|emnist_balanced|batch-64,35,35,0.891734575,0.872437358,0.911904762,420
controlled-augmentation2-mac-m4-aug05|batch|emnist_balanced|batch-64,36,36,0.902325581,0.881818182,0.923809524,420
controlled-augmentation2-mac-m4-aug05|batch|emnist_balanced|batch-64,37,37,0.870779977,0.851936219,0.89047619,420
controlled-augmentation2-mac-m4-aug05|batch|emnist_balanced|batch-64,38,38,0.875462392,0.907928389,0.845238095,420
controlled-augmentation2-mac-m4-aug05|batch|emnist_balanced|batch-64,39,39,0.963400236,0.955503513,0.971428571,420
controlled-augmentation2-mac-m4-aug05|batch|emnist_balanced|batch-64,4,4,0.939613527,0.953431373,0.926190476,420
controlled-augmentation2-mac-m4-aug05|batch|emnist_balanced|batch-64,40,40,0.696216216,0.637623762,0.766666667,420
controlled-augmentation2-mac-m4-aug05|batch|emnist_balanced|batch-64,41,41,0.698191933,0.839464883,0.597619048,420
controlled-augmentation2-mac-m4-aug05|batch|emnist_balanced|batch-64,42,42,0.945238095,0.945238095,0.945238095,420
controlled-augmentation2-mac-m4-aug05|batch|emnist_balanced|batch-64,43,43,0.922894425,0.919621749,0.926190476,420
controlled-augmentation2-mac-m4-aug05|batch|emnist_balanced|batch-64,44,44,0.641975309,0.757281553,0.557142857,420
controlled-augmentation2-mac-m4-aug05|batch|emnist_balanced|batch-64,45,45,0.935286935,0.959899749,0.911904762,420
controlled-augmentation2-mac-m4-aug05|batch|emnist_balanced|batch-64,46,46,0.92251816,0.938423645,0.907142857,420
controlled-augmentation2-mac-m4-aug05|batch|emnist_balanced|batch-64,5,5,0.907340554,0.917274939,0.897619048,420
controlled-augmentation2-mac-m4-aug05|batch|emnist_balanced|batch-64,6,6,0.923990499,0.921800948,0.926190476,420
controlled-augmentation2-mac-m4-aug05|batch|emnist_balanced|batch-64,7,7,0.955794504,0.959232614,0.952380952,420
controlled-augmentation2-mac-m4-aug05|batch|emnist_balanced|batch-64,8,8,0.948477752,0.933179724,0.964285714,420
controlled-augmentation2-mac-m4-aug05|batch|emnist_balanced|batch-64,9,9,0.758208955,0.651282051,0.907142857,420
controlled-augmentation2-mac-m4-aug05|batch|fashion_mnist|batch-64,0,0,0.865068171,0.854224698,0.876190476,1050
controlled-augmentation2-mac-m4-aug05|batch|fashion_mnist|batch-64,1,1,0.989543726,0.987666034,0.991428571,1050
controlled-augmentation2-mac-m4-aug05|batch|fashion_mnist|batch-64,2,2,0.867013725,0.861712135,0.872380952,1050
controlled-augmentation2-mac-m4-aug05|batch|fashion_mnist|batch-64,3,3,0.923002421,0.938916256,0.907619048,1050
controlled-augmentation2-mac-m4-aug05|batch|fashion_mnist|batch-64,4,4,0.868446139,0.869274809,0.867619048,1050
controlled-augmentation2-mac-m4-aug05|batch|fashion_mnist|batch-64,5,5,0.980596309,0.974600188,0.986666667,1050
controlled-augmentation2-mac-m4-aug05|batch|fashion_mnist|batch-64,6,6,0.776190476,0.776190476,0.776190476,1050
controlled-augmentation2-mac-m4-aug05|batch|fashion_mnist|batch-64,7,7,0.964828897,0.962998102,0.966666667,1050
controlled-augmentation2-mac-m4-aug05|batch|fashion_mnist|batch-64,8,8,0.980354576,0.986499518,0.974285714,1050
controlled-augmentation2-mac-m4-aug05|batch|fashion_mnist|batch-64,9,9,0.96984203,0.974975938,0.964761905,1050
controlled-augmentation2-mac-m4-aug05|batch|fer2013|batch-64,0,angry,0.376044568,0.38961039,0.363391655,743
controlled-augmentation2-mac-m4-aug05|batch|fer2013|batch-64,1,disgust,0.362068966,0.617647059,0.256097561,82
controlled-augmentation2-mac-m4-aug05|batch|fer2013|batch-64,2,fear,0.349183818,0.383775351,0.3203125,768
controlled-augmentation2-mac-m4-aug05|batch|fer2013|batch-64,3,happy,0.718453189,0.661875,0.785608309,1348
controlled-augmentation2-mac-m4-aug05|batch|fer2013|batch-64,4,sad,0.36018412,0.378476421,0.343578485,911
controlled-augmentation2-mac-m4-aug05|batch|fer2013|batch-64,5,surprise,0.665508254,0.695099819,0.638333333,600
controlled-augmentation2-mac-m4-aug05|batch|fer2013|batch-64,6,neutral,0.468972533,0.444980695,0.495698925,930
controlled-augmentation2-mac-m4-aug05|batch|gtsrb|batch-64,0,0,1,1,1,31
controlled-augmentation2-mac-m4-aug05|batch|gtsrb|batch-64,1,1,0.996987952,1,0.993993994,333
controlled-augmentation2-mac-m4-aug05|batch|gtsrb|batch-64,10,10,1,1,1,301
controlled-augmentation2-mac-m4-aug05|batch|gtsrb|batch-64,11,11,0.997468354,1,0.994949495,198
controlled-augmentation2-mac-m4-aug05|batch|gtsrb|batch-64,12,12,1,1,1,315
controlled-augmentation2-mac-m4-aug05|batch|gtsrb|batch-64,13,13,1,1,1,324
controlled-augmentation2-mac-m4-aug05|batch|gtsrb|batch-64,14,14,1,1,1,121
controlled-augmentation2-mac-m4-aug05|batch|gtsrb|batch-64,15,15,0.994708995,0.989473684,1,94
controlled-augmentation2-mac-m4-aug05|batch|gtsrb|batch-64,16,16,1,1,1,67
controlled-augmentation2-mac-m4-aug05|batch|gtsrb|batch-64,17,17,1,1,1,166
controlled-augmentation2-mac-m4-aug05|batch|gtsrb|batch-64,18,18,0.991689751,0.988950276,0.994444444,180
controlled-augmentation2-mac-m4-aug05|batch|gtsrb|batch-64,19,19,1,1,1,31
controlled-augmentation2-mac-m4-aug05|batch|gtsrb|batch-64,2,2,0.99112426,0.98820059,0.994065282,337
controlled-augmentation2-mac-m4-aug05|batch|gtsrb|batch-64,20,20,0.979166667,1,0.959183673,49
controlled-augmentation2-mac-m4-aug05|batch|gtsrb|batch-64,21,21,1,1,1,49
controlled-augmentation2-mac-m4-aug05|batch|gtsrb|batch-64,22,22,1,1,1,58
controlled-augmentation2-mac-m4-aug05|batch|gtsrb|batch-64,23,23,1,1,1,76
controlled-augmentation2-mac-m4-aug05|batch|gtsrb|batch-64,24,24,1,1,1,40
controlled-augmentation2-mac-m4-aug05|batch|gtsrb|batch-64,25,25,0.997782705,0.995575221,1,225
controlled-augmentation2-mac-m4-aug05|batch|gtsrb|batch-64,26,26,0.983240223,0.988764045,0.977777778,90
controlled-augmentation2-mac-m4-aug05|batch|gtsrb|batch-64,27,27,1,1,1,36
controlled-augmentation2-mac-m4-aug05|batch|gtsrb|batch-64,28,28,0.993377483,1,0.986842105,76
controlled-augmentation2-mac-m4-aug05|batch|gtsrb|batch-64,29,29,1,1,1,40
controlled-augmentation2-mac-m4-aug05|batch|gtsrb|batch-64,3,3,0.992840095,1,0.985781991,211
controlled-augmentation2-mac-m4-aug05|batch|gtsrb|batch-64,30,30,0.985294118,0.971014493,1,67
controlled-augmentation2-mac-m4-aug05|batch|gtsrb|batch-64,31,31,0.995884774,0.991803279,1,121
controlled-augmentation2-mac-m4-aug05|batch|gtsrb|batch-64,32,32,1,1,1,36
controlled-augmentation2-mac-m4-aug05|batch|gtsrb|batch-64,33,33,0.956521739,0.951923077,0.961165049,103
controlled-augmentation2-mac-m4-aug05|batch|gtsrb|batch-64,34,34,0.928,0.935483871,0.920634921,63
controlled-augmentation2-mac-m4-aug05|batch|gtsrb|batch-64,35,35,0.997214485,1,0.994444444,180
controlled-augmentation2-mac-m4-aug05|batch|gtsrb|batch-64,36,36,0.974358974,0.966101695,0.982758621,58
controlled-augmentation2-mac-m4-aug05|batch|gtsrb|batch-64,37,37,0.967741935,0.967741935,0.967741935,31
controlled-augmentation2-mac-m4-aug05|batch|gtsrb|batch-64,38,38,0.993569132,0.990384615,0.996774194,310
controlled-augmentation2-mac-m4-aug05|batch|gtsrb|batch-64,39,39,0.954545455,0.976744186,0.933333333,45
controlled-augmentation2-mac-m4-aug05|batch|gtsrb|batch-64,4,4,1,1,1,297
controlled-augmentation2-mac-m4-aug05|batch|gtsrb|batch-64,40,40,1,1,1,49
controlled-augmentation2-mac-m4-aug05|batch|gtsrb|batch-64,41,41,1,1,1,36
controlled-augmentation2-mac-m4-aug05|batch|gtsrb|batch-64,42,42,1,1,1,40
controlled-augmentation2-mac-m4-aug05|batch|gtsrb|batch-64,5,5,0.994708995,0.992957746,0.996466431,283
controlled-augmentation2-mac-m4-aug05|batch|gtsrb|batch-64,6,6,1,1,1,67
controlled-augmentation2-mac-m4-aug05|batch|gtsrb|batch-64,7,7,0.997635934,0.995283019,1,211
controlled-augmentation2-mac-m4-aug05|batch|gtsrb|batch-64,8,8,1,1,1,211
controlled-augmentation2-mac-m4-aug05|batch|gtsrb|batch-64,9,9,1,1,1,220
controlled-augmentation2-mac-m4-aug05|batch|kmnist|batch-64,0,0,0.988989947,0.994225217,0.983809524,1050
controlled-augmentation2-mac-m4-aug05|batch|kmnist|batch-64,1,1,0.982824427,0.984703633,0.980952381,1050
controlled-augmentation2-mac-m4-aug05|batch|kmnist|batch-64,2,2,0.979764706,0.968372093,0.991428571,1050
controlled-augmentation2-mac-m4-aug05|batch|kmnist|batch-64,3,3,0.988603989,0.985795455,0.991428571,1050
controlled-augmentation2-mac-m4-aug05|batch|kmnist|batch-64,4,4,0.982889734,0.981024668,0.984761905,1050
controlled-augmentation2-mac-m4-aug05|batch|kmnist|batch-64,5,5,0.989493792,0.992337165,0.986666667,1050
controlled-augmentation2-mac-m4-aug05|batch|kmnist|batch-64,6,6,0.980916031,0.982791587,0.979047619,1050
controlled-augmentation2-mac-m4-aug05|batch|kmnist|batch-64,7,7,0.990948071,0.9914204,0.99047619,1050
controlled-augmentation2-mac-m4-aug05|batch|kmnist|batch-64,8,8,0.985273159,0.982938389,0.987619048,1050
controlled-augmentation2-mac-m4-aug05|batch|kmnist|batch-64,9,9,0.9894535,0.996138996,0.982857143,1050
controlled-augmentation2-mac-m4-aug05|batch|mnist|batch-64,0,0,0.9947039,0.991362764,0.998067633,1035
controlled-augmentation2-mac-m4-aug05|batch|mnist|batch-64,1,1,0.994493859,0.994915254,0.99407282,1181
controlled-augmentation2-mac-m4-aug05|batch|mnist|batch-64,2,2,0.982824427,0.982824427,0.982824427,1048
controlled-augmentation2-mac-m4-aug05|batch|mnist|batch-64,3,3,0.994397759,0.994397759,0.994397759,1071
controlled-augmentation2-mac-m4-aug05|batch|mnist|batch-64,4,4,0.993630573,0.996070727,0.991202346,1023
controlled-augmentation2-mac-m4-aug05|batch|mnist|batch-64,5,5,0.98679345,0.987315011,0.986272439,947
controlled-augmentation2-mac-m4-aug05|batch|mnist|batch-64,6,6,0.991270611,0.991270611,0.991270611,1031
controlled-augmentation2-mac-m4-aug05|batch|mnist|batch-64,7,7,0.989071038,0.985480944,0.992687386,1094
controlled-augmentation2-mac-m4-aug05|batch|mnist|batch-64,8,8,0.992665037,0.994123408,0.991210938,1024
controlled-augmentation2-mac-m4-aug05|batch|mnist|batch-64,9,9,0.98799808,0.990375361,0.985632184,1044
controlled-augmentation2-mac-m4-aug05|batch|svhn|batch-64,0,0,0.937373737,0.950819672,0.924302789,1004
controlled-augmentation2-mac-m4-aug05|batch|svhn|batch-64,1,1,0.944655828,0.929543907,0.960267229,2844
controlled-augmentation2-mac-m4-aug05|batch|svhn|batch-64,2,2,0.948723741,0.947225981,0.950226244,2210
controlled-augmentation2-mac-m4-aug05|batch|svhn|batch-64,3,3,0.89679098,0.885273973,0.908611599,1707
controlled-augmentation2-mac-m4-aug05|batch|svhn|batch-64,4,4,0.939175932,0.919923126,0.959251837,1497
controlled-augmentation2-mac-m4-aug05|batch|svhn|batch-64,5,5,0.914514369,0.924944812,0.904316547,1390
controlled-augmentation2-mac-m4-aug05|batch|svhn|batch-64,6,6,0.908045977,0.927732611,0.889177489,1155
controlled-augmentation2-mac-m4-aug05|batch|svhn|batch-64,7,7,0.917852226,0.964320154,0.875656743,1142
controlled-augmentation2-mac-m4-aug05|batch|svhn|batch-64,8,8,0.894117647,0.882011605,0.906560636,1006
controlled-augmentation2-mac-m4-aug05|batch|svhn|batch-64,9,9,0.911351351,0.924342105,0.898720682,938
controlled-augmentation2-mac-m4-aug05|batch|cifar10|batch-128,0,airplane,0.743109151,0.737417943,0.748888889,900
controlled-augmentation2-mac-m4-aug05|batch|cifar10|batch-128,1,automobile,0.796600567,0.812716763,0.781111111,900
controlled-augmentation2-mac-m4-aug05|batch|cifar10|batch-128,2,bird,0.5828845,0.631647211,0.541111111,900
controlled-augmentation2-mac-m4-aug05|batch|cifar10|batch-128,3,cat,0.492141454,0.441021127,0.556666667,900
controlled-augmentation2-mac-m4-aug05|batch|cifar10|batch-128,4,deer,0.647536546,0.631467793,0.664444444,900
controlled-augmentation2-mac-m4-aug05|batch|cifar10|batch-128,5,dog,0.56336261,0.646974063,0.498888889,900
controlled-augmentation2-mac-m4-aug05|batch|cifar10|batch-128,6,frog,0.759023355,0.726626016,0.794444444,900
controlled-augmentation2-mac-m4-aug05|batch|cifar10|batch-128,7,horse,0.768257619,0.796185936,0.742222222,900
controlled-augmentation2-mac-m4-aug05|batch|cifar10|batch-128,8,ship,0.827510917,0.813304721,0.842222222,900
controlled-augmentation2-mac-m4-aug05|batch|cifar10|batch-128,9,truck,0.767876788,0.760348584,0.775555556,900
controlled-augmentation2-mac-m4-aug05|batch|cifar100_coarse|batch-128,0,aquatic_mammals,0.39835729,0.370229008,0.431111111,450
controlled-augmentation2-mac-m4-aug05|batch|cifar100_coarse|batch-128,1,fish,0.42773208,0.453865337,0.404444444,450
controlled-augmentation2-mac-m4-aug05|batch|cifar100_coarse|batch-128,10,large_natural_outdoor_scenes,0.668208092,0.696385542,0.642222222,450
controlled-augmentation2-mac-m4-aug05|batch|cifar100_coarse|batch-128,11,large_omnivores_and_herbivores,0.362860192,0.349075975,0.377777778,450
controlled-augmentation2-mac-m4-aug05|batch|cifar100_coarse|batch-128,12,medium_mammals,0.357870895,0.364896074,0.351111111,450
controlled-augmentation2-mac-m4-aug05|batch|cifar100_coarse|batch-128,13,non-insect_invertebrates,0.267291911,0.282878412,0.253333333,450
controlled-augmentation2-mac-m4-aug05|batch|cifar100_coarse|batch-128,14,people,0.512524085,0.452380952,0.591111111,450
controlled-augmentation2-mac-m4-aug05|batch|cifar100_coarse|batch-128,15,reptiles,0.280394304,0.276457883,0.284444444,450
controlled-augmentation2-mac-m4-aug05|batch|cifar100_coarse|batch-128,16,small_mammals,0.218085106,0.271523179,0.182222222,450
controlled-augmentation2-mac-m4-aug05|batch|cifar100_coarse|batch-128,17,trees,0.775465498,0.764578834,0.786666667,450
controlled-augmentation2-mac-m4-aug05|batch|cifar100_coarse|batch-128,18,vehicles_1,0.45990566,0.489949749,0.433333333,450
controlled-augmentation2-mac-m4-aug05|batch|cifar100_coarse|batch-128,19,vehicles_2,0.462332301,0.431599229,0.497777778,450
controlled-augmentation2-mac-m4-aug05|batch|cifar100_coarse|batch-128,2,flowers,0.676307008,0.677060134,0.675555556,450
controlled-augmentation2-mac-m4-aug05|batch|cifar100_coarse|batch-128,3,food_containers,0.489702517,0.504716981,0.475555556,450
controlled-augmentation2-mac-m4-aug05|batch|cifar100_coarse|batch-128,4,fruit_and_vegetables,0.524741082,0.544152745,0.506666667,450
controlled-augmentation2-mac-m4-aug05|batch|cifar100_coarse|batch-128,5,household_electrical_devices,0.353603604,0.358447489,0.348888889,450
controlled-augmentation2-mac-m4-aug05|batch|cifar100_coarse|batch-128,6,household_furniture,0.514354067,0.556994819,0.477777778,450
controlled-augmentation2-mac-m4-aug05|batch|cifar100_coarse|batch-128,7,insects,0.488421053,0.464,0.515555556,450
controlled-augmentation2-mac-m4-aug05|batch|cifar100_coarse|batch-128,8,large_carnivores,0.370951914,0.332161687,0.42,450
controlled-augmentation2-mac-m4-aug05|batch|cifar100_coarse|batch-128,9,large_man-made_outdoor_things,0.573072497,0.594272076,0.553333333,450
controlled-augmentation2-mac-m4-aug05|batch|emnist_balanced|batch-128,0,0,0.697154472,0.608156028,0.816666667,420
controlled-augmentation2-mac-m4-aug05|batch|emnist_balanced|batch-128,1,1,0.6328125,0.536423841,0.771428571,420
controlled-augmentation2-mac-m4-aug05|batch|emnist_balanced|batch-128,10,10,0.965517241,0.964370546,0.966666667,420
controlled-augmentation2-mac-m4-aug05|batch|emnist_balanced|batch-128,11,11,0.952606635,0.948113208,0.957142857,420
controlled-augmentation2-mac-m4-aug05|batch|emnist_balanced|batch-128,12,12,0.961038961,0.953161593,0.969047619,420
controlled-augmentation2-mac-m4-aug05|batch|emnist_balanced|batch-128,13,13,0.906141367,0.88261851,0.930952381,420
controlled-augmentation2-mac-m4-aug05|batch|emnist_balanced|batch-128,14,14,0.955688623,0.961445783,0.95,420
controlled-augmentation2-mac-m4-aug05|batch|emnist_balanced|batch-128,15,15,0.647462277,0.763754045,0.561904762,420
controlled-augmentation2-mac-m4-aug05|batch|emnist_balanced|batch-128,16,16,0.914819137,0.897025172,0.933333333,420
controlled-augmentation2-mac-m4-aug05|batch|emnist_balanced|batch-128,17,17,0.966824645,0.962264151,0.971428571,420
controlled-augmentation2-mac-m4-aug05|batch|emnist_balanced|batch-128,18,18,0.659793814,0.719101124,0.60952381,420
controlled-augmentation2-mac-m4-aug05|batch|emnist_balanced|batch-128,19,19,0.917475728,0.935643564,0.9,420
controlled-augmentation2-mac-m4-aug05|batch|emnist_balanced|batch-128,2,2,0.901542112,0.898345154,0.904761905,420
controlled-augmentation2-mac-m4-aug05|batch|emnist_balanced|batch-128,20,20,0.967587035,0.975786925,0.95952381,420
controlled-augmentation2-mac-m4-aug05|batch|emnist_balanced|batch-128,21,21,0.528767123,0.622580645,0.45952381,420
controlled-augmentation2-mac-m4-aug05|batch|emnist_balanced|batch-128,22,22,0.980722892,0.992682927,0.969047619,420
controlled-augmentation2-mac-m4-aug05|batch|emnist_balanced|batch-128,23,23,0.914158305,0.859538784,0.976190476,420
controlled-augmentation2-mac-m4-aug05|batch|emnist_balanced|batch-128,24,24,0.613220816,0.749140893,0.519047619,420
controlled-augmentation2-mac-m4-aug05|batch|emnist_balanced|batch-128,25,25,0.917431193,0.884955752,0.952380952,420
controlled-augmentation2-mac-m4-aug05|batch|emnist_balanced|batch-128,26,26,0.944976077,0.949519231,0.94047619,420
controlled-augmentation2-mac-m4-aug05|batch|emnist_balanced|batch-128,27,27,0.963486455,0.953379953,0.973809524,420
controlled-augmentation2-mac-m4-aug05|batch|emnist_balanced|batch-128,28,28,0.850961538,0.859223301,0.842857143,420
controlled-augmentation2-mac-m4-aug05|batch|emnist_balanced|batch-128,29,29,0.952606635,0.948113208,0.957142857,420
controlled-augmentation2-mac-m4-aug05|batch|emnist_balanced|batch-128,3,3,0.954545455,0.959134615,0.95,420
controlled-augmentation2-mac-m4-aug05|batch|emnist_balanced|batch-128,30,30,0.905263158,0.889655172,0.921428571,420
controlled-augmentation2-mac-m4-aug05|batch|emnist_balanced|batch-128,31,31,0.930909091,0.948148148,0.914285714,420
controlled-augmentation2-mac-m4-aug05|batch|emnist_balanced|batch-128,32,32,0.985507246,1,0.971428571,420
controlled-augmentation2-mac-m4-aug05|batch|emnist_balanced|batch-128,33,33,0.969987995,0.978208232,0.961904762,420
controlled-augmentation2-mac-m4-aug05|batch|emnist_balanced|batch-128,34,34,0.917061611,0.912735849,0.921428571,420
controlled-augmentation2-mac-m4-aug05|batch|emnist_balanced|batch-128,35,35,0.87804878,0.9,0.857142857,420
controlled-augmentation2-mac-m4-aug05|batch|emnist_balanced|batch-128,36,36,0.89306698,0.881670534,0.904761905,420
controlled-augmentation2-mac-m4-aug05|batch|emnist_balanced|batch-128,37,37,0.871239471,0.880778589,0.861904762,420
controlled-augmentation2-mac-m4-aug05|batch|emnist_balanced|batch-128,38,38,0.903225806,0.90647482,0.9,420
controlled-augmentation2-mac-m4-aug05|batch|emnist_balanced|batch-128,39,39,0.96882494,0.975845411,0.961904762,420
controlled-augmentation2-mac-m4-aug05|batch|emnist_balanced|batch-128,4,4,0.933491686,0.931279621,0.935714286,420
controlled-augmentation2-mac-m4-aug05|batch|emnist_balanced|batch-128,40,40,0.691489362,0.625,0.773809524,420
controlled-augmentation2-mac-m4-aug05|batch|emnist_balanced|batch-128,41,41,0.698331194,0.757660167,0.647619048,420
controlled-augmentation2-mac-m4-aug05|batch|emnist_balanced|batch-128,42,42,0.947109471,0.979643766,0.916666667,420
controlled-augmentation2-mac-m4-aug05|batch|emnist_balanced|batch-128,43,43,0.9390681,0.942446043,0.935714286,420
controlled-augmentation2-mac-m4-aug05|batch|emnist_balanced|batch-128,44,44,0.615384615,0.788104089,0.504761905,420
controlled-augmentation2-mac-m4-aug05|batch|emnist_balanced|batch-128,45,45,0.954216867,0.965853659,0.942857143,420
controlled-augmentation2-mac-m4-aug05|batch|emnist_balanced|batch-128,46,46,0.909975669,0.930348259,0.89047619,420
controlled-augmentation2-mac-m4-aug05|batch|emnist_balanced|batch-128,5,5,0.896470588,0.886046512,0.907142857,420
controlled-augmentation2-mac-m4-aug05|batch|emnist_balanced|batch-128,6,6,0.912529551,0.906103286,0.919047619,420
controlled-augmentation2-mac-m4-aug05|batch|emnist_balanced|batch-128,7,7,0.963226572,0.959810875,0.966666667,420
controlled-augmentation2-mac-m4-aug05|batch|emnist_balanced|batch-128,8,8,0.924705882,0.913953488,0.935714286,420
controlled-augmentation2-mac-m4-aug05|batch|emnist_balanced|batch-128,9,9,0.752,0.648275862,0.895238095,420
controlled-augmentation2-mac-m4-aug05|batch|fashion_mnist|batch-128,0,0,0.858643744,0.861111111,0.856190476,1050
controlled-augmentation2-mac-m4-aug05|batch|fashion_mnist|batch-128,1,1,0.985727878,0.984790875,0.986666667,1050
controlled-augmentation2-mac-m4-aug05|batch|fashion_mnist|batch-128,2,2,0.850963799,0.840297122,0.861904762,1050
controlled-augmentation2-mac-m4-aug05|batch|fashion_mnist|batch-128,3,3,0.91670633,0.916270219,0.917142857,1050
controlled-augmentation2-mac-m4-aug05|batch|fashion_mnist|batch-128,4,4,0.848372093,0.829090909,0.868571429,1050
controlled-augmentation2-mac-m4-aug05|batch|fashion_mnist|batch-128,5,5,0.977990431,0.982692308,0.973333333,1050
controlled-augmentation2-mac-m4-aug05|batch|fashion_mnist|batch-128,6,6,0.766336634,0.797938144,0.737142857,1050
controlled-augmentation2-mac-m4-aug05|batch|fashion_mnist|batch-128,7,7,0.962647754,0.955868545,0.96952381,1050
controlled-augmentation2-mac-m4-aug05|batch|fashion_mnist|batch-128,8,8,0.980466889,0.980934223,0.98,1050
controlled-augmentation2-mac-m4-aug05|batch|fashion_mnist|batch-128,9,9,0.963843958,0.962927757,0.964761905,1050
controlled-augmentation2-mac-m4-aug05|batch|fer2013|batch-128,0,angry,0.317948718,0.43559719,0.250336474,743
controlled-augmentation2-mac-m4-aug05|batch|fer2013|batch-128,1,disgust,0.389380531,0.709677419,0.268292683,82
controlled-augmentation2-mac-m4-aug05|batch|fer2013|batch-128,2,fear,0.308724832,0.318559557,0.299479167,768
controlled-augmentation2-mac-m4-aug05|batch|fer2013|batch-128,3,happy,0.698561151,0.678072626,0.720326409,1348
controlled-augmentation2-mac-m4-aug05|batch|fer2013|batch-128,4,sad,0.391528926,0.369756098,0.416026345,911
controlled-augmentation2-mac-m4-aug05|batch|fer2013|batch-128,5,surprise,0.642011834,0.57712766,0.723333333,600
controlled-augmentation2-mac-m4-aug05|batch|fer2013|batch-128,6,neutral,0.477379095,0.46223565,0.493548387,930
controlled-augmentation2-mac-m4-aug05|batch|gtsrb|batch-128,0,0,1,1,1,31
controlled-augmentation2-mac-m4-aug05|batch|gtsrb|batch-128,1,1,0.989536622,0.985119048,0.993993994,333
controlled-augmentation2-mac-m4-aug05|batch|gtsrb|batch-128,10,10,0.996666667,1,0.993355482,301
controlled-augmentation2-mac-m4-aug05|batch|gtsrb|batch-128,11,11,1,1,1,198
controlled-augmentation2-mac-m4-aug05|batch|gtsrb|batch-128,12,12,1,1,1,315
controlled-augmentation2-mac-m4-aug05|batch|gtsrb|batch-128,13,13,0.99380805,0.99689441,0.990740741,324
controlled-augmentation2-mac-m4-aug05|batch|gtsrb|batch-128,14,14,1,1,1,121
controlled-augmentation2-mac-m4-aug05|batch|gtsrb|batch-128,15,15,0.979166667,0.959183673,1,94
controlled-augmentation2-mac-m4-aug05|batch|gtsrb|batch-128,16,16,1,1,1,67
controlled-augmentation2-mac-m4-aug05|batch|gtsrb|batch-128,17,17,1,1,1,166
controlled-augmentation2-mac-m4-aug05|batch|gtsrb|batch-128,18,18,0.997214485,1,0.994444444,180
controlled-augmentation2-mac-m4-aug05|batch|gtsrb|batch-128,19,19,0.984126984,0.96875,1,31
controlled-augmentation2-mac-m4-aug05|batch|gtsrb|batch-128,2,2,0.988095238,0.991044776,0.985163205,337
controlled-augmentation2-mac-m4-aug05|batch|gtsrb|batch-128,20,20,0.989690722,1,0.979591837,49
controlled-augmentation2-mac-m4-aug05|batch|gtsrb|batch-128,21,21,1,1,1,49
controlled-augmentation2-mac-m4-aug05|batch|gtsrb|batch-128,22,22,0.991452991,0.983050847,1,58
controlled-augmentation2-mac-m4-aug05|batch|gtsrb|batch-128,23,23,0.987012987,0.974358974,1,76
controlled-augmentation2-mac-m4-aug05|batch|gtsrb|batch-128,24,24,1,1,1,40
controlled-augmentation2-mac-m4-aug05|batch|gtsrb|batch-128,25,25,0.995555556,0.995555556,0.995555556,225
controlled-augmentation2-mac-m4-aug05|batch|gtsrb|batch-128,26,26,1,1,1,90
controlled-augmentation2-mac-m4-aug05|batch|gtsrb|batch-128,27,27,0.98630137,0.972972973,1,36
controlled-augmentation2-mac-m4-aug05|batch|gtsrb|batch-128,28,28,0.986842105,0.986842105,0.986842105,76
controlled-augmentation2-mac-m4-aug05|batch|gtsrb|batch-128,29,29,0.987341772,1,0.975,40
controlled-augmentation2-mac-m4-aug05|batch|gtsrb|batch-128,3,3,0.988123515,0.99047619,0.985781991,211
controlled-augmentation2-mac-m4-aug05|batch|gtsrb|batch-128,30,30,0.984848485,1,0.970149254,67
controlled-augmentation2-mac-m4-aug05|batch|gtsrb|batch-128,31,31,0.995884774,0.991803279,1,121
controlled-augmentation2-mac-m4-aug05|batch|gtsrb|batch-128,32,32,1,1,1,36
controlled-augmentation2-mac-m4-aug05|batch|gtsrb|batch-128,33,33,0.980392157,0.99009901,0.970873786,103
controlled-augmentation2-mac-m4-aug05|batch|gtsrb|batch-128,34,34,0.96875,0.953846154,0.984126984,63
controlled-augmentation2-mac-m4-aug05|batch|gtsrb|batch-128,35,35,1,1,1,180
controlled-augmentation2-mac-m4-aug05|batch|gtsrb|batch-128,36,36,0.98245614,1,0.965517241,58
controlled-augmentation2-mac-m4-aug05|batch|gtsrb|batch-128,37,37,0.96875,0.939393939,1,31
controlled-augmentation2-mac-m4-aug05|batch|gtsrb|batch-128,38,38,0.993569132,0.990384615,0.996774194,310
controlled-augmentation2-mac-m4-aug05|batch|gtsrb|batch-128,39,39,0.977777778,0.977777778,0.977777778,45
controlled-augmentation2-mac-m4-aug05|batch|gtsrb|batch-128,4,4,0.996644295,0.993311037,1,297
controlled-augmentation2-mac-m4-aug05|batch|gtsrb|batch-128,40,40,0.989690722,1,0.979591837,49
controlled-augmentation2-mac-m4-aug05|batch|gtsrb|batch-128,41,41,1,1,1,36
controlled-augmentation2-mac-m4-aug05|batch|gtsrb|batch-128,42,42,1,1,1,40
controlled-augmentation2-mac-m4-aug05|batch|gtsrb|batch-128,5,5,0.987566607,0.992857143,0.982332155,283
controlled-augmentation2-mac-m4-aug05|batch|gtsrb|batch-128,6,6,1,1,1,67
controlled-augmentation2-mac-m4-aug05|batch|gtsrb|batch-128,7,7,0.992874109,0.995238095,0.990521327,211
controlled-augmentation2-mac-m4-aug05|batch|gtsrb|batch-128,8,8,0.997624703,1,0.995260664,211
controlled-augmentation2-mac-m4-aug05|batch|gtsrb|batch-128,9,9,0.993197279,0.990950226,0.995454545,220
controlled-augmentation2-mac-m4-aug05|batch|kmnist|batch-128,0,0,0.981870229,0.98374761,0.98,1050
controlled-augmentation2-mac-m4-aug05|batch|kmnist|batch-128,1,1,0.978199052,0.973584906,0.982857143,1050
controlled-augmentation2-mac-m4-aug05|batch|kmnist|batch-128,2,2,0.97811608,0.977186312,0.979047619,1050
controlled-augmentation2-mac-m4-aug05|batch|kmnist|batch-128,3,3,0.986666667,0.986666667,0.986666667,1050
controlled-augmentation2-mac-m4-aug05|batch|kmnist|batch-128,4,4,0.980632971,0.972820993,0.988571429,1050
controlled-augmentation2-mac-m4-aug05|batch|kmnist|batch-128,5,5,0.98614429,0.9894535,0.982857143,1050
controlled-augmentation2-mac-m4-aug05|batch|kmnist|batch-128,6,6,0.974964573,0.967197751,0.982857143,1050
controlled-augmentation2-mac-m4-aug05|batch|kmnist|batch-128,7,7,0.988958233,0.997095837,0.980952381,1050
controlled-augmentation2-mac-m4-aug05|batch|kmnist|batch-128,8,8,0.981921979,0.980988593,0.982857143,1050
controlled-augmentation2-mac-m4-aug05|batch|kmnist|batch-128,9,9,0.9875,0.997087379,0.978095238,1050
controlled-augmentation2-mac-m4-aug05|batch|mnist|batch-128,0,0,0.995173745,0.994214079,0.996135266,1035
controlled-augmentation2-mac-m4-aug05|batch|mnist|batch-128,1,1,0.995759118,0.997451147,0.99407282,1181
controlled-augmentation2-mac-m4-aug05|batch|mnist|batch-128,2,2,0.982422803,0.978240303,0.986641221,1048
controlled-augmentation2-mac-m4-aug05|batch|mnist|batch-128,3,3,0.995322732,0.997188379,0.993464052,1071
controlled-augmentation2-mac-m4-aug05|batch|mnist|batch-128,4,4,0.989226249,0.991167812,0.987292278,1023
controlled-augmentation2-mac-m4-aug05|batch|mnist|batch-128,5,5,0.984680401,0.985200846,0.984160507,947
controlled-augmentation2-mac-m4-aug05|batch|mnist|batch-128,6,6,0.991751577,0.99223301,0.991270611,1031
controlled-augmentation2-mac-m4-aug05|batch|mnist|batch-128,7,7,0.990415335,0.989061076,0.991773309,1094
controlled-augmentation2-mac-m4-aug05|batch|mnist|batch-128,8,8,0.989700834,0.99408867,0.985351562,1024
controlled-augmentation2-mac-m4-aug05|batch|mnist|batch-128,9,9,0.98903195,0.984805318,0.993295019,1044
controlled-augmentation2-mac-m4-aug05|batch|svhn|batch-128,0,0,0.941708543,0.95030426,0.933266932,1004
controlled-augmentation2-mac-m4-aug05|batch|svhn|batch-128,1,1,0.948799435,0.952836879,0.944796062,2844
controlled-augmentation2-mac-m4-aug05|batch|svhn|batch-128,2,2,0.943328871,0.930457746,0.956561086,2210
controlled-augmentation2-mac-m4-aug05|batch|svhn|batch-128,3,3,0.902941176,0.906674542,0.89923843,1707
controlled-augmentation2-mac-m4-aug05|batch|svhn|batch-128,4,4,0.941176471,0.931327665,0.951235805,1497
controlled-augmentation2-mac-m4-aug05|batch|svhn|batch-128,5,5,0.916363636,0.926470588,0.90647482,1390
controlled-augmentation2-mac-m4-aug05|batch|svhn|batch-128,6,6,0.89211801,0.907706093,0.877056277,1155
controlled-augmentation2-mac-m4-aug05|batch|svhn|batch-128,7,7,0.923143726,0.915590009,0.930823117,1142
controlled-augmentation2-mac-m4-aug05|batch|svhn|batch-128,8,8,0.88715193,0.872238232,0.902584493,1006
controlled-augmentation2-mac-m4-aug05|batch|svhn|batch-128,9,9,0.910955208,0.922404372,0.89978678,938
controlled-augmentation2-mac-m4-aug05|batch|cifar10|batch-256,0,airplane,0.765063571,0.761276128,0.768888889,900
controlled-augmentation2-mac-m4-aug05|batch|cifar10|batch-256,1,automobile,0.810520666,0.784008307,0.838888889,900
controlled-augmentation2-mac-m4-aug05|batch|cifar10|batch-256,2,bird,0.607865169,0.614772727,0.601111111,900
controlled-augmentation2-mac-m4-aug05|batch|cifar10|batch-256,3,cat,0.504312532,0.464052288,0.552222222,900
controlled-augmentation2-mac-m4-aug05|batch|cifar10|batch-256,4,deer,0.656987296,0.721115538,0.603333333,900
controlled-augmentation2-mac-m4-aug05|batch|cifar10|batch-256,5,dog,0.571604938,0.643055556,0.514444444,900
controlled-augmentation2-mac-m4-aug05|batch|cifar10|batch-256,6,frog,0.756229686,0.737843552,0.775555556,900
controlled-augmentation2-mac-m4-aug05|batch|cifar10|batch-256,7,horse,0.75708061,0.742521368,0.772222222,900
controlled-augmentation2-mac-m4-aug05|batch|cifar10|batch-256,8,ship,0.825167038,0.827008929,0.823333333,900
controlled-augmentation2-mac-m4-aug05|batch|cifar10|batch-256,9,truck,0.763417306,0.752699784,0.774444444,900
controlled-augmentation2-mac-m4-aug05|batch|cifar100_coarse|batch-256,0,aquatic_mammals,0.349009901,0.393854749,0.313333333,450
controlled-augmentation2-mac-m4-aug05|batch|cifar100_coarse|batch-256,1,fish,0.415617128,0.479651163,0.366666667,450
controlled-augmentation2-mac-m4-aug05|batch|cifar100_coarse|batch-256,10,large_natural_outdoor_scenes,0.650496141,0.645514223,0.655555556,450
controlled-augmentation2-mac-m4-aug05|batch|cifar100_coarse|batch-256,11,large_omnivores_and_herbivores,0.375224417,0.314759036,0.464444444,450
controlled-augmentation2-mac-m4-aug05|batch|cifar100_coarse|batch-256,12,medium_mammals,0.321585903,0.318777293,0.324444444,450
controlled-augmentation2-mac-m4-aug05|batch|cifar100_coarse|batch-256,13,non-insect_invertebrates,0.280665281,0.263671875,0.3,450
controlled-augmentation2-mac-m4-aug05|batch|cifar100_coarse|batch-256,14,people,0.517241379,0.641447368,0.433333333,450
controlled-augmentation2-mac-m4-aug05|batch|cifar100_coarse|batch-256,15,reptiles,0.260696517,0.236036036,0.291111111,450
controlled-augmentation2-mac-m4-aug05|batch|cifar100_coarse|batch-256,16,small_mammals,0.252406417,0.243298969,0.262222222,450
controlled-augmentation2-mac-m4-aug05|batch|cifar100_coarse|batch-256,17,trees,0.742857143,0.764705882,0.722222222,450
controlled-augmentation2-mac-m4-aug05|batch|cifar100_coarse|batch-256,18,vehicles_1,0.45412844,0.469194313,0.44,450
controlled-augmentation2-mac-m4-aug05|batch|cifar100_coarse|batch-256,19,vehicles_2,0.476426799,0.539325843,0.426666667,450
controlled-augmentation2-mac-m4-aug05|batch|cifar100_coarse|batch-256,2,flowers,0.650847458,0.662068966,0.64,450
controlled-augmentation2-mac-m4-aug05|batch|cifar100_coarse|batch-256,3,food_containers,0.510035419,0.544080605,0.48,450
controlled-augmentation2-mac-m4-aug05|batch|cifar100_coarse|batch-256,4,fruit_and_vegetables,0.522727273,0.534883721,0.511111111,450
controlled-augmentation2-mac-m4-aug05|batch|cifar100_coarse|batch-256,5,household_electrical_devices,0.394304491,0.388768898,0.4,450
controlled-augmentation2-mac-m4-aug05|batch|cifar100_coarse|batch-256,6,household_furniture,0.491183879,0.566860465,0.433333333,450
controlled-augmentation2-mac-m4-aug05|batch|cifar100_coarse|batch-256,7,insects,0.446788111,0.392917369,0.517777778,450
controlled-augmentation2-mac-m4-aug05|batch|cifar100_coarse|batch-256,8,large_carnivores,0.386069652,0.34954955,0.431111111,450
controlled-augmentation2-mac-m4-aug05|batch|cifar100_coarse|batch-256,9,large_man-made_outdoor_things,0.553191489,0.557562077,0.548888889,450
controlled-augmentation2-mac-m4-aug05|batch|emnist_balanced|batch-256,0,0,0.67826087,0.624,0.742857143,420
controlled-augmentation2-mac-m4-aug05|batch|emnist_balanced|batch-256,1,1,0.632218845,0.55026455,0.742857143,420
controlled-augmentation2-mac-m4-aug05|batch|emnist_balanced|batch-256,10,10,0.953955136,0.946135831,0.961904762,420
controlled-augmentation2-mac-m4-aug05|batch|emnist_balanced|batch-256,11,11,0.942168675,0.953658537,0.930952381,420
controlled-augmentation2-mac-m4-aug05|batch|emnist_balanced|batch-256,12,12,0.952158693,0.933638444,0.971428571,420
controlled-augmentation2-mac-m4-aug05|batch|emnist_balanced|batch-256,13,13,0.895558223,0.9031477,0.888095238,420
controlled-augmentation2-mac-m4-aug05|batch|emnist_balanced|batch-256,14,14,0.966745843,0.964454976,0.969047619,420
controlled-augmentation2-mac-m4-aug05|batch|emnist_balanced|batch-256,15,15,0.654255319,0.740963855,0.585714286,420
controlled-augmentation2-mac-m4-aug05|batch|emnist_balanced|batch-256,16,16,0.918465228,0.925120773,0.911904762,420
controlled-augmentation2-mac-m4-aug05|batch|emnist_balanced|batch-256,17,17,0.963657679,0.949191686,0.978571429,420
controlled-augmentation2-mac-m4-aug05|batch|emnist_balanced|batch-256,18,18,0.669879518,0.67804878,0.661904762,420
controlled-augmentation2-mac-m4-aug05|batch|emnist_balanced|batch-256,19,19,0.904704463,0.916870416,0.892857143,420
controlled-augmentation2-mac-m4-aug05|batch|emnist_balanced|batch-256,2,2,0.880668258,0.88277512,0.878571429,420
controlled-augmentation2-mac-m4-aug05|batch|emnist_balanced|batch-256,20,20,0.972716489,0.969267139,0.976190476,420
controlled-augmentation2-mac-m4-aug05|batch|emnist_balanced|batch-256,21,21,0.539944904,0.640522876,0.466666667,420
controlled-augmentation2-mac-m4-aug05|batch|emnist_balanced|batch-256,22,22,0.97708082,0.990220049,0.964285714,420
controlled-augmentation2-mac-m4-aug05|batch|emnist_balanced|batch-256,23,23,0.921679909,0.880694143,0.966666667,420
controlled-augmentation2-mac-m4-aug05|batch|emnist_balanced|batch-256,24,24,0.646310433,0.693989071,0.604761905,420
controlled-augmentation2-mac-m4-aug05|batch|emnist_balanced|batch-256,25,25,0.937062937,0.917808219,0.957142857,420
controlled-augmentation2-mac-m4-aug05|batch|emnist_balanced|batch-256,26,26,0.919567827,0.927360775,0.911904762,420
controlled-augmentation2-mac-m4-aug05|batch|emnist_balanced|batch-256,27,27,0.973995272,0.96713615,0.980952381,420
controlled-augmentation2-mac-m4-aug05|batch|emnist_balanced|batch-256,28,28,0.868198307,0.882063882,0.854761905,420
controlled-augmentation2-mac-m4-aug05|batch|emnist_balanced|batch-256,29,29,0.943352601,0.916853933,0.971428571,420
controlled-augmentation2-mac-m4-aug05|batch|emnist_balanced|batch-256,3,3,0.95788207,0.96836983,0.947619048,420
controlled-augmentation2-mac-m4-aug05|batch|emnist_balanced|batch-256,30,30,0.912783751,0.916067146,0.90952381,420
controlled-augmentation2-mac-m4-aug05|batch|emnist_balanced|batch-256,31,31,0.935714286,0.935714286,0.935714286,420
controlled-augmentation2-mac-m4-aug05|batch|emnist_balanced|batch-256,32,32,0.988066826,0.990430622,0.985714286,420
controlled-augmentation2-mac-m4-aug05|batch|emnist_balanced|batch-256,33,33,0.978520286,0.980861244,0.976190476,420
controlled-augmentation2-mac-m4-aug05|batch|emnist_balanced|batch-256,34,34,0.912408759,0.932835821,0.892857143,420
controlled-augmentation2-mac-m4-aug05|batch|emnist_balanced|batch-256,35,35,0.883774453,0.855233853,0.914285714,420
controlled-augmentation2-mac-m4-aug05|batch|emnist_balanced|batch-256,36,36,0.878612717,0.853932584,0.904761905,420
controlled-augmentation2-mac-m4-aug05|batch|emnist_balanced|batch-256,37,37,0.838487973,0.80794702,0.871428571,420
controlled-augmentation2-mac-m4-aug05|batch|emnist_balanced|batch-256,38,38,0.843828715,0.895721925,0.797619048,420
controlled-augmentation2-mac-m4-aug05|batch|emnist_balanced|batch-256,39,39,0.95410628,0.968137255,0.94047619,420
controlled-augmentation2-mac-m4-aug05|batch|emnist_balanced|batch-256,4,4,0.926143025,0.912240185,0.94047619,420
controlled-augmentation2-mac-m4-aug05|batch|emnist_balanced|batch-256,40,40,0.692223439,0.640973631,0.752380952,420
controlled-augmentation2-mac-m4-aug05|batch|emnist_balanced|batch-256,41,41,0.668571429,0.835714286,0.557142857,420
controlled-augmentation2-mac-m4-aug05|batch|emnist_balanced|batch-256,42,42,0.948626045,0.952038369,0.945238095,420
controlled-augmentation2-mac-m4-aug05|batch|emnist_balanced|batch-256,43,43,0.927710843,0.93902439,0.916666667,420
controlled-augmentation2-mac-m4-aug05|batch|emnist_balanced|batch-256,44,44,0.625352113,0.765517241,0.528571429,420
controlled-augmentation2-mac-m4-aug05|batch|emnist_balanced|batch-256,45,45,0.945188794,0.967581047,0.923809524,420
controlled-augmentation2-mac-m4-aug05|batch|emnist_balanced|batch-256,46,46,0.903614458,0.914634146,0.892857143,420
controlled-augmentation2-mac-m4-aug05|batch|emnist_balanced|batch-256,5,5,0.911694511,0.913875598,0.90952381,420
controlled-augmentation2-mac-m4-aug05|batch|emnist_balanced|batch-256,6,6,0.921820303,0.90389016,0.94047619,420
controlled-augmentation2-mac-m4-aug05|batch|emnist_balanced|batch-256,7,7,0.95971564,0.955188679,0.964285714,420
controlled-augmentation2-mac-m4-aug05|batch|emnist_balanced|batch-256,8,8,0.93111639,0.928909953,0.933333333,420
controlled-augmentation2-mac-m4-aug05|batch|emnist_balanced|batch-256,9,9,0.751953125,0.637417219,0.916666667,420
controlled-augmentation2-mac-m4-aug05|batch|fashion_mnist|batch-256,0,0,0.851606805,0.84521576,0.858095238,1050
controlled-augmentation2-mac-m4-aug05|batch|fashion_mnist|batch-256,1,1,0.987571702,0.991362764,0.983809524,1050
controlled-augmentation2-mac-m4-aug05|batch|fashion_mnist|batch-256,2,2,0.855759923,0.87007874,0.841904762,1050
controlled-augmentation2-mac-m4-aug05|batch|fashion_mnist|batch-256,3,3,0.913649025,0.891304348,0.937142857,1050
controlled-augmentation2-mac-m4-aug05|batch|fashion_mnist|batch-256,4,4,0.844380403,0.851744186,0.837142857,1050
controlled-augmentation2-mac-m4-aug05|batch|fashion_mnist|batch-256,5,5,0.980316851,0.988383349,0.972380952,1050
controlled-augmentation2-mac-m4-aug05|batch|fashion_mnist|batch-256,6,6,0.762224353,0.767374517,0.757142857,1050
controlled-augmentation2-mac-m4-aug05|batch|fashion_mnist|batch-256,7,7,0.959433962,0.95046729,0.968571429,1050
controlled-augmentation2-mac-m4-aug05|batch|fashion_mnist|batch-256,8,8,0.977650975,0.97625831,0.979047619,1050
controlled-augmentation2-mac-m4-aug05|batch|fashion_mnist|batch-256,9,9,0.964728313,0.965648855,0.963809524,1050
controlled-augmentation2-mac-m4-aug05|batch|fer2013|batch-256,0,angry,0.343679031,0.392733564,0.30551817,743
controlled-augmentation2-mac-m4-aug05|batch|fer2013|batch-256,1,disgust,0.317757009,0.68,0.207317073,82
controlled-augmentation2-mac-m4-aug05|batch|fer2013|batch-256,2,fear,0.290419162,0.341549296,0.252604167,768
controlled-augmentation2-mac-m4-aug05|batch|fer2013|batch-256,3,happy,0.692195478,0.680774749,0.704005935,1348
controlled-augmentation2-mac-m4-aug05|batch|fer2013|batch-256,4,sad,0.374825175,0.325769854,0.441273326,911
controlled-augmentation2-mac-m4-aug05|batch|fer2013|batch-256,5,surprise,0.60988075,0.62369338,0.596666667,600
controlled-augmentation2-mac-m4-aug05|batch|fer2013|batch-256,6,neutral,0.461062403,0.443012884,0.480645161,930
controlled-augmentation2-mac-m4-aug05|batch|gtsrb|batch-256,0,0,1,1,1,31
controlled-augmentation2-mac-m4-aug05|batch|gtsrb|batch-256,1,1,0.982035928,0.979104478,0.984984985,333
controlled-augmentation2-mac-m4-aug05|batch|gtsrb|batch-256,10,10,0.996688742,0.99339934,1,301
controlled-augmentation2-mac-m4-aug05|batch|gtsrb|batch-256,11,11,0.997468354,1,0.994949495,198
controlled-augmentation2-mac-m4-aug05|batch|gtsrb|batch-256,12,12,0.998415214,0.996835443,1,315
controlled-augmentation2-mac-m4-aug05|batch|gtsrb|batch-256,13,13,0.995377504,0.993846154,0.99691358,324
controlled-augmentation2-mac-m4-aug05|batch|gtsrb|batch-256,14,14,0.995850622,1,0.991735537,121
controlled-augmentation2-mac-m4-aug05|batch|gtsrb|batch-256,15,15,0.994708995,0.989473684,1,94
controlled-augmentation2-mac-m4-aug05|batch|gtsrb|batch-256,16,16,1,1,1,67
controlled-augmentation2-mac-m4-aug05|batch|gtsrb|batch-256,17,17,0.996996997,0.994011976,1,166
controlled-augmentation2-mac-m4-aug05|batch|gtsrb|batch-256,18,18,0.994413408,1,0.988888889,180
controlled-augmentation2-mac-m4-aug05|batch|gtsrb|batch-256,19,19,0.952380952,0.9375,0.967741935,31
controlled-augmentation2-mac-m4-aug05|batch|gtsrb|batch-256,2,2,0.975830816,0.993846154,0.958456973,337
controlled-augmentation2-mac-m4-aug05|batch|gtsrb|batch-256,20,20,0.98,0.960784314,1,49
controlled-augmentation2-mac-m4-aug05|batch|gtsrb|batch-256,21,21,0.98,0.960784314,1,49
controlled-augmentation2-mac-m4-aug05|batch|gtsrb|batch-256,22,22,0.982758621,0.982758621,0.982758621,58
controlled-augmentation2-mac-m4-aug05|batch|gtsrb|batch-256,23,23,0.979865772,1,0.960526316,76
controlled-augmentation2-mac-m4-aug05|batch|gtsrb|batch-256,24,24,0.975609756,0.952380952,1,40
controlled-augmentation2-mac-m4-aug05|batch|gtsrb|batch-256,25,25,0.991071429,0.995515695,0.986666667,225
controlled-augmentation2-mac-m4-aug05|batch|gtsrb|batch-256,26,26,0.983606557,0.967741935,1,90
controlled-augmentation2-mac-m4-aug05|batch|gtsrb|batch-256,27,27,1,1,1,36
controlled-augmentation2-mac-m4-aug05|batch|gtsrb|batch-256,28,28,0.973333333,0.986486486,0.960526316,76
controlled-augmentation2-mac-m4-aug05|batch|gtsrb|batch-256,29,29,0.975,0.975,0.975,40
controlled-augmentation2-mac-m4-aug05|batch|gtsrb|batch-256,3,3,0.980769231,0.995121951,0.966824645,211
controlled-augmentation2-mac-m4-aug05|batch|gtsrb|batch-256,30,30,0.985074627,0.985074627,0.985074627,67
controlled-augmentation2-mac-m4-aug05|batch|gtsrb|batch-256,31,31,1,1,1,121
controlled-augmentation2-mac-m4-aug05|batch|gtsrb|batch-256,32,32,0.98630137,0.972972973,1,36
controlled-augmentation2-mac-m4-aug05|batch|gtsrb|batch-256,33,33,0.970588235,0.98019802,0.961165049,103
controlled-augmentation2-mac-m4-aug05|batch|gtsrb|batch-256,34,34,0.953125,0.938461538,0.968253968,63
controlled-augmentation2-mac-m4-aug05|batch|gtsrb|batch-256,35,35,0.997214485,1,0.994444444,180
controlled-augmentation2-mac-m4-aug05|batch|gtsrb|batch-256,36,36,0.982758621,0.982758621,0.982758621,58
controlled-augmentation2-mac-m4-aug05|batch|gtsrb|batch-256,37,37,0.966666667,1,0.935483871,31
controlled-augmentation2-mac-m4-aug05|batch|gtsrb|batch-256,38,38,0.990291262,0.993506494,0.987096774,310
controlled-augmentation2-mac-m4-aug05|batch|gtsrb|batch-256,39,39,0.945054945,0.934782609,0.955555556,45
controlled-augmentation2-mac-m4-aug05|batch|gtsrb|batch-256,4,4,0.991652755,0.983443709,1,297
controlled-augmentation2-mac-m4-aug05|batch|gtsrb|batch-256,40,40,1,1,1,49
controlled-augmentation2-mac-m4-aug05|batch|gtsrb|batch-256,41,41,1,1,1,36
controlled-augmentation2-mac-m4-aug05|batch|gtsrb|batch-256,42,42,0.987654321,0.975609756,1,40
controlled-augmentation2-mac-m4-aug05|batch|gtsrb|batch-256,5,5,0.980802792,0.968965517,0.992932862,283
controlled-augmentation2-mac-m4-aug05|batch|gtsrb|batch-256,6,6,1,1,1,67
controlled-augmentation2-mac-m4-aug05|batch|gtsrb|batch-256,7,7,0.988066826,0.995192308,0.981042654,211
controlled-augmentation2-mac-m4-aug05|batch|gtsrb|batch-256,8,8,0.988290398,0.976851852,1,211
controlled-augmentation2-mac-m4-aug05|batch|gtsrb|batch-256,9,9,0.993166287,0.99543379,0.990909091,220
controlled-augmentation2-mac-m4-aug05|batch|kmnist|batch-256,0,0,0.986704653,0.983901515,0.98952381,1050
controlled-augmentation2-mac-m4-aug05|batch|kmnist|batch-256,1,1,0.979455327,0.98274209,0.976190476,1050
controlled-augmentation2-mac-m4-aug05|batch|kmnist|batch-256,2,2,0.978927203,0.984585742,0.973333333,1050
controlled-augmentation2-mac-m4-aug05|batch|kmnist|batch-256,3,3,0.989985694,0.991404011,0.988571429,1050
controlled-augmentation2-mac-m4-aug05|batch|kmnist|batch-256,4,4,0.980410893,0.983700863,0.977142857,1050
controlled-augmentation2-mac-m4-aug05|batch|kmnist|batch-256,5,5,0.984397163,0.977464789,0.991428571,1050
controlled-augmentation2-mac-m4-aug05|batch|kmnist|batch-256,6,6,0.978703265,0.972718721,0.984761905,1050
controlled-augmentation2-mac-m4-aug05|batch|kmnist|batch-256,7,7,0.987619048,0.987619048,0.987619048,1050
controlled-augmentation2-mac-m4-aug05|batch|kmnist|batch-256,8,8,0.987112172,0.989473684,0.984761905,1050
controlled-augmentation2-mac-m4-aug05|batch|kmnist|batch-256,9,9,0.992380952,0.992380952,0.992380952,1050
controlled-augmentation2-mac-m4-aug05|batch|mnist|batch-256,0,0,0.994662785,0.999025341,0.990338164,1035
controlled-augmentation2-mac-m4-aug05|batch|mnist|batch-256,1,1,0.996615905,0.995773457,0.99745978,1181
controlled-augmentation2-mac-m4-aug05|batch|mnist|batch-256,2,2,0.983622351,0.993190661,0.974236641,1048
controlled-augmentation2-mac-m4-aug05|batch|mnist|batch-256,3,3,0.993933738,0.993470149,0.994397759,1071
controlled-augmentation2-mac-m4-aug05|batch|mnist|batch-256,4,4,0.992693619,0.989320388,0.996089932,1023
controlled-augmentation2-mac-m4-aug05|batch|mnist|batch-256,5,5,0.985767001,0.984210526,0.987328405,947
controlled-augmentation2-mac-m4-aug05|batch|mnist|batch-256,6,6,0.9875,0.979027645,0.996120272,1031
controlled-augmentation2-mac-m4-aug05|batch|mnist|batch-256,7,7,0.988568816,0.989021043,0.988117002,1094
controlled-augmentation2-mac-m4-aug05|batch|mnist|batch-256,8,8,0.991695164,0.992179863,0.991210938,1024
controlled-augmentation2-mac-m4-aug05|batch|mnist|batch-256,9,9,0.985632184,0.985632184,0.985632184,1044
controlled-augmentation2-mac-m4-aug05|batch|svhn|batch-256,0,0,0.925668979,0.921104536,0.930278884,1004
controlled-augmentation2-mac-m4-aug05|batch|svhn|batch-256,1,1,0.935534867,0.934713935,0.936357243,2844
controlled-augmentation2-mac-m4-aug05|batch|svhn|batch-256,2,2,0.932548665,0.932971014,0.932126697,2210
controlled-augmentation2-mac-m4-aug05|batch|svhn|batch-256,3,3,0.878709306,0.864512472,0.893380199,1707
controlled-augmentation2-mac-m4-aug05|batch|svhn|batch-256,4,4,0.933109244,0.939106901,0.927187709,1497
controlled-augmentation2-mac-m4-aug05|batch|svhn|batch-256,5,5,0.900253899,0.907827359,0.892805755,1390
controlled-augmentation2-mac-m4-aug05|batch|svhn|batch-256,6,6,0.881578947,0.893333333,0.87012987,1155
controlled-augmentation2-mac-m4-aug05|batch|svhn|batch-256,7,7,0.908934708,0.892074199,0.926444834,1142
controlled-augmentation2-mac-m4-aug05|batch|svhn|batch-256,8,8,0.88011988,0.884538153,0.875745527,1006
controlled-augmentation2-mac-m4-aug05|batch|svhn|batch-256,9,9,0.892624729,0.908388521,0.877398721,938
controlled-augmentation2-mac-m4-aug05|smoke|cifar10|smoke,0,airplane,0,0,0,2
controlled-augmentation2-mac-m4-aug05|smoke|cifar10|smoke,1,automobile,0.4,0.333333333,0.5,2
controlled-augmentation2-mac-m4-aug05|smoke|cifar10|smoke,2,bird,0,0,0,2
controlled-augmentation2-mac-m4-aug05|smoke|cifar10|smoke,3,cat,0.333333333,0.25,0.5,2
controlled-augmentation2-mac-m4-aug05|smoke|cifar10|smoke,4,deer,0,0,0,2
controlled-augmentation2-mac-m4-aug05|smoke|cifar10|smoke,5,dog,0,0,0,2
controlled-augmentation2-mac-m4-aug05|smoke|cifar10|smoke,6,frog,0.166666667,0.1,0.5,2
controlled-augmentation2-mac-m4-aug05|smoke|cifar10|smoke,7,horse,0,0,0,2
controlled-augmentation2-mac-m4-aug05|smoke|cifar10|smoke,8,ship,0,0,0,2
controlled-augmentation2-mac-m4-aug05|smoke|cifar10|smoke,9,truck,0,0,0,2
controlled-augmentation2-mac-m4-aug05|smoke|cifar100_coarse|smoke,0,aquatic_mammals,0,0,0,2
controlled-augmentation2-mac-m4-aug05|smoke|cifar100_coarse|smoke,1,fish,0,0,0,2
controlled-augmentation2-mac-m4-aug05|smoke|cifar100_coarse|smoke,10,large_natural_outdoor_scenes,0,0,0,2
controlled-augmentation2-mac-m4-aug05|smoke|cifar100_coarse|smoke,11,large_omnivores_and_herbivores,0,0,0,2
controlled-augmentation2-mac-m4-aug05|smoke|cifar100_coarse|smoke,12,medium_mammals,0,0,0,2
controlled-augmentation2-mac-m4-aug05|smoke|cifar100_coarse|smoke,13,non-insect_invertebrates,0,0,0,2
controlled-augmentation2-mac-m4-aug05|smoke|cifar100_coarse|smoke,14,people,0.333333333,0.25,0.5,2
controlled-augmentation2-mac-m4-aug05|smoke|cifar100_coarse|smoke,15,reptiles,0,0,0,2
controlled-augmentation2-mac-m4-aug05|smoke|cifar100_coarse|smoke,16,small_mammals,0,0,0,2
controlled-augmentation2-mac-m4-aug05|smoke|cifar100_coarse|smoke,17,trees,0,0,0,2
controlled-augmentation2-mac-m4-aug05|smoke|cifar100_coarse|smoke,18,vehicles_1,0.5,0.5,0.5,2
controlled-augmentation2-mac-m4-aug05|smoke|cifar100_coarse|smoke,19,vehicles_2,0,0,0,2
controlled-augmentation2-mac-m4-aug05|smoke|cifar100_coarse|smoke,2,flowers,0,0,0,2
controlled-augmentation2-mac-m4-aug05|smoke|cifar100_coarse|smoke,3,food_containers,0,0,0,2
controlled-augmentation2-mac-m4-aug05|smoke|cifar100_coarse|smoke,4,fruit_and_vegetables,0,0,0,2
controlled-augmentation2-mac-m4-aug05|smoke|cifar100_coarse|smoke,5,household_electrical_devices,0,0,0,2
controlled-augmentation2-mac-m4-aug05|smoke|cifar100_coarse|smoke,6,household_furniture,0,0,0,2
controlled-augmentation2-mac-m4-aug05|smoke|cifar100_coarse|smoke,7,insects,0,0,0,2
controlled-augmentation2-mac-m4-aug05|smoke|cifar100_coarse|smoke,8,large_carnivores,0,0,0,2
controlled-augmentation2-mac-m4-aug05|smoke|cifar100_coarse|smoke,9,large_man-made_outdoor_things,0,0,0,2
controlled-augmentation2-mac-m4-aug05|smoke|emnist_balanced|smoke,0,0,0,0,0,2
controlled-augmentation2-mac-m4-aug05|smoke|emnist_balanced|smoke,1,1,0,0,0,2
controlled-augmentation2-mac-m4-aug05|smoke|emnist_balanced|smoke,10,10,0,0,0,2
controlled-augmentation2-mac-m4-aug05|smoke|emnist_balanced|smoke,11,11,0,0,0,2
controlled-augmentation2-mac-m4-aug05|smoke|emnist_balanced|smoke,12,12,0.181818182,0.111111111,0.5,2
controlled-augmentation2-mac-m4-aug05|smoke|emnist_balanced|smoke,13,13,0,0,0,2
controlled-augmentation2-mac-m4-aug05|smoke|emnist_balanced|smoke,14,14,0,0,0,2
controlled-augmentation2-mac-m4-aug05|smoke|emnist_balanced|smoke,15,15,0,0,0,2
controlled-augmentation2-mac-m4-aug05|smoke|emnist_balanced|smoke,16,16,0,0,0,2
controlled-augmentation2-mac-m4-aug05|smoke|emnist_balanced|smoke,17,17,0,0,0,2
controlled-augmentation2-mac-m4-aug05|smoke|emnist_balanced|smoke,18,18,0,0,0,2
controlled-augmentation2-mac-m4-aug05|smoke|emnist_balanced|smoke,19,19,0,0,0,2
controlled-augmentation2-mac-m4-aug05|smoke|emnist_balanced|smoke,2,2,0,0,0,2
controlled-augmentation2-mac-m4-aug05|smoke|emnist_balanced|smoke,20,20,0,0,0,2
controlled-augmentation2-mac-m4-aug05|smoke|emnist_balanced|smoke,21,21,0,0,0,2
controlled-augmentation2-mac-m4-aug05|smoke|emnist_balanced|smoke,22,22,0,0,0,2
controlled-augmentation2-mac-m4-aug05|smoke|emnist_balanced|smoke,23,23,0,0,0,2
controlled-augmentation2-mac-m4-aug05|smoke|emnist_balanced|smoke,24,24,0,0,0,2
controlled-augmentation2-mac-m4-aug05|smoke|emnist_balanced|smoke,25,25,0,0,0,2
controlled-augmentation2-mac-m4-aug05|smoke|emnist_balanced|smoke,26,26,0,0,0,2
controlled-augmentation2-mac-m4-aug05|smoke|emnist_balanced|smoke,27,27,0,0,0,2
controlled-augmentation2-mac-m4-aug05|smoke|emnist_balanced|smoke,28,28,0,0,0,2
controlled-augmentation2-mac-m4-aug05|smoke|emnist_balanced|smoke,29,29,0.0588235294,0.0303030303,1,2
controlled-augmentation2-mac-m4-aug05|smoke|emnist_balanced|smoke,3,3,0,0,0,2
controlled-augmentation2-mac-m4-aug05|smoke|emnist_balanced|smoke,30,30,0,0,0,2
controlled-augmentation2-mac-m4-aug05|smoke|emnist_balanced|smoke,31,31,0,0,0,2
controlled-augmentation2-mac-m4-aug05|smoke|emnist_balanced|smoke,32,32,0,0,0,2
controlled-augmentation2-mac-m4-aug05|smoke|emnist_balanced|smoke,33,33,0,0,0,2
controlled-augmentation2-mac-m4-aug05|smoke|emnist_balanced|smoke,34,34,0,0,0,2
controlled-augmentation2-mac-m4-aug05|smoke|emnist_balanced|smoke,35,35,0.666666667,1,0.5,2
controlled-augmentation2-mac-m4-aug05|smoke|emnist_balanced|smoke,36,36,0,0,0,2
controlled-augmentation2-mac-m4-aug05|smoke|emnist_balanced|smoke,37,37,0,0,0,2
controlled-augmentation2-mac-m4-aug05|smoke|emnist_balanced|smoke,38,38,0,0,0,2
controlled-augmentation2-mac-m4-aug05|smoke|emnist_balanced|smoke,39,39,0,0,0,2
controlled-augmentation2-mac-m4-aug05|smoke|emnist_balanced|smoke,4,4,0,0,0,2
controlled-augmentation2-mac-m4-aug05|smoke|emnist_balanced|smoke,40,40,0,0,0,2
controlled-augmentation2-mac-m4-aug05|smoke|emnist_balanced|smoke,41,41,0,0,0,2
controlled-augmentation2-mac-m4-aug05|smoke|emnist_balanced|smoke,42,42,0,0,0,2
controlled-augmentation2-mac-m4-aug05|smoke|emnist_balanced|smoke,43,43,0,0,0,2
controlled-augmentation2-mac-m4-aug05|smoke|emnist_balanced|smoke,44,44,0,0,0,2
controlled-augmentation2-mac-m4-aug05|smoke|emnist_balanced|smoke,45,45,0,0,0,2
controlled-augmentation2-mac-m4-aug05|smoke|emnist_balanced|smoke,46,46,0,0,0,2
controlled-augmentation2-mac-m4-aug05|smoke|emnist_balanced|smoke,5,5,0,0,0,2
controlled-augmentation2-mac-m4-aug05|smoke|emnist_balanced|smoke,6,6,0.333333333,0.2,1,2
controlled-augmentation2-mac-m4-aug05|smoke|emnist_balanced|smoke,7,7,0,0,0,2
controlled-augmentation2-mac-m4-aug05|smoke|emnist_balanced|smoke,8,8,0,0,0,2
controlled-augmentation2-mac-m4-aug05|smoke|emnist_balanced|smoke,9,9,0,0,0,2
controlled-augmentation2-mac-m4-aug05|smoke|fashion_mnist|smoke,0,0,0,0,0,2
controlled-augmentation2-mac-m4-aug05|smoke|fashion_mnist|smoke,1,1,0.8,0.666666667,1,2
controlled-augmentation2-mac-m4-aug05|smoke|fashion_mnist|smoke,2,2,0,0,0,2
controlled-augmentation2-mac-m4-aug05|smoke|fashion_mnist|smoke,3,3,0,0,0,2
controlled-augmentation2-mac-m4-aug05|smoke|fashion_mnist|smoke,4,4,0,0,0,2
controlled-augmentation2-mac-m4-aug05|smoke|fashion_mnist|smoke,5,5,0,0,0,2
controlled-augmentation2-mac-m4-aug05|smoke|fashion_mnist|smoke,6,6,0.333333333,0.2,1,2
controlled-augmentation2-mac-m4-aug05|smoke|fashion_mnist|smoke,7,7,1,1,1,2
controlled-augmentation2-mac-m4-aug05|smoke|fashion_mnist|smoke,8,8,0.666666667,1,0.5,2
controlled-augmentation2-mac-m4-aug05|smoke|fashion_mnist|smoke,9,9,0.8,0.666666667,1,2
controlled-augmentation2-mac-m4-aug05|smoke|fer2013|smoke,0,angry,0,0,0,2
controlled-augmentation2-mac-m4-aug05|smoke|fer2013|smoke,1,disgust,0,0,0,2
controlled-augmentation2-mac-m4-aug05|smoke|fer2013|smoke,2,fear,0,0,0,2
controlled-augmentation2-mac-m4-aug05|smoke|fer2013|smoke,3,happy,0.666666667,0.5,1,2
controlled-augmentation2-mac-m4-aug05|smoke|fer2013|smoke,4,sad,0,0,0,2
controlled-augmentation2-mac-m4-aug05|smoke|fer2013|smoke,5,surprise,0,0,0,2
controlled-augmentation2-mac-m4-aug05|smoke|fer2013|smoke,6,neutral,0,0,0,2
controlled-augmentation2-mac-m4-aug05|smoke|gtsrb|smoke,0,0,0,0,0,2
controlled-augmentation2-mac-m4-aug05|smoke|gtsrb|smoke,1,1,0,0,0,2
controlled-augmentation2-mac-m4-aug05|smoke|gtsrb|smoke,10,10,0,0,0,2
controlled-augmentation2-mac-m4-aug05|smoke|gtsrb|smoke,11,11,0,0,0,2
controlled-augmentation2-mac-m4-aug05|smoke|gtsrb|smoke,12,12,0,0,0,2
controlled-augmentation2-mac-m4-aug05|smoke|gtsrb|smoke,13,13,0,0,0,2
controlled-augmentation2-mac-m4-aug05|smoke|gtsrb|smoke,14,14,0,0,0,2
controlled-augmentation2-mac-m4-aug05|smoke|gtsrb|smoke,15,15,0,0,0,2
controlled-augmentation2-mac-m4-aug05|smoke|gtsrb|smoke,16,16,0,0,0,2
controlled-augmentation2-mac-m4-aug05|smoke|gtsrb|smoke,17,17,0,0,0,2
controlled-augmentation2-mac-m4-aug05|smoke|gtsrb|smoke,18,18,0,0,0,2
controlled-augmentation2-mac-m4-aug05|smoke|gtsrb|smoke,19,19,0,0,0,2
controlled-augmentation2-mac-m4-aug05|smoke|gtsrb|smoke,2,2,0.4,0.333333333,0.5,2
controlled-augmentation2-mac-m4-aug05|smoke|gtsrb|smoke,20,20,0,0,0,2
controlled-augmentation2-mac-m4-aug05|smoke|gtsrb|smoke,21,21,0,0,0,2
controlled-augmentation2-mac-m4-aug05|smoke|gtsrb|smoke,22,22,0,0,0,2
controlled-augmentation2-mac-m4-aug05|smoke|gtsrb|smoke,23,23,0,0,0,2
controlled-augmentation2-mac-m4-aug05|smoke|gtsrb|smoke,24,24,0,0,0,2
controlled-augmentation2-mac-m4-aug05|smoke|gtsrb|smoke,25,25,0,0,0,2
controlled-augmentation2-mac-m4-aug05|smoke|gtsrb|smoke,26,26,0,0,0,2
controlled-augmentation2-mac-m4-aug05|smoke|gtsrb|smoke,27,27,0,0,0,2
controlled-augmentation2-mac-m4-aug05|smoke|gtsrb|smoke,28,28,0,0,0,2
controlled-augmentation2-mac-m4-aug05|smoke|gtsrb|smoke,29,29,0.222222222,0.125,1,2
controlled-augmentation2-mac-m4-aug05|smoke|gtsrb|smoke,3,3,0,0,0,2
controlled-augmentation2-mac-m4-aug05|smoke|gtsrb|smoke,30,30,0,0,0,2
controlled-augmentation2-mac-m4-aug05|smoke|gtsrb|smoke,31,31,0,0,0,2
controlled-augmentation2-mac-m4-aug05|smoke|gtsrb|smoke,32,32,0,0,0,2
controlled-augmentation2-mac-m4-aug05|smoke|gtsrb|smoke,33,33,0,0,0,2
controlled-augmentation2-mac-m4-aug05|smoke|gtsrb|smoke,34,34,0,0,0,2
controlled-augmentation2-mac-m4-aug05|smoke|gtsrb|smoke,35,35,0,0,0,2
controlled-augmentation2-mac-m4-aug05|smoke|gtsrb|smoke,36,36,0,0,0,2
controlled-augmentation2-mac-m4-aug05|smoke|gtsrb|smoke,37,37,0,0,0,2
controlled-augmentation2-mac-m4-aug05|smoke|gtsrb|smoke,38,38,0,0,0,2
controlled-augmentation2-mac-m4-aug05|smoke|gtsrb|smoke,39,39,0,0,0,2
controlled-augmentation2-mac-m4-aug05|smoke|gtsrb|smoke,4,4,0,0,0,2
controlled-augmentation2-mac-m4-aug05|smoke|gtsrb|smoke,40,40,0,0,0,2
controlled-augmentation2-mac-m4-aug05|smoke|gtsrb|smoke,41,41,0,0,0,2
controlled-augmentation2-mac-m4-aug05|smoke|gtsrb|smoke,42,42,0,0,0,2
controlled-augmentation2-mac-m4-aug05|smoke|gtsrb|smoke,5,5,0,0,0,2
controlled-augmentation2-mac-m4-aug05|smoke|gtsrb|smoke,6,6,0,0,0,2
controlled-augmentation2-mac-m4-aug05|smoke|gtsrb|smoke,7,7,0,0,0,2
controlled-augmentation2-mac-m4-aug05|smoke|gtsrb|smoke,8,8,0,0,0,2
controlled-augmentation2-mac-m4-aug05|smoke|gtsrb|smoke,9,9,0,0,0,2
controlled-augmentation2-mac-m4-aug05|smoke|kmnist|smoke,0,0,0,0,0,2
controlled-augmentation2-mac-m4-aug05|smoke|kmnist|smoke,1,1,0,0,0,2
controlled-augmentation2-mac-m4-aug05|smoke|kmnist|smoke,2,2,0,0,0,2
controlled-augmentation2-mac-m4-aug05|smoke|kmnist|smoke,3,3,0.4,0.25,1,2
controlled-augmentation2-mac-m4-aug05|smoke|kmnist|smoke,4,4,0,0,0,2
controlled-augmentation2-mac-m4-aug05|smoke|kmnist|smoke,5,5,0,0,0,2
controlled-augmentation2-mac-m4-aug05|smoke|kmnist|smoke,6,6,0.4,0.25,1,2
controlled-augmentation2-mac-m4-aug05|smoke|kmnist|smoke,7,7,0,0,0,2
controlled-augmentation2-mac-m4-aug05|smoke|kmnist|smoke,8,8,0,0,0,2
controlled-augmentation2-mac-m4-aug05|smoke|kmnist|smoke,9,9,0,0,0,2
controlled-augmentation2-mac-m4-aug05|smoke|mnist|smoke,0,0,0,0,0,2
controlled-augmentation2-mac-m4-aug05|smoke|mnist|smoke,1,1,0.8,0.666666667,1,2
controlled-augmentation2-mac-m4-aug05|smoke|mnist|smoke,2,2,0,0,0,2
controlled-augmentation2-mac-m4-aug05|smoke|mnist|smoke,3,3,0.5,0.5,0.5,2
controlled-augmentation2-mac-m4-aug05|smoke|mnist|smoke,4,4,0,0,0,2
controlled-augmentation2-mac-m4-aug05|smoke|mnist|smoke,5,5,0,0,0,2
controlled-augmentation2-mac-m4-aug05|smoke|mnist|smoke,6,6,0.307692308,0.181818182,1,2
controlled-augmentation2-mac-m4-aug05|smoke|mnist|smoke,7,7,0,0,0,2
controlled-augmentation2-mac-m4-aug05|smoke|mnist|smoke,8,8,0,0,0,2
controlled-augmentation2-mac-m4-aug05|smoke|mnist|smoke,9,9,0.4,0.333333333,0.5,2
controlled-augmentation2-mac-m4-aug05|smoke|svhn|smoke,0,0,0,0,0,2
controlled-augmentation2-mac-m4-aug05|smoke|svhn|smoke,1,1,0.5,0.5,0.5,2
controlled-augmentation2-mac-m4-aug05|smoke|svhn|smoke,2,2,0,0,0,2
controlled-augmentation2-mac-m4-aug05|smoke|svhn|smoke,3,3,0.285714286,0.2,0.5,2
controlled-augmentation2-mac-m4-aug05|smoke|svhn|smoke,4,4,0,0,0,2
controlled-augmentation2-mac-m4-aug05|smoke|svhn|smoke,5,5,0,0,0,2
controlled-augmentation2-mac-m4-aug05|smoke|svhn|smoke,6,6,0,0,0,2
controlled-augmentation2-mac-m4-aug05|smoke|svhn|smoke,7,7,0,0,0,2
controlled-augmentation2-mac-m4-aug05|smoke|svhn|smoke,8,8,0,0,0,2
controlled-augmentation2-mac-m4-aug05|smoke|svhn|smoke,9,9,0,0,0,2
controlled-augmentation05-activations-mac2|activations|cifar10|relu,0,airplane,0.667394866,0.656283566,0.678888889,900
controlled-augmentation05-activations-mac2|activations|cifar10|relu,1,automobile,0.733482643,0.739277652,0.727777778,900
controlled-augmentation05-activations-mac2|activations|cifar10|relu,2,bird,0.452173913,0.568067227,0.375555556,900
controlled-augmentation05-activations-mac2|activations|cifar10|relu,3,cat,0.246153846,0.361290323,0.186666667,900
controlled-augmentation05-activations-mac2|activations|cifar10|relu,4,deer,0.463991204,0.459194777,0.468888889,900
controlled-augmentation05-activations-mac2|activations|cifar10|relu,5,dog,0.49624866,0.479296066,0.514444444,900
controlled-augmentation05-activations-mac2|activations|cifar10|relu,6,frog,0.665102639,0.704347826,0.63,900
controlled-augmentation05-activations-mac2|activations|cifar10|relu,7,horse,0.686476653,0.755674232,0.628888889,900
controlled-augmentation05-activations-mac2|activations|cifar10|relu,8,ship,0.753246753,0.803526448,0.708888889,900
controlled-augmentation05-activations-mac2|activations|cifar10|relu,9,truck,0.480286738,0.354497354,0.744444444,900
controlled-augmentation05-activations-mac2|activations|cifar10|sigmoid,0,airplane,0.714285714,0.706521739,0.722222222,900
controlled-augmentation05-activations-mac2|activations|cifar10|sigmoid,1,automobile,0.760793466,0.800982801,0.724444444,900
controlled-augmentation05-activations-mac2|activations|cifar10|sigmoid,2,bird,0.511330622,0.53593179,0.488888889,900
controlled-augmentation05-activations-mac2|activations|cifar10|sigmoid,3,cat,0.415322581,0.380073801,0.457777778,900
controlled-augmentation05-activations-mac2|activations|cifar10|sigmoid,4,deer,0.583582984,0.633289987,0.541111111,900
controlled-augmentation05-activations-mac2|activations|cifar10|sigmoid,5,dog,0.496537027,0.476970317,0.517777778,900
controlled-augmentation05-activations-mac2|activations|cifar10|sigmoid,6,frog,0.696303696,0.632486388,0.774444444,900
controlled-augmentation05-activations-mac2|activations|cifar10|sigmoid,7,horse,0.686945501,0.799410029,0.602222222,900
controlled-augmentation05-activations-mac2|activations|cifar10|sigmoid,8,ship,0.79954955,0.810502283,0.788888889,900
controlled-augmentation05-activations-mac2|activations|cifar10|sigmoid,9,truck,0.725121033,0.702815433,0.748888889,900
controlled-augmentation05-activations-mac2|activations|cifar10|softmax,0,airplane,0.181818182,0.1,1,900
controlled-augmentation05-activations-mac2|activations|cifar10|softmax,1,automobile,0,0,0,900
controlled-augmentation05-activations-mac2|activations|cifar10|softmax,2,bird,0,0,0,900
controlled-augmentation05-activations-mac2|activations|cifar10|softmax,3,cat,0,0,0,900
controlled-augmentation05-activations-mac2|activations|cifar10|softmax,4,deer,0,0,0,900
controlled-augmentation05-activations-mac2|activations|cifar10|softmax,5,dog,0,0,0,900
controlled-augmentation05-activations-mac2|activations|cifar10|softmax,6,frog,0,0,0,900
controlled-augmentation05-activations-mac2|activations|cifar10|softmax,7,horse,0,0,0,900
controlled-augmentation05-activations-mac2|activations|cifar10|softmax,8,ship,0,0,0,900
controlled-augmentation05-activations-mac2|activations|cifar10|softmax,9,truck,0,0,0,900
controlled-augmentation05-activations-mac2|activations|cifar100_coarse|relu,0,aquatic_mammals,0.287461774,0.460784314,0.208888889,450
controlled-augmentation05-activations-mac2|activations|cifar100_coarse|relu,1,fish,0.327653997,0.399361022,0.277777778,450
controlled-augmentation05-activations-mac2|activations|cifar100_coarse|relu,10,large_natural_outdoor_scenes,0.542728636,0.834101382,0.402222222,450
controlled-augmentation05-activations-mac2|activations|cifar100_coarse|relu,11,large_omnivores_and_herbivores,0.0970266041,0.164021164,0.0688888889,450
controlled-augmentation05-activations-mac2|activations|cifar100_coarse|relu,12,medium_mammals,0.230912477,0.198717949,0.275555556,450
controlled-augmentation05-activations-mac2|activations|cifar100_coarse|relu,13,non-insect_invertebrates,0,0,0,450
controlled-augmentation05-activations-mac2|activations|cifar100_coarse|relu,14,people,0.446644664,0.442265795,0.451111111,450
controlled-augmentation05-activations-mac2|activations|cifar100_coarse|relu,15,reptiles,0.0043956044,0.2,0.00222222222,450
controlled-augmentation05-activations-mac2|activations|cifar100_coarse|relu,16,small_mammals,0,0,0,450
controlled-augmentation05-activations-mac2|activations|cifar100_coarse|relu,17,trees,0.680161943,0.865979381,0.56,450
controlled-augmentation05-activations-mac2|activations|cifar100_coarse|relu,18,vehicles_1,0.366161616,0.423976608,0.322222222,450
controlled-augmentation05-activations-mac2|activations|cifar100_coarse|relu,19,vehicles_2,0.335832084,0.516129032,0.248888889,450
controlled-augmentation05-activations-mac2|activations|cifar100_coarse|relu,2,flowers,0.582245431,0.705696203,0.495555556,450
controlled-augmentation05-activations-mac2|activations|cifar100_coarse|relu,3,food_containers,0.362857143,0.508,0.282222222,450
controlled-augmentation05-activations-mac2|activations|cifar100_coarse|relu,4,fruit_and_vegetables,0.225481978,0.138946281,0.597777778,450
controlled-augmentation05-activations-mac2|activations|cifar100_coarse|relu,5,household_electrical_devices,0.206896552,0.396226415,0.14,450
controlled-augmentation05-activations-mac2|activations|cifar100_coarse|relu,6,household_furniture,0.203662349,0.1274455,0.506666667,450
controlled-augmentation05-activations-mac2|activations|cifar100_coarse|relu,7,insects,0.330373002,0.275147929,0.413333333,450
controlled-augmentation05-activations-mac2|activations|cifar100_coarse|relu,8,large_carnivores,0.235171696,0.221135029,0.251111111,450
controlled-augmentation05-activations-mac2|activations|cifar100_coarse|relu,9,large_man-made_outdoor_things,0.529968454,0.502994012,0.56,450
controlled-augmentation05-activations-mac2|activations|cifar100_coarse|sigmoid,0,aquatic_mammals,0.326647564,0.459677419,0.253333333,450
controlled-augmentation05-activations-mac2|activations|cifar100_coarse|sigmoid,1,fish,0.304761905,0.392982456,0.248888889,450
controlled-augmentation05-activations-mac2|activations|cifar100_coarse|sigmoid,10,large_natural_outdoor_scenes,0.640192539,0.69816273,0.591111111,450
controlled-augmentation05-activations-mac2|activations|cifar100_coarse|sigmoid,11,large_omnivores_and_herbivores,0.308203991,0.307522124,0.308888889,450
controlled-augmentation05-activations-mac2|activations|cifar100_coarse|sigmoid,12,medium_mammals,0.218390805,0.191919192,0.253333333,450
controlled-augmentation05-activations-mac2|activations|cifar100_coarse|sigmoid,13,non-insect_invertebrates,0.0604982206,0.151785714,0.0377777778,450
controlled-augmentation05-activations-mac2|activations|cifar100_coarse|sigmoid,14,people,0.431836091,0.334554335,0.608888889,450
controlled-augmentation05-activations-mac2|activations|cifar100_coarse|sigmoid,15,reptiles,0.0431654676,0.113207547,0.0266666667,450
controlled-augmentation05-activations-mac2|activations|cifar100_coarse|sigmoid,16,small_mammals,0.0868385346,0.111498258,0.0711111111,450
controlled-augmentation05-activations-mac2|activations|cifar100_coarse|sigmoid,17,trees,0.697566628,0.728813559,0.668888889,450
controlled-augmentation05-activations-mac2|activations|cifar100_coarse|sigmoid,18,vehicles_1,0.381176471,0.405,0.36,450
controlled-augmentation05-activations-mac2|activations|cifar100_coarse|sigmoid,19,vehicles_2,0.326947637,0.384384384,0.284444444,450
controlled-augmentation05-activations-mac2|activations|cifar100_coarse|sigmoid,2,flowers,0.657115568,0.576214405,0.764444444,450
controlled-augmentation05-activations-mac2|activations|cifar100_coarse|sigmoid,3,food_containers,0.319066148,0.38317757,0.273333333,450
controlled-augmentation05-activations-mac2|activations|cifar100_coarse|sigmoid,4,fruit_and_vegetables,0.419753086,0.424036281,0.415555556,450
controlled-augmentation05-activations-mac2|activations|cifar100_coarse|sigmoid,5,household_electrical_devices,0.265251989,0.328947368,0.222222222,450
controlled-augmentation05-activations-mac2|activations|cifar100_coarse|sigmoid,6,household_furniture,0.301075269,0.239789196,0.404444444,450
controlled-augmentation05-activations-mac2|activations|cifar100_coarse|sigmoid,7,insects,0.413793103,0.356340289,0.493333333,450
controlled-augmentation05-activations-mac2|activations|cifar100_coarse|sigmoid,8,large_carnivores,0.284057971,0.210752688,0.435555556,450
controlled-augmentation05-activations-mac2|activations|cifar100_coarse|sigmoid,9,large_man-made_outdoor_things,0.516746411,0.453781513,0.6,450
controlled-augmentation05-activations-mac2|activations|cifar100_coarse|softmax,0,aquatic_mammals,0,0,0,450
controlled-augmentation05-activations-mac2|activations|cifar100_coarse|softmax,1,fish,0.0952380952,0.05,1,450
controlled-augmentation05-activations-mac2|activations|cifar100_coarse|softmax,10,large_natural_outdoor_scenes,0,0,0,450
controlled-augmentation05-activations-mac2|activations|cifar100_coarse|softmax,11,large_omnivores_and_herbivores,0,0,0,450
controlled-augmentation05-activations-mac2|activations|cifar100_coarse|softmax,12,medium_mammals,0,0,0,450
controlled-augmentation05-activations-mac2|activations|cifar100_coarse|softmax,13,non-insect_invertebrates,0,0,0,450
controlled-augmentation05-activations-mac2|activations|cifar100_coarse|softmax,14,people,0,0,0,450
controlled-augmentation05-activations-mac2|activations|cifar100_coarse|softmax,15,reptiles,0,0,0,450
controlled-augmentation05-activations-mac2|activations|cifar100_coarse|softmax,16,small_mammals,0,0,0,450
controlled-augmentation05-activations-mac2|activations|cifar100_coarse|softmax,17,trees,0,0,0,450
controlled-augmentation05-activations-mac2|activations|cifar100_coarse|softmax,18,vehicles_1,0,0,0,450
controlled-augmentation05-activations-mac2|activations|cifar100_coarse|softmax,19,vehicles_2,0,0,0,450
controlled-augmentation05-activations-mac2|activations|cifar100_coarse|softmax,2,flowers,0,0,0,450
controlled-augmentation05-activations-mac2|activations|cifar100_coarse|softmax,3,food_containers,0,0,0,450
controlled-augmentation05-activations-mac2|activations|cifar100_coarse|softmax,4,fruit_and_vegetables,0,0,0,450
controlled-augmentation05-activations-mac2|activations|cifar100_coarse|softmax,5,household_electrical_devices,0,0,0,450
controlled-augmentation05-activations-mac2|activations|cifar100_coarse|softmax,6,household_furniture,0,0,0,450
controlled-augmentation05-activations-mac2|activations|cifar100_coarse|softmax,7,insects,0,0,0,450
controlled-augmentation05-activations-mac2|activations|cifar100_coarse|softmax,8,large_carnivores,0,0,0,450
controlled-augmentation05-activations-mac2|activations|cifar100_coarse|softmax,9,large_man-made_outdoor_things,0,0,0,450
controlled-augmentation05-activations-mac2|activations|emnist_balanced|relu,0,0,0.672879776,0.552833078,0.85952381,420
controlled-augmentation05-activations-mac2|activations|emnist_balanced|relu,1,1,0.623800384,0.522508039,0.773809524,420
controlled-augmentation05-activations-mac2|activations|emnist_balanced|relu,10,10,0.935300795,0.893709328,0.980952381,420
controlled-augmentation05-activations-mac2|activations|emnist_balanced|relu,11,11,0.914765906,0.92251816,0.907142857,420
controlled-augmentation05-activations-mac2|activations|emnist_balanced|relu,12,12,0.919908467,0.885462555,0.957142857,420
controlled-augmentation05-activations-mac2|activations|emnist_balanced|relu,13,13,0.899149453,0.918114144,0.880952381,420
controlled-augmentation05-activations-mac2|activations|emnist_balanced|relu,14,14,0.959509202,0.989873418,0.930952381,420
controlled-augmentation05-activations-mac2|activations|emnist_balanced|relu,15,15,0.626538988,0.736334405,0.545238095,420
controlled-augmentation05-activations-mac2|activations|emnist_balanced|relu,16,16,0.89382716,0.928205128,0.861904762,420
controlled-augmentation05-activations-mac2|activations|emnist_balanced|relu,17,17,0.964622642,0.955607477,0.973809524,420
controlled-augmentation05-activations-mac2|activations|emnist_balanced|relu,18,18,0.688487585,0.654506438,0.726190476,420
controlled-augmentation05-activations-mac2|activations|emnist_balanced|relu,19,19,0.870925684,0.962536023,0.795238095,420
controlled-augmentation05-activations-mac2|activations|emnist_balanced|relu,2,2,0.862650602,0.873170732,0.852380952,420
controlled-augmentation05-activations-mac2|activations|emnist_balanced|relu,20,20,0.963313609,0.957647059,0.969047619,420
controlled-augmentation05-activations-mac2|activations|emnist_balanced|relu,21,21,0.430420712,0.671717172,0.316666667,420
controlled-augmentation05-activations-mac2|activations|emnist_balanced|relu,22,22,0.963400236,0.955503513,0.971428571,420
controlled-augmentation05-activations-mac2|activations|emnist_balanced|relu,23,23,0.918069585,0.86836518,0.973809524,420
controlled-augmentation05-activations-mac2|activations|emnist_balanced|relu,24,24,0.535127055,0.718875502,0.426190476,420
controlled-augmentation05-activations-mac2|activations|emnist_balanced|relu,25,25,0.892193309,0.930232558,0.857142857,420
controlled-augmentation05-activations-mac2|activations|emnist_balanced|relu,26,26,0.913093859,0.889390519,0.938095238,420
controlled-augmentation05-activations-mac2|activations|emnist_balanced|relu,27,27,0.953271028,0.935779817,0.971428571,420
controlled-augmentation05-activations-mac2|activations|emnist_balanced|relu,28,28,0.837569061,0.781443299,0.902380952,420
controlled-augmentation05-activations-mac2|activations|emnist_balanced|relu,29,29,0.927765237,0.881974249,0.978571429,420
controlled-augmentation05-activations-mac2|activations|emnist_balanced|relu,3,3,0.935153584,0.895424837,0.978571429,420
controlled-augmentation05-activations-mac2|activations|emnist_balanced|relu,30,30,0.910429448,0.939240506,0.883333333,420
controlled-augmentation05-activations-mac2|activations|emnist_balanced|relu,31,31,0.916666667,0.86965812,0.969047619,420
controlled-augmentation05-activations-mac2|activations|emnist_balanced|relu,32,32,0.99047619,0.99047619,0.99047619,420
controlled-augmentation05-activations-mac2|activations|emnist_balanced|relu,33,33,0.963486455,0.953379953,0.973809524,420
controlled-augmentation05-activations-mac2|activations|emnist_balanced|relu,34,34,0.899014778,0.931122449,0.869047619,420
controlled-augmentation05-activations-mac2|activations|emnist_balanced|relu,35,35,0.85583524,0.823788546,0.89047619,420
controlled-augmentation05-activations-mac2|activations|emnist_balanced|relu,36,36,0.852130326,0.899470899,0.80952381,420
controlled-augmentation05-activations-mac2|activations|emnist_balanced|relu,37,37,0.845265589,0.820627803,0.871428571,420
controlled-augmentation05-activations-mac2|activations|emnist_balanced|relu,38,38,0.856423174,0.909090909,0.80952381,420
controlled-augmentation05-activations-mac2|activations|emnist_balanced|relu,39,39,0.935064935,0.927400468,0.942857143,420
controlled-augmentation05-activations-mac2|activations|emnist_balanced|relu,4,4,0.918918919,0.949238579,0.89047619,420
controlled-augmentation05-activations-mac2|activations|emnist_balanced|relu,40,40,0.700106724,0.6344294,0.780952381,420
controlled-augmentation05-activations-mac2|activations|emnist_balanced|relu,41,41,0.559463987,0.943502825,0.397619048,420
controlled-augmentation05-activations-mac2|activations|emnist_balanced|relu,42,42,0.94993895,0.974937343,0.926190476,420
controlled-augmentation05-activations-mac2|activations|emnist_balanced|relu,43,43,0.92173913,0.963636364,0.883333333,420
controlled-augmentation05-activations-mac2|activations|emnist_balanced|relu,44,44,0.441269841,0.661904762,0.330952381,420
controlled-augmentation05-activations-mac2|activations|emnist_balanced|relu,45,45,0.9375,0.946601942,0.928571429,420
controlled-augmentation05-activations-mac2|activations|emnist_balanced|relu,46,46,0.899378882,0.94025974,0.861904762,420
controlled-augmentation05-activations-mac2|activations|emnist_balanced|relu,5,5,0.879689521,0.963172805,0.80952381,420
controlled-augmentation05-activations-mac2|activations|emnist_balanced|relu,6,6,0.911214953,0.894495413,0.928571429,420
controlled-augmentation05-activations-mac2|activations|emnist_balanced|relu,7,7,0.93824228,0.936018957,0.94047619,420
controlled-augmentation05-activations-mac2|activations|emnist_balanced|relu,8,8,0.796135266,0.669918699,0.980952381,420
controlled-augmentation05-activations-mac2|activations|emnist_balanced|relu,9,9,0.695246971,0.571209801,0.888095238,420
controlled-augmentation05-activations-mac2|activations|emnist_balanced|sigmoid,0,0,0.664399093,0.634199134,0.697619048,420
controlled-augmentation05-activations-mac2|activations|emnist_balanced|sigmoid,1,1,0.628828829,0.505797101,0.830952381,420
controlled-augmentation05-activations-mac2|activations|emnist_balanced|sigmoid,10,10,0.934104046,0.907865169,0.961904762,420
controlled-augmentation05-activations-mac2|activations|emnist_balanced|sigmoid,11,11,0.910628019,0.924019608,0.897619048,420
controlled-augmentation05-activations-mac2|activations|emnist_balanced|sigmoid,12,12,0.955899881,0.957040573,0.954761905,420
controlled-augmentation05-activations-mac2|activations|emnist_balanced|sigmoid,13,13,0.899884925,0.870824053,0.930952381,420
controlled-augmentation05-activations-mac2|activations|emnist_balanced|sigmoid,14,14,0.93844367,0.916099773,0.961904762,420
controlled-augmentation05-activations-mac2|activations|emnist_balanced|sigmoid,15,15,0.60982659,0.775735294,0.502380952,420
controlled-augmentation05-activations-mac2|activations|emnist_balanced|sigmoid,16,16,0.898929845,0.897862233,0.9,420
controlled-augmentation05-activations-mac2|activations|emnist_balanced|sigmoid,17,17,0.955813953,0.934090909,0.978571429,420
controlled-augmentation05-activations-mac2|activations|emnist_balanced|sigmoid,18,18,0.679458239,0.645922747,0.716666667,420
controlled-augmentation05-activations-mac2|activations|emnist_balanced|sigmoid,19,19,0.888622754,0.893975904,0.883333333,420
controlled-augmentation05-activations-mac2|activations|emnist_balanced|sigmoid,2,2,0.863979849,0.917112299,0.816666667,420
controlled-augmentation05-activations-mac2|activations|emnist_balanced|sigmoid,20,20,0.954545455,0.959134615,0.95,420
controlled-augmentation05-activations-mac2|activations|emnist_balanced|sigmoid,21,21,0.367567568,0.755555556,0.242857143,420
controlled-augmentation05-activations-mac2|activations|emnist_balanced|sigmoid,22,22,0.963680387,0.980295567,0.947619048,420
controlled-augmentation05-activations-mac2|activations|emnist_balanced|sigmoid,23,23,0.912797282,0.870410367,0.95952381,420
controlled-augmentation05-activations-mac2|activations|emnist_balanced|sigmoid,24,24,0.641848524,0.69637883,0.595238095,420
controlled-augmentation05-activations-mac2|activations|emnist_balanced|sigmoid,25,25,0.842840512,0.824601367,0.861904762,420
controlled-augmentation05-activations-mac2|activations|emnist_balanced|sigmoid,26,26,0.914841849,0.935323383,0.895238095,420
controlled-augmentation05-activations-mac2|activations|emnist_balanced|sigmoid,27,27,0.948502994,0.954216867,0.942857143,420
controlled-augmentation05-activations-mac2|activations|emnist_balanced|sigmoid,28,28,0.831228473,0.802660754,0.861904762,420
controlled-augmentation05-activations-mac2|activations|emnist_balanced|sigmoid,29,29,0.944572748,0.917040359,0.973809524,420
controlled-augmentation05-activations-mac2|activations|emnist_balanced|sigmoid,3,3,0.93270366,0.925058548,0.94047619,420
controlled-augmentation05-activations-mac2|activations|emnist_balanced|sigmoid,30,30,0.896551724,0.895486936,0.897619048,420
controlled-augmentation05-activations-mac2|activations|emnist_balanced|sigmoid,31,31,0.931764706,0.920930233,0.942857143,420
controlled-augmentation05-activations-mac2|activations|emnist_balanced|sigmoid,32,32,0.979640719,0.985542169,0.973809524,420
controlled-augmentation05-activations-mac2|activations|emnist_balanced|sigmoid,33,33,0.957040573,0.959330144,0.954761905,420
controlled-augmentation05-activations-mac2|activations|emnist_balanced|sigmoid,34,34,0.884422111,0.936170213,0.838095238,420
controlled-augmentation05-activations-mac2|activations|emnist_balanced|sigmoid,35,35,0.851015801,0.809012876,0.897619048,420
controlled-augmentation05-activations-mac2|activations|emnist_balanced|sigmoid,36,36,0.86407767,0.881188119,0.847619048,420
controlled-augmentation05-activations-mac2|activations|emnist_balanced|sigmoid,37,37,0.869665513,0.843400447,0.897619048,420
controlled-augmentation05-activations-mac2|activations|emnist_balanced|sigmoid,38,38,0.89290012,0.902676399,0.883333333,420
controlled-augmentation05-activations-mac2|activations|emnist_balanced|sigmoid,39,39,0.946135831,0.930875576,0.961904762,420
controlled-augmentation05-activations-mac2|activations|emnist_balanced|sigmoid,4,4,0.902050114,0.864628821,0.942857143,420
controlled-augmentation05-activations-mac2|activations|emnist_balanced|sigmoid,40,40,0.698574338,0.610320285,0.816666667,420
controlled-augmentation05-activations-mac2|activations|emnist_balanced|sigmoid,41,41,0.597667638,0.770676692,0.488095238,420
controlled-augmentation05-activations-mac2|activations|emnist_balanced|sigmoid,42,42,0.93824228,0.936018957,0.94047619,420
controlled-augmentation05-activations-mac2|activations|emnist_balanced|sigmoid,43,43,0.920987654,0.956410256,0.888095238,420
controlled-augmentation05-activations-mac2|activations|emnist_balanced|sigmoid,44,44,0.549237171,0.657807309,0.471428571,420
controlled-augmentation05-activations-mac2|activations|emnist_balanced|sigmoid,45,45,0.929095355,0.954773869,0.904761905,420
controlled-augmentation05-activations-mac2|activations|emnist_balanced|sigmoid,46,46,0.903846154,0.912621359,0.895238095,420
controlled-augmentation05-activations-mac2|activations|emnist_balanced|sigmoid,5,5,0.873929009,0.899244332,0.85,420
controlled-augmentation05-activations-mac2|activations|emnist_balanced|sigmoid,6,6,0.910866911,0.934837093,0.888095238,420
controlled-augmentation05-activations-mac2|activations|emnist_balanced|sigmoid,7,7,0.948004837,0.963144963,0.933333333,420
controlled-augmentation05-activations-mac2|activations|emnist_balanced|sigmoid,8,8,0.879249707,0.866050808,0.892857143,420
controlled-augmentation05-activations-mac2|activations|emnist_balanced|sigmoid,9,9,0.707364341,0.596405229,0.869047619,420
controlled-augmentation05-activations-mac2|activations|emnist_balanced|softmax,0,0,0,0,0,420
controlled-augmentation05-activations-mac2|activations|emnist_balanced|softmax,1,1,0,0,0,420
controlled-augmentation05-activations-mac2|activations|emnist_balanced|softmax,10,10,0,0,0,420
controlled-augmentation05-activations-mac2|activations|emnist_balanced|softmax,11,11,0,0,0,420
controlled-augmentation05-activations-mac2|activations|emnist_balanced|softmax,12,12,0,0,0,420
controlled-augmentation05-activations-mac2|activations|emnist_balanced|softmax,13,13,0,0,0,420
controlled-augmentation05-activations-mac2|activations|emnist_balanced|softmax,14,14,0,0,0,420
controlled-augmentation05-activations-mac2|activations|emnist_balanced|softmax,15,15,0,0,0,420
controlled-augmentation05-activations-mac2|activations|emnist_balanced|softmax,16,16,0,0,0,420
controlled-augmentation05-activations-mac2|activations|emnist_balanced|softmax,17,17,0,0,0,420
controlled-augmentation05-activations-mac2|activations|emnist_balanced|softmax,18,18,0,0,0,420
controlled-augmentation05-activations-mac2|activations|emnist_balanced|softmax,19,19,0,0,0,420
controlled-augmentation05-activations-mac2|activations|emnist_balanced|softmax,2,2,0,0,0,420
controlled-augmentation05-activations-mac2|activations|emnist_balanced|softmax,20,20,0,0,0,420
controlled-augmentation05-activations-mac2|activations|emnist_balanced|softmax,21,21,0,0,0,420
controlled-augmentation05-activations-mac2|activations|emnist_balanced|softmax,22,22,0,0,0,420
controlled-augmentation05-activations-mac2|activations|emnist_balanced|softmax,23,23,0,0,0,420
controlled-augmentation05-activations-mac2|activations|emnist_balanced|softmax,24,24,0,0,0,420
controlled-augmentation05-activations-mac2|activations|emnist_balanced|softmax,25,25,0,0,0,420
controlled-augmentation05-activations-mac2|activations|emnist_balanced|softmax,26,26,0,0,0,420
controlled-augmentation05-activations-mac2|activations|emnist_balanced|softmax,27,27,0,0,0,420
controlled-augmentation05-activations-mac2|activations|emnist_balanced|softmax,28,28,0,0,0,420
controlled-augmentation05-activations-mac2|activations|emnist_balanced|softmax,29,29,0,0,0,420
controlled-augmentation05-activations-mac2|activations|emnist_balanced|softmax,3,3,0,0,0,420
controlled-augmentation05-activations-mac2|activations|emnist_balanced|softmax,30,30,0,0,0,420
controlled-augmentation05-activations-mac2|activations|emnist_balanced|softmax,31,31,0,0,0,420
controlled-augmentation05-activations-mac2|activations|emnist_balanced|softmax,32,32,0,0,0,420
controlled-augmentation05-activations-mac2|activations|emnist_balanced|softmax,33,33,0,0,0,420
controlled-augmentation05-activations-mac2|activations|emnist_balanced|softmax,34,34,0,0,0,420
controlled-augmentation05-activations-mac2|activations|emnist_balanced|softmax,35,35,0,0,0,420
controlled-augmentation05-activations-mac2|activations|emnist_balanced|softmax,36,36,0,0,0,420
controlled-augmentation05-activations-mac2|activations|emnist_balanced|softmax,37,37,0,0,0,420
controlled-augmentation05-activations-mac2|activations|emnist_balanced|softmax,38,38,0,0,0,420
controlled-augmentation05-activations-mac2|activations|emnist_balanced|softmax,39,39,0.0416666667,0.0212765957,1,420
controlled-augmentation05-activations-mac2|activations|emnist_balanced|softmax,4,4,0,0,0,420
controlled-augmentation05-activations-mac2|activations|emnist_balanced|softmax,40,40,0,0,0,420
controlled-augmentation05-activations-mac2|activations|emnist_balanced|softmax,41,41,0,0,0,420
controlled-augmentation05-activations-mac2|activations|emnist_balanced|softmax,42,42,0,0,0,420
controlled-augmentation05-activations-mac2|activations|emnist_balanced|softmax,43,43,0,0,0,420
controlled-augmentation05-activations-mac2|activations|emnist_balanced|softmax,44,44,0,0,0,420
controlled-augmentation05-activations-mac2|activations|emnist_balanced|softmax,45,45,0,0,0,420
controlled-augmentation05-activations-mac2|activations|emnist_balanced|softmax,46,46,0,0,0,420
controlled-augmentation05-activations-mac2|activations|emnist_balanced|softmax,5,5,0,0,0,420
controlled-augmentation05-activations-mac2|activations|emnist_balanced|softmax,6,6,0,0,0,420
controlled-augmentation05-activations-mac2|activations|emnist_balanced|softmax,7,7,0,0,0,420
controlled-augmentation05-activations-mac2|activations|emnist_balanced|softmax,8,8,0,0,0,420
controlled-augmentation05-activations-mac2|activations|emnist_balanced|softmax,9,9,0,0,0,420
controlled-augmentation05-activations-mac2|activations|fashion_mnist|relu,0,0,0.797702093,0.700793079,0.925714286,1050
controlled-augmentation05-activations-mac2|activations|fashion_mnist|relu,1,1,0.981348637,0.985590778,0.977142857,1050
controlled-augmentation05-activations-mac2|activations|fashion_mnist|relu,2,2,0.831527094,0.86122449,0.803809524,1050
controlled-augmentation05-activations-mac2|activations|fashion_mnist|relu,3,3,0.896390061,0.882733149,0.91047619,1050
controlled-augmentation05-activations-mac2|activations|fashion_mnist|relu,4,4,0.797640653,0.76169844,0.837142857,1050
controlled-augmentation05-activations-mac2|activations|fashion_mnist|relu,5,5,0.968146718,0.981409002,0.955238095,1050
controlled-augmentation05-activations-mac2|activations|fashion_mnist|relu,6,6,0.608241439,0.778603269,0.499047619,1050
controlled-augmentation05-activations-mac2|activations|fashion_mnist|relu,7,7,0.943628612,0.938737041,0.948571429,1050
controlled-augmentation05-activations-mac2|activations|fashion_mnist|relu,8,8,0.970460048,0.987192118,0.954285714,1050
controlled-augmentation05-activations-mac2|activations|fashion_mnist|relu,9,9,0.955014058,0.9400369,0.97047619,1050
controlled-augmentation05-activations-mac2|activations|fashion_mnist|sigmoid,0,0,0.844803037,0.842005676,0.847619048,1050
controlled-augmentation05-activations-mac2|activations|fashion_mnist|sigmoid,1,1,0.981312889,0.987463838,0.975238095,1050
controlled-augmentation05-activations-mac2|activations|fashion_mnist|sigmoid,2,2,0.851593625,0.892484342,0.814285714,1050
controlled-augmentation05-activations-mac2|activations|fashion_mnist|sigmoid,3,3,0.905463183,0.903317536,0.907619048,1050
controlled-augmentation05-activations-mac2|activations|fashion_mnist|sigmoid,4,4,0.838053097,0.782644628,0.901904762,1050
controlled-augmentation05-activations-mac2|activations|fashion_mnist|sigmoid,5,5,0.968884634,0.974013474,0.963809524,1050
controlled-augmentation05-activations-mac2|activations|fashion_mnist|sigmoid,6,6,0.735452323,0.755778894,0.716190476,1050
controlled-augmentation05-activations-mac2|activations|fashion_mnist|sigmoid,7,7,0.9453125,0.96993988,0.921904762,1050
controlled-augmentation05-activations-mac2|activations|fashion_mnist|sigmoid,8,8,0.980806142,0.988394584,0.973333333,1050
controlled-augmentation05-activations-mac2|activations|fashion_mnist|sigmoid,9,9,0.952468851,0.923903312,0.982857143,1050
controlled-augmentation05-activations-mac2|activations|fashion_mnist|softmax,0,0,0,0,0,1050
controlled-augmentation05-activations-mac2|activations|fashion_mnist|softmax,1,1,0,0,0,1050
controlled-augmentation05-activations-mac2|activations|fashion_mnist|softmax,2,2,0,0,0,1050
controlled-augmentation05-activations-mac2|activations|fashion_mnist|softmax,3,3,0,0,0,1050
controlled-augmentation05-activations-mac2|activations|fashion_mnist|softmax,4,4,0,0,0,1050
controlled-augmentation05-activations-mac2|activations|fashion_mnist|softmax,5,5,0.181818182,0.1,1,1050
controlled-augmentation05-activations-mac2|activations|fashion_mnist|softmax,6,6,0,0,0,1050
controlled-augmentation05-activations-mac2|activations|fashion_mnist|softmax,7,7,0,0,0,1050
controlled-augmentation05-activations-mac2|activations|fashion_mnist|softmax,8,8,0,0,0,1050
controlled-augmentation05-activations-mac2|activations|fashion_mnist|softmax,9,9,0,0,0,1050
controlled-augmentation05-activations-mac2|activations|fer2013|relu,0,angry,0,0,0,743
controlled-augmentation05-activations-mac2|activations|fer2013|relu,1,disgust,0,0,0,82
controlled-augmentation05-activations-mac2|activations|fer2013|relu,2,fear,0.244508118,0.19306184,0.333333333,768
controlled-augmentation05-activations-mac2|activations|fer2013|relu,3,happy,0.681543116,0.695216049,0.668397626,1348
controlled-augmentation05-activations-mac2|activations|fer2013|relu,4,sad,0,0,0,911
controlled-augmentation05-activations-mac2|activations|fer2013|relu,5,surprise,0.57565095,0.49817296,0.681666667,600
controlled-augmentation05-activations-mac2|activations|fer2013|relu,6,neutral,0.421052632,0.311500774,0.649462366,930
controlled-augmentation05-activations-mac2|activations|fer2013|sigmoid,0,angry,0.17721519,0.269972452,0.131897712,743
controlled-augmentation05-activations-mac2|activations|fer2013|sigmoid,1,disgust,0,0,0,82
controlled-augmentation05-activations-mac2|activations|fer2013|sigmoid,2,fear,0.202680067,0.284037559,0.157552083,768
controlled-augmentation05-activations-mac2|activations|fer2013|sigmoid,3,happy,0.746202297,0.745373797,0.747032641,1348
controlled-augmentation05-activations-mac2|activations|fer2013|sigmoid,4,sad,0.39514867,0.306990881,0.554335895,911
controlled-augmentation05-activations-mac2|activations|fer2013|sigmoid,5,surprise,0.644868302,0.708582834,0.591666667,600
controlled-augmentation05-activations-mac2|activations|fer2013|sigmoid,6,neutral,0.461994077,0.427007299,0.503225806,930
controlled-augmentation05-activations-mac2|activations|fer2013|softmax,0,angry,0,0,0,743
controlled-augmentation05-activations-mac2|activations|fer2013|softmax,1,disgust,0,0,0,82
controlled-augmentation05-activations-mac2|activations|fer2013|softmax,2,fear,0,0,0,768
controlled-augmentation05-activations-mac2|activations|fer2013|softmax,3,happy,0.400594354,0.250464511,1,1348
controlled-augmentation05-activations-mac2|activations|fer2013|softmax,4,sad,0,0,0,911
controlled-augmentation05-activations-mac2|activations|fer2013|softmax,5,surprise,0,0,0,600
controlled-augmentation05-activations-mac2|activations|fer2013|softmax,6,neutral,0,0,0,930
controlled-augmentation05-activations-mac2|activations|gtsrb|relu,0,0,0.657534247,0.571428571,0.774193548,31
controlled-augmentation05-activations-mac2|activations|gtsrb|relu,1,1,0.443418014,0.96,0.288288288,333
controlled-augmentation05-activations-mac2|activations|gtsrb|relu,10,10,0.947598253,1,0.900414938,241
controlled-augmentation05-activations-mac2|activations|gtsrb|relu,11,11,0.773006135,0.63,1,63
controlled-augmentation05-activations-mac2|activations|gtsrb|relu,12,12,0.965174129,0.989795918,0.941747573,103
controlled-augmentation05-activations-mac2|activations|gtsrb|relu,13,13,0.995348837,1,0.990740741,108
controlled-augmentation05-activations-mac2|activations|gtsrb|relu,14,14,0.701754386,0.540540541,1,40
controlled-augmentation05-activations-mac2|activations|gtsrb|relu,15,15,0.861111111,0.756097561,1,31
controlled-augmentation05-activations-mac2|activations|gtsrb|relu,16,16,0.897959184,0.814814815,1,22
controlled-augmentation05-activations-mac2|activations|gtsrb|relu,17,17,0.876033058,0.791044776,0.981481481,54
controlled-augmentation05-activations-mac2|activations|gtsrb|relu,18,18,0.897637795,0.826086957,0.982758621,58
controlled-augmentation05-activations-mac2|activations|gtsrb|relu,19,19,0,0,0,9
controlled-augmentation05-activations-mac2|activations|gtsrb|relu,2,2,0.0574712644,0.909090909,0.0296735905,337
controlled-augmentation05-activations-mac2|activations|gtsrb|relu,20,20,0.636363636,0.777777778,0.538461538,13
controlled-augmentation05-activations-mac2|activations|gtsrb|relu,21,21,0.55,0.407407407,0.846153846,13
controlled-augmentation05-activations-mac2|activations|gtsrb|relu,22,22,0.838709677,1,0.722222222,18
controlled-augmentation05-activations-mac2|activations|gtsrb|relu,23,23,0.64,0.571428571,0.727272727,22
controlled-augmentation05-activations-mac2|activations|gtsrb|relu,24,24,0,0,0,13
controlled-augmentation05-activations-mac2|activations|gtsrb|relu,25,25,0.839506173,0.755555556,0.944444444,72
controlled-augmentation05-activations-mac2|activations|gtsrb|relu,26,26,0.709677419,0.628571429,0.814814815,27
controlled-augmentation05-activations-mac2|activations|gtsrb|relu,27,27,0.0725806452,0.0376569038,1,9
controlled-augmentation05-activations-mac2|activations|gtsrb|relu,28,28,0,0,0,22
controlled-augmentation05-activations-mac2|activations|gtsrb|relu,29,29,0,0,0,13
controlled-augmentation05-activations-mac2|activations|gtsrb|relu,3,3,0.598684211,0.978494624,0.431279621,211
controlled-augmentation05-activations-mac2|activations|gtsrb|relu,30,30,0.594594595,0.733333333,0.5,22
controlled-augmentation05-activations-mac2|activations|gtsrb|relu,31,31,0.909090909,0.833333333,1,40
controlled-augmentation05-activations-mac2|activations|gtsrb|relu,32,32,0.666666667,0.533333333,0.888888889,9
controlled-augmentation05-activations-mac2|activations|gtsrb|relu,33,33,0.527272727,0.367088608,0.935483871,31
controlled-augmentation05-activations-mac2|activations|gtsrb|relu,34,34,0.857142857,0.75,1,18
controlled-augmentation05-activations-mac2|activations|gtsrb|relu,35,35,0.873015873,0.808823529,0.948275862,58
controlled-augmentation05-activations-mac2|activations|gtsrb|relu,36,36,0.279069767,0.24,0.333333333,18
controlled-augmentation05-activations-mac2|activations|gtsrb|relu,37,37,0.1,0.0526315789,1,9
controlled-augmentation05-activations-mac2|activations|gtsrb|relu,38,38,0.0377358491,0.666666667,0.0194174757,103
controlled-augmentation05-activations-mac2|activations|gtsrb|relu,39,39,0.177419355,0.0990990991,0.846153846,13
controlled-augmentation05-activations-mac2|activations|gtsrb|relu,4,4,0.954692557,0.919003115,0.993265993,297
controlled-augmentation05-activations-mac2|activations|gtsrb|relu,40,40,0,0,0,13
controlled-augmentation05-activations-mac2|activations|gtsrb|relu,41,41,0.9,0.818181818,1,9
controlled-augmentation05-activations-mac2|activations|gtsrb|relu,42,42,0,0,0,13
controlled-augmentation05-activations-mac2|activations|gtsrb|relu,5,5,0.930320151,0.995967742,0.872791519,283
controlled-augmentation05-activations-mac2|activations|gtsrb|relu,6,6,0.164383562,1,0.0895522388,67
controlled-augmentation05-activations-mac2|activations|gtsrb|relu,7,7,0.971563981,0.971563981,0.971563981,211
controlled-augmentation05-activations-mac2|activations|gtsrb|relu,8,8,0.943209877,0.984536082,0.90521327,211
controlled-augmentation05-activations-mac2|activations|gtsrb|relu,9,9,0.988558352,0.995391705,0.981818182,220
controlled-augmentation05-activations-mac2|activations|gtsrb|sigmoid,0,0,0,0,0,31
controlled-augmentation05-activations-mac2|activations|gtsrb|sigmoid,1,1,0.902234637,0.843342037,0.96996997,333
controlled-augmentation05-activations-mac2|activations|gtsrb|sigmoid,10,10,0.987603306,0.983539095,0.991701245,241
controlled-augmentation05-activations-mac2|activations|gtsrb|sigmoid,11,11,0.553846154,0.537313433,0.571428571,63
controlled-augmentation05-activations-mac2|activations|gtsrb|sigmoid,12,12,0.990384615,0.980952381,1,103
controlled-augmentation05-activations-mac2|activations|gtsrb|sigmoid,13,13,0.985915493,1,0.972222222,108
controlled-augmentation05-activations-mac2|activations|gtsrb|sigmoid,14,14,0.788732394,0.903225806,0.7,40
controlled-augmentation05-activations-mac2|activations|gtsrb|sigmoid,15,15,0.794117647,0.72972973,0.870967742,31
controlled-augmentation05-activations-mac2|activations|gtsrb|sigmoid,16,16,0,0,0,22
controlled-augmentation05-activations-mac2|activations|gtsrb|sigmoid,17,17,0.890756303,0.815384615,0.981481481,54
controlled-augmentation05-activations-mac2|activations|gtsrb|sigmoid,18,18,0.0606060606,0.25,0.0344827586,58
controlled-augmentation05-activations-mac2|activations|gtsrb|sigmoid,19,19,0,0,0,9
controlled-augmentation05-activations-mac2|activations|gtsrb|sigmoid,2,2,0.777017784,0.720812183,0.84272997,337
controlled-augmentation05-activations-mac2|activations|gtsrb|sigmoid,20,20,0,0,0,13
controlled-augmentation05-activations-mac2|activations|gtsrb|sigmoid,21,21,0,0,0,13
controlled-augmentation05-activations-mac2|activations|gtsrb|sigmoid,22,22,0,0,0,18
controlled-augmentation05-activations-mac2|activations|gtsrb|sigmoid,23,23,0.350877193,0.285714286,0.454545455,22
controlled-augmentation05-activations-mac2|activations|gtsrb|sigmoid,24,24,0,0,0,13
controlled-augmentation05-activations-mac2|activations|gtsrb|sigmoid,25,25,0.518518519,0.368421053,0.875,72
controlled-augmentation05-activations-mac2|activations|gtsrb|sigmoid,26,26,0,0,0,27
controlled-augmentation05-activations-mac2|activations|gtsrb|sigmoid,27,27,0,0,0,9
controlled-augmentation05-activations-mac2|activations|gtsrb|sigmoid,28,28,0.230769231,0.75,0.136363636,22
controlled-augmentation05-activations-mac2|activations|gtsrb|sigmoid,29,29,0,0,0,13
controlled-augmentation05-activations-mac2|activations|gtsrb|sigmoid,3,3,0.885245902,0.875,0.895734597,211
controlled-augmentation05-activations-mac2|activations|gtsrb|sigmoid,30,30,0.0833333333,0.5,0.0454545455,22
controlled-augmentation05-activations-mac2|activations|gtsrb|sigmoid,31,31,0.506329114,0.338983051,1,40
controlled-augmentation05-activations-mac2|activations|gtsrb|sigmoid,32,32,0.5,1,0.333333333,9
controlled-augmentation05-activations-mac2|activations|gtsrb|sigmoid,33,33,0.4,0.458333333,0.35483871,31
controlled-augmentation05-activations-mac2|activations|gtsrb|sigmoid,34,34,0.0952380952,0.333333333,0.0555555556,18
controlled-augmentation05-activations-mac2|activations|gtsrb|sigmoid,35,35,0.616352201,0.485148515,0.844827586,58
controlled-augmentation05-activations-mac2|activations|gtsrb|sigmoid,36,36,0.64516129,0.769230769,0.555555556,18
controlled-augmentation05-activations-mac2|activations|gtsrb|sigmoid,37,37,0,0,0,9
controlled-augmentation05-activations-mac2|activations|gtsrb|sigmoid,38,38,0.873362445,0.793650794,0.970873786,103
controlled-augmentation05-activations-mac2|activations|gtsrb|sigmoid,39,39,0,0,0,13
controlled-augmentation05-activations-mac2|activations|gtsrb|sigmoid,4,4,0.977928693,0.98630137,0.96969697,297
controlled-augmentation05-activations-mac2|activations|gtsrb|sigmoid,40,40,0.266666667,1,0.153846154,13
controlled-augmentation05-activations-mac2|activations|gtsrb|sigmoid,41,41,0.941176471,1,0.888888889,9
controlled-augmentation05-activations-mac2|activations|gtsrb|sigmoid,42,42,0.421052632,0.666666667,0.307692308,13
controlled-augmentation05-activations-mac2|activations|gtsrb|sigmoid,5,5,0.660766962,0.567088608,0.791519435,283
controlled-augmentation05-activations-mac2|activations|gtsrb|sigmoid,6,6,0.888888889,0.831168831,0.955223881,67
controlled-augmentation05-activations-mac2|activations|gtsrb|sigmoid,7,7,0.31511254,0.49,0.232227488,211
controlled-augmentation05-activations-mac2|activations|gtsrb|sigmoid,8,8,0.617142857,0.776978417,0.511848341,211
controlled-augmentation05-activations-mac2|activations|gtsrb|sigmoid,9,9,0.960176991,0.935344828,0.986363636,220
controlled-augmentation05-activations-mac2|activations|gtsrb|softmax,0,0,0,0,0,31
controlled-augmentation05-activations-mac2|activations|gtsrb|softmax,1,1,0,0,0,333
controlled-augmentation05-activations-mac2|activations|gtsrb|softmax,10,10,0,0,0,241
controlled-augmentation05-activations-mac2|activations|gtsrb|softmax,11,11,0,0,0,63
controlled-augmentation05-activations-mac2|activations|gtsrb|softmax,12,12,0,0,0,103
controlled-augmentation05-activations-mac2|activations|gtsrb|softmax,13,13,0,0,0,108
controlled-augmentation05-activations-mac2|activations|gtsrb|softmax,14,14,0,0,0,40
controlled-augmentation05-activations-mac2|activations|gtsrb|softmax,15,15,0,0,0,31
controlled-augmentation05-activations-mac2|activations|gtsrb|softmax,16,16,0,0,0,22
controlled-augmentation05-activations-mac2|activations|gtsrb|softmax,17,17,0,0,0,54
controlled-augmentation05-activations-mac2|activations|gtsrb|softmax,18,18,0,0,0,58
controlled-augmentation05-activations-mac2|activations|gtsrb|softmax,19,19,0,0,0,9
controlled-augmentation05-activations-mac2|activations|gtsrb|softmax,2,2,0.24057971,0.137020223,0.985163205,337
controlled-augmentation05-activations-mac2|activations|gtsrb|softmax,20,20,0,0,0,13
controlled-augmentation05-activations-mac2|activations|gtsrb|softmax,21,21,0,0,0,13
controlled-augmentation05-activations-mac2|activations|gtsrb|softmax,22,22,0,0,0,18
controlled-augmentation05-activations-mac2|activations|gtsrb|softmax,23,23,0,0,0,22
controlled-augmentation05-activations-mac2|activations|gtsrb|softmax,24,24,0,0,0,13
controlled-augmentation05-activations-mac2|activations|gtsrb|softmax,25,25,0,0,0,72
controlled-augmentation05-activations-mac2|activations|gtsrb|softmax,26,26,0,0,0,27
controlled-augmentation05-activations-mac2|activations|gtsrb|softmax,27,27,0,0,0,9
controlled-augmentation05-activations-mac2|activations|gtsrb|softmax,28,28,0,0,0,22
controlled-augmentation05-activations-mac2|activations|gtsrb|softmax,29,29,0,0,0,13
controlled-augmentation05-activations-mac2|activations|gtsrb|softmax,3,3,0,0,0,211
controlled-augmentation05-activations-mac2|activations|gtsrb|softmax,30,30,0,0,0,22
controlled-augmentation05-activations-mac2|activations|gtsrb|softmax,31,31,0,0,0,40
controlled-augmentation05-activations-mac2|activations|gtsrb|softmax,32,32,0,0,0,9
controlled-augmentation05-activations-mac2|activations|gtsrb|softmax,33,33,0,0,0,31
controlled-augmentation05-activations-mac2|activations|gtsrb|softmax,34,34,0,0,0,18
controlled-augmentation05-activations-mac2|activations|gtsrb|softmax,35,35,0,0,0,58
controlled-augmentation05-activations-mac2|activations|gtsrb|softmax,36,36,0,0,0,18
controlled-augmentation05-activations-mac2|activations|gtsrb|softmax,37,37,0,0,0,9
controlled-augmentation05-activations-mac2|activations|gtsrb|softmax,38,38,0.170896785,0.09360519,0.980582524,103
controlled-augmentation05-activations-mac2|activations|gtsrb|softmax,39,39,0,0,0,13
controlled-augmentation05-activations-mac2|activations|gtsrb|softmax,4,4,0,0,0,297
controlled-augmentation05-activations-mac2|activations|gtsrb|softmax,40,40,0,0,0,13
controlled-augmentation05-activations-mac2|activations|gtsrb|softmax,41,41,0,0,0,9
controlled-augmentation05-activations-mac2|activations|gtsrb|softmax,42,42,0,0,0,13
controlled-augmentation05-activations-mac2|activations|gtsrb|softmax,5,5,0,0,0,283
controlled-augmentation05-activations-mac2|activations|gtsrb|softmax,6,6,0,0,0,67
controlled-augmentation05-activations-mac2|activations|gtsrb|softmax,7,7,0,0,0,211
controlled-augmentation05-activations-mac2|activations|gtsrb|softmax,8,8,0,0,0,211
controlled-augmentation05-activations-mac2|activations|gtsrb|softmax,9,9,0,0,0,220
controlled-augmentation05-activations-mac2|activations|kmnist|relu,0,0,0.97060196,0.951509607,0.99047619,1050
controlled-augmentation05-activations-mac2|activations|kmnist|relu,1,1,0.970373968,0.990089197,0.951428571,1050
controlled-augmentation05-activations-mac2|activations|kmnist|relu,2,2,0.973154362,0.97972973,0.966666667,1050
controlled-augmentation05-activations-mac2|activations|kmnist|relu,3,3,0.952425373,0.933272395,0.972380952,1050
controlled-augmentation05-activations-mac2|activations|kmnist|relu,4,4,0.950270803,0.983690112,0.919047619,1050
controlled-augmentation05-activations-mac2|activations|kmnist|relu,5,5,0.984293194,0.983824929,0.984761905,1050
controlled-augmentation05-activations-mac2|activations|kmnist|relu,6,6,0.961665878,0.955785513,0.967619048,1050
controlled-augmentation05-activations-mac2|activations|kmnist|relu,7,7,0.976348155,0.969924812,0.982857143,1050
controlled-augmentation05-activations-mac2|activations|kmnist|relu,8,8,0.981402003,0.982808023,0.98,1050
controlled-augmentation05-activations-mac2|activations|kmnist|relu,9,9,0.981060606,0.975517891,0.986666667,1050
controlled-augmentation05-activations-mac2|activations|kmnist|sigmoid,0,0,0.972718721,0.960966543,0.984761905,1050
controlled-augmentation05-activations-mac2|activations|kmnist|sigmoid,1,1,0.967772968,0.977648202,0.958095238,1050
controlled-augmentation05-activations-mac2|activations|kmnist|sigmoid,2,2,0.95709571,0.947712418,0.966666667,1050
controlled-augmentation05-activations-mac2|activations|kmnist|sigmoid,3,3,0.975119617,0.979807692,0.97047619,1050
controlled-augmentation05-activations-mac2|activations|kmnist|sigmoid,4,4,0.967276227,0.977626459,0.957142857,1050
controlled-augmentation05-activations-mac2|activations|kmnist|sigmoid,5,5,0.973559962,0.965355805,0.981904762,1050
controlled-augmentation05-activations-mac2|activations|kmnist|sigmoid,6,6,0.967741935,0.978578384,0.957142857,1050
controlled-augmentation05-activations-mac2|activations|kmnist|sigmoid,7,7,0.978581628,0.97811608,0.979047619,1050
controlled-augmentation05-activations-mac2|activations|kmnist|sigmoid,8,8,0.972537879,0.967043315,0.978095238,1050
controlled-augmentation05-activations-mac2|activations|kmnist|sigmoid,9,9,0.979027645,0.979961832,0.978095238,1050
controlled-augmentation05-activations-mac2|activations|kmnist|softmax,0,0,0,0,0,1050
controlled-augmentation05-activations-mac2|activations|kmnist|softmax,1,1,0,0,0,1050
controlled-augmentation05-activations-mac2|activations|kmnist|softmax,2,2,0,0,0,1050
controlled-augmentation05-activations-mac2|activations|kmnist|softmax,3,3,0,0,0,1050
controlled-augmentation05-activations-mac2|activations|kmnist|softmax,4,4,0,0,0,1050
controlled-augmentation05-activations-mac2|activations|kmnist|softmax,5,5,0.181818182,0.1,1,1050
controlled-augmentation05-activations-mac2|activations|kmnist|softmax,6,6,0,0,0,1050
controlled-augmentation05-activations-mac2|activations|kmnist|softmax,7,7,0,0,0,1050
controlled-augmentation05-activations-mac2|activations|kmnist|softmax,8,8,0,0,0,1050
controlled-augmentation05-activations-mac2|activations|kmnist|softmax,9,9,0,0,0,1050
controlled-augmentation05-activations-mac2|activations|mnist|relu,0,0,0.994698795,0.992307692,0.997101449,1035
controlled-augmentation05-activations-mac2|activations|mnist|relu,1,1,0.98488665,0.976686095,0.99322608,1181
controlled-augmentation05-activations-mac2|activations|mnist|relu,2,2,0.97495183,0.984435798,0.965648855,1048
controlled-augmentation05-activations-mac2|activations|mnist|relu,3,3,0.989719626,0.990645463,0.988795518,1071
controlled-augmentation05-activations-mac2|activations|mnist|relu,4,4,0.987304688,0.986341463,0.988269795,1023
controlled-augmentation05-activations-mac2|activations|mnist|relu,5,5,0.976228209,0.976744186,0.975712777,947
controlled-augmentation05-activations-mac2|activations|mnist|relu,6,6,0.979237084,0.975,0.983511154,1031
controlled-augmentation05-activations-mac2|activations|mnist|relu,7,7,0.987167736,0.989889706,0.984460695,1094
controlled-augmentation05-activations-mac2|activations|mnist|relu,8,8,0.983134921,0.998991935,0.967773438,1024
controlled-augmentation05-activations-mac2|activations|mnist|relu,9,9,0.978703265,0.967259121,0.990421456,1044
controlled-augmentation05-activations-mac2|activations|mnist|sigmoid,0,0,0.997095837,0.999030068,0.995169082,1035
controlled-augmentation05-activations-mac2|activations|mnist|sigmoid,1,1,0.992811839,0.991554054,0.99407282,1181
controlled-augmentation05-activations-mac2|activations|mnist|sigmoid,2,2,0.96912114,0.96499527,0.973282443,1048
controlled-augmentation05-activations-mac2|activations|mnist|sigmoid,3,3,0.98448519,0.991477273,0.977591036,1071
controlled-augmentation05-activations-mac2|activations|mnist|sigmoid,4,4,0.991202346,0.991202346,0.991202346,1023
controlled-augmentation05-activations-mac2|activations|mnist|sigmoid,5,5,0.971367975,0.975505857,0.967265048,947
controlled-augmentation05-activations-mac2|activations|mnist|sigmoid,6,6,0.9841117,0.977055449,0.991270611,1031
controlled-augmentation05-activations-mac2|activations|mnist|sigmoid,7,7,0.985006815,0.979223126,0.990859232,1094
controlled-augmentation05-activations-mac2|activations|mnist|sigmoid,8,8,0.983831455,0.987217306,0.98046875,1024
controlled-augmentation05-activations-mac2|activations|mnist|sigmoid,9,9,0.984630163,0.987475915,0.981800766,1044
controlled-augmentation05-activations-mac2|activations|mnist|softmax,0,0,0,0,0,1035
controlled-augmentation05-activations-mac2|activations|mnist|softmax,1,1,0.202243343,0.112497619,1,1181
controlled-augmentation05-activations-mac2|activations|mnist|softmax,2,2,0,0,0,1048
controlled-augmentation05-activations-mac2|activations|mnist|softmax,3,3,0,0,0,1071
controlled-augmentation05-activations-mac2|activations|mnist|softmax,4,4,0,0,0,1023
controlled-augmentation05-activations-mac2|activations|mnist|softmax,5,5,0,0,0,947
controlled-augmentation05-activations-mac2|activations|mnist|softmax,6,6,0,0,0,1031
controlled-augmentation05-activations-mac2|activations|mnist|softmax,7,7,0,0,0,1094
controlled-augmentation05-activations-mac2|activations|mnist|softmax,8,8,0,0,0,1024
controlled-augmentation05-activations-mac2|activations|mnist|softmax,9,9,0,0,0,1044
controlled-augmentation05-activations-mac2|activations|svhn|relu,0,0,0.907247846,0.923632611,0.891434263,1004
controlled-augmentation05-activations-mac2|activations|svhn|relu,1,1,0.906694059,0.883550217,0.931082982,2844
controlled-augmentation05-activations-mac2|activations|svhn|relu,2,2,0.786873019,0.669203933,0.954751131,2210
controlled-augmentation05-activations-mac2|activations|svhn|relu,3,3,0.842595467,0.896301189,0.794961921,1707
controlled-augmentation05-activations-mac2|activations|svhn|relu,4,4,0.904980572,0.960269865,0.855711423,1497
controlled-augmentation05-activations-mac2|activations|svhn|relu,5,5,0.879344006,0.961571307,0.810071942,1390
controlled-augmentation05-activations-mac2|activations|svhn|relu,6,6,0.839128419,0.903193613,0.783549784,1155
controlled-augmentation05-activations-mac2|activations|svhn|relu,7,7,0.895843064,0.95995996,0.839754816,1142
controlled-augmentation05-activations-mac2|activations|svhn|relu,8,8,0.857581967,0.884778013,0.832007952,1006
controlled-augmentation05-activations-mac2|activations|svhn|relu,9,9,0.865979381,0.935643564,0.805970149,938
controlled-augmentation05-activations-mac2|activations|svhn|sigmoid,0,0,0.89924812,0.905146317,0.893426295,1004
controlled-augmentation05-activations-mac2|activations|svhn|sigmoid,1,1,0.910427807,0.867515924,0.957805907,2844
controlled-augmentation05-activations-mac2|activations|svhn|sigmoid,2,2,0.915400318,0.917689859,0.913122172,2210
controlled-augmentation05-activations-mac2|activations|svhn|sigmoid,3,3,0.812967581,0.771293375,0.85940246,1707
controlled-augmentation05-activations-mac2|activations|svhn|sigmoid,4,4,0.907444668,0.911111111,0.903807615,1497
controlled-augmentation05-activations-mac2|activations|svhn|sigmoid,5,5,0.863551402,0.898832685,0.830935252,1390
controlled-augmentation05-activations-mac2|activations|svhn|sigmoid,6,6,0.829570606,0.848731884,0.811255411,1155
controlled-augmentation05-activations-mac2|activations|svhn|sigmoid,7,7,0.889899909,0.926136364,0.856392294,1142
controlled-augmentation05-activations-mac2|activations|svhn|sigmoid,8,8,0.827985271,0.879329609,0.782306163,1006
controlled-augmentation05-activations-mac2|activations|svhn|sigmoid,9,9,0.85005637,0.901913876,0.803837953,938
controlled-augmentation05-activations-mac2|activations|svhn|softmax,0,0,0,0,0,1004
controlled-augmentation05-activations-mac2|activations|svhn|softmax,1,1,0.320685573,0.190962197,1,2844
controlled-augmentation05-activations-mac2|activations|svhn|softmax,2,2,0,0,0,2210
controlled-augmentation05-activations-mac2|activations|svhn|softmax,3,3,0,0,0,1707
controlled-augmentation05-activations-mac2|activations|svhn|softmax,4,4,0,0,0,1497
controlled-augmentation05-activations-mac2|activations|svhn|softmax,5,5,0,0,0,1390
controlled-augmentation05-activations-mac2|activations|svhn|softmax,6,6,0,0,0,1155
controlled-augmentation05-activations-mac2|activations|svhn|softmax,7,7,0,0,0,1142
controlled-augmentation05-activations-mac2|activations|svhn|softmax,8,8,0,0,0,1006
controlled-augmentation05-activations-mac2|activations|svhn|softmax,9,9,0,0,0,938
controlled-quantization-fast-mac-m4|quantization|cifar10|fp16,0,airplane,0.765063571,0.761276128,0.768888889,900
controlled-quantization-fast-mac-m4|quantization|cifar10|fp16,1,automobile,0.810520666,0.784008307,0.838888889,900
controlled-quantization-fast-mac-m4|quantization|cifar10|fp16,2,bird,0.607865169,0.614772727,0.601111111,900
controlled-quantization-fast-mac-m4|quantization|cifar10|fp16,3,cat,0.504312532,0.464052288,0.552222222,900
controlled-quantization-fast-mac-m4|quantization|cifar10|fp16,4,deer,0.656987296,0.721115538,0.603333333,900
controlled-quantization-fast-mac-m4|quantization|cifar10|fp16,5,dog,0.571604938,0.643055556,0.514444444,900
controlled-quantization-fast-mac-m4|quantization|cifar10|fp16,6,frog,0.756229686,0.737843552,0.775555556,900
controlled-quantization-fast-mac-m4|quantization|cifar10|fp16,7,horse,0.75708061,0.742521368,0.772222222,900
controlled-quantization-fast-mac-m4|quantization|cifar10|fp16,8,ship,0.825167038,0.827008929,0.823333333,900
controlled-quantization-fast-mac-m4|quantization|cifar10|fp16,9,truck,0.763417306,0.752699784,0.774444444,900
controlled-quantization-fast-mac-m4|quantization|cifar10|fp32,0,airplane,0.760881247,0.73673257,0.786666667,900
controlled-quantization-fast-mac-m4|quantization|cifar10|fp32,1,automobile,0.820689655,0.85,0.793333333,900
controlled-quantization-fast-mac-m4|quantization|cifar10|fp32,2,bird,0.602487831,0.586933614,0.618888889,900
controlled-quantization-fast-mac-m4|quantization|cifar10|fp32,3,cat,0.465011287,0.472477064,0.457777778,900
controlled-quantization-fast-mac-m4|quantization|cifar10|fp32,4,deer,0.656,0.630769231,0.683333333,900
controlled-quantization-fast-mac-m4|quantization|cifar10|fp32,5,dog,0.571942446,0.62109375,0.53,900
controlled-quantization-fast-mac-m4|quantization|cifar10|fp32,6,frog,0.737157107,0.668778281,0.821111111,900
controlled-quantization-fast-mac-m4|quantization|cifar10|fp32,7,horse,0.758782201,0.801980198,0.72,900
controlled-quantization-fast-mac-m4|quantization|cifar10|fp32,8,ship,0.81730222,0.837806301,0.797777778,900
controlled-quantization-fast-mac-m4|quantization|cifar10|fp32,9,truck,0.787535411,0.803468208,0.772222222,900
controlled-quantization-fast-mac-m4|ptq|cifar10|int8_ptq,0,0,0.751214247,0.730325289,0.773333333,900
controlled-quantization-fast-mac-m4|ptq|cifar10|int8_ptq,1,1,0.808535179,0.840527578,0.778888889,900
controlled-quantization-fast-mac-m4|ptq|cifar10|int8_ptq,2,2,0.593118514,0.583243824,0.603333333,900
controlled-quantization-fast-mac-m4|ptq|cifar10|int8_ptq,3,3,0.445775914,0.483745124,0.413333333,900
controlled-quantization-fast-mac-m4|ptq|cifar10|int8_ptq,4,4,0.642529322,0.593779453,0.7,900
controlled-quantization-fast-mac-m4|ptq|cifar10|int8_ptq,5,5,0.547945205,0.623229462,0.488888889,900
controlled-quantization-fast-mac-m4|ptq|cifar10|int8_ptq,6,6,0.730514519,0.674506115,0.796666667,900
controlled-quantization-fast-mac-m4|ptq|cifar10|int8_ptq,7,7,0.744186047,0.780487805,0.711111111,900
controlled-quantization-fast-mac-m4|ptq|cifar10|int8_ptq,8,8,0.812154696,0.807692308,0.816666667,900
controlled-quantization-fast-mac-m4|ptq|cifar10|int8_ptq,9,9,0.76848354,0.747114376,0.791111111,900
controlled-quantization-fast-mac-m4|quantization|cifar100_coarse|fp16,0,aquatic_mammals,0.349009901,0.393854749,0.313333333,450
controlled-quantization-fast-mac-m4|quantization|cifar100_coarse|fp16,1,fish,0.415617128,0.479651163,0.366666667,450
controlled-quantization-fast-mac-m4|quantization|cifar100_coarse|fp16,10,large_natural_outdoor_scenes,0.650496141,0.645514223,0.655555556,450
controlled-quantization-fast-mac-m4|quantization|cifar100_coarse|fp16,11,large_omnivores_and_herbivores,0.375224417,0.314759036,0.464444444,450
controlled-quantization-fast-mac-m4|quantization|cifar100_coarse|fp16,12,medium_mammals,0.321585903,0.318777293,0.324444444,450
controlled-quantization-fast-mac-m4|quantization|cifar100_coarse|fp16,13,non-insect_invertebrates,0.280665281,0.263671875,0.3,450
controlled-quantization-fast-mac-m4|quantization|cifar100_coarse|fp16,14,people,0.517241379,0.641447368,0.433333333,450
controlled-quantization-fast-mac-m4|quantization|cifar100_coarse|fp16,15,reptiles,0.260696517,0.236036036,0.291111111,450
controlled-quantization-fast-mac-m4|quantization|cifar100_coarse|fp16,16,small_mammals,0.252406417,0.243298969,0.262222222,450
controlled-quantization-fast-mac-m4|quantization|cifar100_coarse|fp16,17,trees,0.742857143,0.764705882,0.722222222,450
controlled-quantization-fast-mac-m4|quantization|cifar100_coarse|fp16,18,vehicles_1,0.45412844,0.469194313,0.44,450
controlled-quantization-fast-mac-m4|quantization|cifar100_coarse|fp16,19,vehicles_2,0.476426799,0.539325843,0.426666667,450
controlled-quantization-fast-mac-m4|quantization|cifar100_coarse|fp16,2,flowers,0.650847458,0.662068966,0.64,450
controlled-quantization-fast-mac-m4|quantization|cifar100_coarse|fp16,3,food_containers,0.510035419,0.544080605,0.48,450
controlled-quantization-fast-mac-m4|quantization|cifar100_coarse|fp16,4,fruit_and_vegetables,0.522727273,0.534883721,0.511111111,450
controlled-quantization-fast-mac-m4|quantization|cifar100_coarse|fp16,5,household_electrical_devices,0.394304491,0.388768898,0.4,450
controlled-quantization-fast-mac-m4|quantization|cifar100_coarse|fp16,6,household_furniture,0.491183879,0.566860465,0.433333333,450
controlled-quantization-fast-mac-m4|quantization|cifar100_coarse|fp16,7,insects,0.446788111,0.392917369,0.517777778,450
controlled-quantization-fast-mac-m4|quantization|cifar100_coarse|fp16,8,large_carnivores,0.386069652,0.34954955,0.431111111,450
controlled-quantization-fast-mac-m4|quantization|cifar100_coarse|fp16,9,large_man-made_outdoor_things,0.553191489,0.557562077,0.548888889,450
controlled-quantization-fast-mac-m4|quantization|cifar100_coarse|fp32,0,aquatic_mammals,0.376344086,0.364583333,0.388888889,450
controlled-quantization-fast-mac-m4|quantization|cifar100_coarse|fp32,1,fish,0.42760181,0.435483871,0.42,450
controlled-quantization-fast-mac-m4|quantization|cifar100_coarse|fp32,10,large_natural_outdoor_scenes,0.652777778,0.68115942,0.626666667,450
controlled-quantization-fast-mac-m4|quantization|cifar100_coarse|fp32,11,large_omnivores_and_herbivores,0.38215103,0.393867925,0.371111111,450
controlled-quantization-fast-mac-m4|quantization|cifar100_coarse|fp32,12,medium_mammals,0.312573443,0.331670823,0.295555556,450
controlled-quantization-fast-mac-m4|quantization|cifar100_coarse|fp32,13,non-insect_invertebrates,0.29106946,0.288840263,0.293333333,450
controlled-quantization-fast-mac-m4|quantization|cifar100_coarse|fp32,14,people,0.53030303,0.516877637,0.544444444,450
controlled-quantization-fast-mac-m4|quantization|cifar100_coarse|fp32,15,reptiles,0.250258532,0.234042553,0.268888889,450
controlled-quantization-fast-mac-m4|quantization|cifar100_coarse|fp32,16,small_mammals,0.237209302,0.248780488,0.226666667,450
controlled-quantization-fast-mac-m4|quantization|cifar100_coarse|fp32,17,trees,0.713004484,0.719457014,0.706666667,450
controlled-quantization-fast-mac-m4|quantization|cifar100_coarse|fp32,18,vehicles_1,0.43315508,0.361607143,0.54,450
controlled-quantization-fast-mac-m4|quantization|cifar100_coarse|fp32,19,vehicles_2,0.418886199,0.460106383,0.384444444,450
controlled-quantization-fast-mac-m4|quantization|cifar100_coarse|fp32,2,flowers,0.637563452,0.586915888,0.697777778,450
controlled-quantization-fast-mac-m4|quantization|cifar100_coarse|fp32,3,food_containers,0.491367862,0.610561056,0.411111111,450
controlled-quantization-fast-mac-m4|quantization|cifar100_coarse|fp32,4,fruit_and_vegetables,0.543153049,0.563245823,0.524444444,450
controlled-quantization-fast-mac-m4|quantization|cifar100_coarse|fp32,5,household_electrical_devices,0.359126984,0.32437276,0.402222222,450
controlled-quantization-fast-mac-m4|quantization|cifar100_coarse|fp32,6,household_furniture,0.474278545,0.544668588,0.42,450
controlled-quantization-fast-mac-m4|quantization|cifar100_coarse|fp32,7,insects,0.473975637,0.472406181,0.475555556,450
controlled-quantization-fast-mac-m4|quantization|cifar100_coarse|fp32,8,large_carnivores,0.350840336,0.332669323,0.371111111,450
controlled-quantization-fast-mac-m4|quantization|cifar100_coarse|fp32,9,large_man-made_outdoor_things,0.569711538,0.620418848,0.526666667,450
controlled-quantization-fast-mac-m4|ptq|cifar100_coarse|int8_ptq,0,0,0.341696535,0.369509044,0.317777778,450
controlled-quantization-fast-mac-m4|ptq|cifar100_coarse|int8_ptq,1,1,0.405063291,0.420047733,0.391111111,450
controlled-quantization-fast-mac-m4|ptq|cifar100_coarse|int8_ptq,10,10,0.630407911,0.710306407,0.566666667,450
controlled-quantization-fast-mac-m4|ptq|cifar100_coarse|int8_ptq,11,11,0.335839599,0.385057471,0.297777778,450
controlled-quantization-fast-mac-m4|ptq|cifar100_coarse|int8_ptq,12,12,0.276029056,0.303191489,0.253333333,450
controlled-quantization-fast-mac-m4|ptq|cifar100_coarse|int8_ptq,13,13,0.262668046,0.245647969,0.282222222,450
controlled-quantization-fast-mac-m4|ptq|cifar100_coarse|int8_ptq,14,14,0.487647691,0.471933472,0.504444444,450
controlled-quantization-fast-mac-m4|ptq|cifar100_coarse|int8_ptq,15,15,0.242487047,0.227184466,0.26,450
controlled-quantization-fast-mac-m4|ptq|cifar100_coarse|int8_ptq,16,16,0.219451372,0.25,0.195555556,450
controlled-quantization-fast-mac-m4|ptq|cifar100_coarse|int8_ptq,17,17,0.708428246,0.726635514,0.691111111,450
controlled-quantization-fast-mac-m4|ptq|cifar100_coarse|int8_ptq,18,18,0.413919414,0.352024922,0.502222222,450
controlled-quantization-fast-mac-m4|ptq|cifar100_coarse|int8_ptq,19,19,0.418823529,0.445,0.395555556,450
controlled-quantization-fast-mac-m4|ptq|cifar100_coarse|int8_ptq,2,2,0.56525497,0.46251768,0.726666667,450
controlled-quantization-fast-mac-m4|ptq|cifar100_coarse|int8_ptq,3,3,0.415654521,0.529209622,0.342222222,450
controlled-quantization-fast-mac-m4|ptq|cifar100_coarse|int8_ptq,4,4,0.485106383,0.465306122,0.506666667,450
controlled-quantization-fast-mac-m4|ptq|cifar100_coarse|int8_ptq,5,5,0.342022941,0.322200393,0.364444444,450
controlled-quantization-fast-mac-m4|ptq|cifar100_coarse|int8_ptq,6,6,0.435828877,0.546979866,0.362222222,450
controlled-quantization-fast-mac-m4|ptq|cifar100_coarse|int8_ptq,7,7,0.408871745,0.361158433,0.471111111,450
controlled-quantization-fast-mac-m4|ptq|cifar100_coarse|int8_ptq,8,8,0.33776868,0.313092979,0.366666667,450
controlled-quantization-fast-mac-m4|ptq|cifar100_coarse|int8_ptq,9,9,0.567931457,0.632152589,0.515555556,450
controlled-quantization-fast-mac-m4|quantization|emnist_balanced|fp16,0,0,0.684385382,0.639751553,0.735714286,420
controlled-quantization-fast-mac-m4|quantization|emnist_balanced|fp16,1,1,0.63975782,0.555166375,0.754761905,420
controlled-quantization-fast-mac-m4|quantization|emnist_balanced|fp16,10,10,0.955916473,0.932126697,0.980952381,420
controlled-quantization-fast-mac-m4|quantization|emnist_balanced|fp16,11,11,0.933797909,0.911564626,0.957142857,420
controlled-quantization-fast-mac-m4|quantization|emnist_balanced|fp16,12,12,0.964200477,0.966507177,0.961904762,420
controlled-quantization-fast-mac-m4|quantization|emnist_balanced|fp16,13,13,0.904267589,0.876957494,0.933333333,420
controlled-quantization-fast-mac-m4|quantization|emnist_balanced|fp16,14,14,0.954545455,0.959134615,0.95,420
controlled-quantization-fast-mac-m4|quantization|emnist_balanced|fp16,15,15,0.661396574,0.740412979,0.597619048,420
controlled-quantization-fast-mac-m4|quantization|emnist_balanced|fp16,16,16,0.920828258,0.942643392,0.9,420
controlled-quantization-fast-mac-m4|quantization|emnist_balanced|fp16,17,17,0.96728972,0.949541284,0.985714286,420
controlled-quantization-fast-mac-m4|quantization|emnist_balanced|fp16,18,18,0.690072639,0.701970443,0.678571429,420
controlled-quantization-fast-mac-m4|quantization|emnist_balanced|fp16,19,19,0.902696366,0.889145497,0.916666667,420
controlled-quantization-fast-mac-m4|quantization|emnist_balanced|fp16,2,2,0.885283893,0.862302483,0.90952381,420
controlled-quantization-fast-mac-m4|quantization|emnist_balanced|fp16,20,20,0.979640719,0.985542169,0.973809524,420
controlled-quantization-fast-mac-m4|quantization|emnist_balanced|fp16,21,21,0.527977044,0.664259928,0.438095238,420
controlled-quantization-fast-mac-m4|quantization|emnist_balanced|fp16,22,22,0.97708082,0.990220049,0.964285714,420
controlled-quantization-fast-mac-m4|quantization|emnist_balanced|fp16,23,23,0.92412231,0.881209503,0.971428571,420
controlled-quantization-fast-mac-m4|quantization|emnist_balanced|fp16,24,24,0.638352638,0.694677871,0.59047619,420
controlled-quantization-fast-mac-m4|quantization|emnist_balanced|fp16,25,25,0.925233645,0.908256881,0.942857143,420
controlled-quantization-fast-mac-m4|quantization|emnist_balanced|fp16,26,26,0.933655006,0.946210269,0.921428571,420
controlled-quantization-fast-mac-m4|quantization|emnist_balanced|fp16,27,27,0.963400236,0.955503513,0.971428571,420
controlled-quantization-fast-mac-m4|quantization|emnist_balanced|fp16,28,28,0.849079755,0.875949367,0.823809524,420
controlled-quantization-fast-mac-m4|quantization|emnist_balanced|fp16,29,29,0.946996466,0.937062937,0.957142857,420
controlled-quantization-fast-mac-m4|quantization|emnist_balanced|fp16,3,3,0.943168077,0.958230958,0.928571429,420
controlled-quantization-fast-mac-m4|quantization|emnist_balanced|fp16,30,30,0.91349481,0.88590604,0.942857143,420
controlled-quantization-fast-mac-m4|quantization|emnist_balanced|fp16,31,31,0.942446043,0.949275362,0.935714286,420
controlled-quantization-fast-mac-m4|quantization|emnist_balanced|fp16,32,32,0.991636798,0.995203837,0.988095238,420
controlled-quantization-fast-mac-m4|quantization|emnist_balanced|fp16,33,33,0.976019185,0.983091787,0.969047619,420
controlled-quantization-fast-mac-m4|quantization|emnist_balanced|fp16,34,34,0.911270983,0.917874396,0.904761905,420
controlled-quantization-fast-mac-m4|quantization|emnist_balanced|fp16,35,35,0.882352941,0.872093023,0.892857143,420
controlled-quantization-fast-mac-m4|quantization|emnist_balanced|fp16,36,36,0.876168224,0.860091743,0.892857143,420
controlled-quantization-fast-mac-m4|quantization|emnist_balanced|fp16,37,37,0.825123153,0.854591837,0.797619048,420
controlled-quantization-fast-mac-m4|quantization|emnist_balanced|fp16,38,38,0.852112676,0.840277778,0.864285714,420
controlled-quantization-fast-mac-m4|quantization|emnist_balanced|fp16,39,39,0.955188679,0.946261682,0.964285714,420
controlled-quantization-fast-mac-m4|quantization|emnist_balanced|fp16,4,4,0.915337423,0.944303797,0.888095238,420
controlled-quantization-fast-mac-m4|quantization|emnist_balanced|fp16,40,40,0.679287305,0.638075314,0.726190476,420
controlled-quantization-fast-mac-m4|quantization|emnist_balanced|fp16,41,41,0.673913043,0.784810127,0.59047619,420
controlled-quantization-fast-mac-m4|quantization|emnist_balanced|fp16,42,42,0.947619048,0.947619048,0.947619048,420
controlled-quantization-fast-mac-m4|quantization|emnist_balanced|fp16,43,43,0.933814681,0.944038929,0.923809524,420
controlled-quantization-fast-mac-m4|quantization|emnist_balanced|fp16,44,44,0.62739726,0.738709677,0.545238095,420
controlled-quantization-fast-mac-m4|quantization|emnist_balanced|fp16,45,45,0.939759036,0.951219512,0.928571429,420
controlled-quantization-fast-mac-m4|quantization|emnist_balanced|fp16,46,46,0.915956151,0.93765586,0.895238095,420
controlled-quantization-fast-mac-m4|quantization|emnist_balanced|fp16,5,5,0.911214953,0.894495413,0.928571429,420
controlled-quantization-fast-mac-m4|quantization|emnist_balanced|fp16,6,6,0.920745921,0.901826484,0.94047619,420
controlled-quantization-fast-mac-m4|quantization|emnist_balanced|fp16,7,7,0.957040573,0.959330144,0.954761905,420
controlled-quantization-fast-mac-m4|quantization|emnist_balanced|fp16,8,8,0.921083628,0.911421911,0.930952381,420
controlled-quantization-fast-mac-m4|quantization|emnist_balanced|fp16,9,9,0.753593429,0.662454874,0.873809524,420
controlled-quantization-fast-mac-m4|quantization|emnist_balanced|fp32,0,0,0.683406114,0.631048387,0.745238095,420
controlled-quantization-fast-mac-m4|quantization|emnist_balanced|fp32,1,1,0.629590766,0.562851782,0.714285714,420
controlled-quantization-fast-mac-m4|quantization|emnist_balanced|fp32,10,10,0.956521739,0.944315545,0.969047619,420
controlled-quantization-fast-mac-m4|quantization|emnist_balanced|fp32,11,11,0.951934349,0.937644342,0.966666667,420
controlled-quantization-fast-mac-m4|quantization|emnist_balanced|fp32,12,12,0.968899522,0.973557692,0.964285714,420
controlled-quantization-fast-mac-m4|quantization|emnist_balanced|fp32,13,13,0.919239905,0.917061611,0.921428571,420
controlled-quantization-fast-mac-m4|quantization|emnist_balanced|fp32,14,14,0.960479042,0.96626506,0.954761905,420
controlled-quantization-fast-mac-m4|quantization|emnist_balanced|fp32,15,15,0.625,0.774647887,0.523809524,420
controlled-quantization-fast-mac-m4|quantization|emnist_balanced|fp32,16,16,0.917257683,0.910798122,0.923809524,420
controlled-quantization-fast-mac-m4|quantization|emnist_balanced|fp32,17,17,0.957324106,0.928411633,0.988095238,420
controlled-quantization-fast-mac-m4|quantization|emnist_balanced|fp32,18,18,0.689492326,0.683840749,0.695238095,420
controlled-quantization-fast-mac-m4|quantization|emnist_balanced|fp32,19,19,0.909747292,0.919708029,0.9,420
controlled-quantization-fast-mac-m4|quantization|emnist_balanced|fp32,2,2,0.879350348,0.857466063,0.902380952,420
controlled-quantization-fast-mac-m4|quantization|emnist_balanced|fp32,20,20,0.961130742,0.951048951,0.971428571,420
controlled-quantization-fast-mac-m4|quantization|emnist_balanced|fp32,21,21,0.519553073,0.628378378,0.442857143,420
controlled-quantization-fast-mac-m4|quantization|emnist_balanced|fp32,22,22,0.980769231,0.990291262,0.971428571,420
controlled-quantization-fast-mac-m4|quantization|emnist_balanced|fp32,23,23,0.91299435,0.868817204,0.961904762,420
controlled-quantization-fast-mac-m4|quantization|emnist_balanced|fp32,24,24,0.646153846,0.7,0.6,420
controlled-quantization-fast-mac-m4|quantization|emnist_balanced|fp32,25,25,0.898954704,0.87755102,0.921428571,420
controlled-quantization-fast-mac-m4|quantization|emnist_balanced|fp32,26,26,0.9342723,0.921296296,0.947619048,420
controlled-quantization-fast-mac-m4|quantization|emnist_balanced|fp32,27,27,0.964788732,0.951388889,0.978571429,420
controlled-quantization-fast-mac-m4|quantization|emnist_balanced|fp32,28,28,0.877108434,0.887804878,0.866666667,420
controlled-quantization-fast-mac-m4|quantization|emnist_balanced|fp32,29,29,0.94411415,0.942992874,0.945238095,420
controlled-quantization-fast-mac-m4|quantization|emnist_balanced|fp32,3,3,0.966587112,0.968899522,0.964285714,420
controlled-quantization-fast-mac-m4|quantization|emnist_balanced|fp32,30,30,0.908442331,0.90736342,0.90952381,420
controlled-quantization-fast-mac-m4|quantization|emnist_balanced|fp32,31,31,0.935064935,0.927400468,0.942857143,420
controlled-quantization-fast-mac-m4|quantization|emnist_balanced|fp32,32,32,0.989221557,0.995180723,0.983333333,420
controlled-quantization-fast-mac-m4|quantization|emnist_balanced|fp32,33,33,0.966101695,0.982758621,0.95,420
controlled-quantization-fast-mac-m4|quantization|emnist_balanced|fp32,34,34,0.907142857,0.907142857,0.907142857,420
controlled-quantization-fast-mac-m4|quantization|emnist_balanced|fp32,35,35,0.888622754,0.893975904,0.883333333,420
controlled-quantization-fast-mac-m4|quantization|emnist_balanced|fp32,36,36,0.877234803,0.878281623,0.876190476,420
controlled-quantization-fast-mac-m4|quantization|emnist_balanced|fp32,37,37,0.864670659,0.869879518,0.85952381,420
controlled-quantization-fast-mac-m4|quantization|emnist_balanced|fp32,38,38,0.891330891,0.914786967,0.869047619,420
controlled-quantization-fast-mac-m4|quantization|emnist_balanced|fp32,39,39,0.959064327,0.942528736,0.976190476,420
controlled-quantization-fast-mac-m4|quantization|emnist_balanced|fp32,4,4,0.927429274,0.959287532,0.897619048,420
controlled-quantization-fast-mac-m4|quantization|emnist_balanced|fp32,40,40,0.688082902,0.609174312,0.79047619,420
controlled-quantization-fast-mac-m4|quantization|emnist_balanced|fp32,41,41,0.722580645,0.788732394,0.666666667,420
controlled-quantization-fast-mac-m4|quantization|emnist_balanced|fp32,42,42,0.95,0.95,0.95,420
controlled-quantization-fast-mac-m4|quantization|emnist_balanced|fp32,43,43,0.931407942,0.941605839,0.921428571,420
controlled-quantization-fast-mac-m4|quantization|emnist_balanced|fp32,44,44,0.601526718,0.838297872,0.469047619,420
controlled-quantization-fast-mac-m4|quantization|emnist_balanced|fp32,45,45,0.92961165,0.948019802,0.911904762,420
controlled-quantization-fast-mac-m4|quantization|emnist_balanced|fp32,46,46,0.898263027,0.937823834,0.861904762,420
controlled-quantization-fast-mac-m4|quantization|emnist_balanced|fp32,5,5,0.910820452,0.909738717,0.911904762,420
controlled-quantization-fast-mac-m4|quantization|emnist_balanced|fp32,6,6,0.915995397,0.886414254,0.947619048,420
controlled-quantization-fast-mac-m4|quantization|emnist_balanced|fp32,7,7,0.961722488,0.966346154,0.957142857,420
controlled-quantization-fast-mac-m4|quantization|emnist_balanced|fp32,8,8,0.937720329,0.92575406,0.95,420
controlled-quantization-fast-mac-m4|quantization|emnist_balanced|fp32,9,9,0.740957967,0.628524046,0.902380952,420
controlled-quantization-fast-mac-m4|ptq|emnist_balanced|int8_ptq,0,0,0.676829268,0.590425532,0.792857143,420
controlled-quantization-fast-mac-m4|ptq|emnist_balanced|int8_ptq,1,1,0.632860041,0.551236749,0.742857143,420
controlled-quantization-fast-mac-m4|ptq|emnist_balanced|int8_ptq,10,10,0.960093897,0.946759259,0.973809524,420
controlled-quantization-fast-mac-m4|ptq|emnist_balanced|int8_ptq,11,11,0.941040462,0.914606742,0.969047619,420
controlled-quantization-fast-mac-m4|ptq|emnist_balanced|int8_ptq,12,12,0.966507177,0.971153846,0.961904762,420
controlled-quantization-fast-mac-m4|ptq|emnist_balanced|int8_ptq,13,13,0.915776987,0.912529551,0.919047619,420
controlled-quantization-fast-mac-m4|ptq|emnist_balanced|int8_ptq,14,14,0.953068592,0.96350365,0.942857143,420
controlled-quantization-fast-mac-m4|ptq|emnist_balanced|int8_ptq,15,15,0.633471646,0.755775578,0.545238095,420
controlled-quantization-fast-mac-m4|ptq|emnist_balanced|int8_ptq,16,16,0.920332937,0.919239905,0.921428571,420
controlled-quantization-fast-mac-m4|ptq|emnist_balanced|int8_ptq,17,17,0.957422325,0.926503341,0.99047619,420
controlled-quantization-fast-mac-m4|ptq|emnist_balanced|int8_ptq,18,18,0.682520809,0.681710214,0.683333333,420
controlled-quantization-fast-mac-m4|ptq|emnist_balanced|int8_ptq,19,19,0.910843373,0.92195122,0.9,420
controlled-quantization-fast-mac-m4|ptq|emnist_balanced|int8_ptq,2,2,0.877192982,0.862068966,0.892857143,420
controlled-quantization-fast-mac-m4|ptq|emnist_balanced|int8_ptq,20,20,0.957647059,0.946511628,0.969047619,420
controlled-quantization-fast-mac-m4|ptq|emnist_balanced|int8_ptq,21,21,0.502189781,0.649056604,0.40952381,420
controlled-quantization-fast-mac-m4|ptq|emnist_balanced|int8_ptq,22,22,0.977353993,0.978520286,0.976190476,420
controlled-quantization-fast-mac-m4|ptq|emnist_balanced|int8_ptq,23,23,0.90744921,0.862660944,0.957142857,420
controlled-quantization-fast-mac-m4|ptq|emnist_balanced|int8_ptq,24,24,0.581920904,0.715277778,0.49047619,420
controlled-quantization-fast-mac-m4|ptq|emnist_balanced|int8_ptq,25,25,0.906542056,0.889908257,0.923809524,420
controlled-quantization-fast-mac-m4|ptq|emnist_balanced|int8_ptq,26,26,0.931633835,0.90744921,0.957142857,420
controlled-quantization-fast-mac-m4|ptq|emnist_balanced|int8_ptq,27,27,0.960187354,0.944700461,0.976190476,420
controlled-quantization-fast-mac-m4|ptq|emnist_balanced|int8_ptq,28,28,0.866257669,0.893670886,0.84047619,420
controlled-quantization-fast-mac-m4|ptq|emnist_balanced|int8_ptq,29,29,0.948870392,0.947743468,0.95,420
controlled-quantization-fast-mac-m4|ptq|emnist_balanced|int8_ptq,3,3,0.966824645,0.962264151,0.971428571,420
controlled-quantization-fast-mac-m4|ptq|emnist_balanced|int8_ptq,30,30,0.903914591,0.90070922,0.907142857,420
controlled-quantization-fast-mac-m4|ptq|emnist_balanced|int8_ptq,31,31,0.926365796,0.924170616,0.928571429,420
controlled-quantization-fast-mac-m4|ptq|emnist_balanced|int8_ptq,32,32,0.986857826,0.990407674,0.983333333,420
controlled-quantization-fast-mac-m4|ptq|emnist_balanced|int8_ptq,33,33,0.967272727,0.985185185,0.95,420
controlled-quantization-fast-mac-m4|ptq|emnist_balanced|int8_ptq,34,34,0.906921241,0.909090909,0.904761905,420
controlled-quantization-fast-mac-m4|ptq|emnist_balanced|int8_ptq,35,35,0.890736342,0.888625592,0.892857143,420
controlled-quantization-fast-mac-m4|ptq|emnist_balanced|int8_ptq,36,36,0.876513317,0.891625616,0.861904762,420
controlled-quantization-fast-mac-m4|ptq|emnist_balanced|int8_ptq,37,37,0.86746988,0.87804878,0.857142857,420
controlled-quantization-fast-mac-m4|ptq|emnist_balanced|int8_ptq,38,38,0.891859052,0.910669975,0.873809524,420
controlled-quantization-fast-mac-m4|ptq|emnist_balanced|int8_ptq,39,39,0.962441315,0.949074074,0.976190476,420
controlled-quantization-fast-mac-m4|ptq|emnist_balanced|int8_ptq,4,4,0.923832924,0.954314721,0.895238095,420
controlled-quantization-fast-mac-m4|ptq|emnist_balanced|int8_ptq,40,40,0.682773109,0.610902256,0.773809524,420
controlled-quantization-fast-mac-m4|ptq|emnist_balanced|int8_ptq,41,41,0.713359274,0.783475783,0.654761905,420
controlled-quantization-fast-mac-m4|ptq|emnist_balanced|int8_ptq,42,42,0.949880668,0.95215311,0.947619048,420
controlled-quantization-fast-mac-m4|ptq|emnist_balanced|int8_ptq,43,43,0.921212121,0.938271605,0.904761905,420
controlled-quantization-fast-mac-m4|ptq|emnist_balanced|int8_ptq,44,44,0.601190476,0.801587302,0.480952381,420
controlled-quantization-fast-mac-m4|ptq|emnist_balanced|int8_ptq,45,45,0.918192918,0.94235589,0.895238095,420
controlled-quantization-fast-mac-m4|ptq|emnist_balanced|int8_ptq,46,46,0.902106568,0.940568475,0.866666667,420
controlled-quantization-fast-mac-m4|ptq|emnist_balanced|int8_ptq,5,5,0.903529412,0.893023256,0.914285714,420
controlled-quantization-fast-mac-m4|ptq|emnist_balanced|int8_ptq,6,6,0.917431193,0.884955752,0.952380952,420
controlled-quantization-fast-mac-m4|ptq|emnist_balanced|int8_ptq,7,7,0.95818399,0.961630695,0.954761905,420
controlled-quantization-fast-mac-m4|ptq|emnist_balanced|int8_ptq,8,8,0.920560748,0.903669725,0.938095238,420
controlled-quantization-fast-mac-m4|ptq|emnist_balanced|int8_ptq,9,9,0.729249012,0.623310811,0.878571429,420
controlled-quantization-fast-mac-m4|quantization|fashion_mnist|fp16,0,0,0.851606805,0.84521576,0.858095238,1050
controlled-quantization-fast-mac-m4|quantization|fashion_mnist|fp16,1,1,0.987571702,0.991362764,0.983809524,1050
controlled-quantization-fast-mac-m4|quantization|fashion_mnist|fp16,2,2,0.855759923,0.87007874,0.841904762,1050
controlled-quantization-fast-mac-m4|quantization|fashion_mnist|fp16,3,3,0.913649025,0.891304348,0.937142857,1050
controlled-quantization-fast-mac-m4|quantization|fashion_mnist|fp16,4,4,0.844380403,0.851744186,0.837142857,1050
controlled-quantization-fast-mac-m4|quantization|fashion_mnist|fp16,5,5,0.980316851,0.988383349,0.972380952,1050
controlled-quantization-fast-mac-m4|quantization|fashion_mnist|fp16,6,6,0.762224353,0.767374517,0.757142857,1050
controlled-quantization-fast-mac-m4|quantization|fashion_mnist|fp16,7,7,0.959433962,0.95046729,0.968571429,1050
controlled-quantization-fast-mac-m4|quantization|fashion_mnist|fp16,8,8,0.977650975,0.97625831,0.979047619,1050
controlled-quantization-fast-mac-m4|quantization|fashion_mnist|fp16,9,9,0.964728313,0.965648855,0.963809524,1050
controlled-quantization-fast-mac-m4|quantization|fashion_mnist|fp32,0,0,0.861804223,0.868471954,0.855238095,1050
controlled-quantization-fast-mac-m4|quantization|fashion_mnist|fp32,1,1,0.988078207,0.989493792,0.986666667,1050
controlled-quantization-fast-mac-m4|quantization|fashion_mnist|fp32,2,2,0.85754717,0.84953271,0.865714286,1050
controlled-quantization-fast-mac-m4|quantization|fashion_mnist|fp32,3,3,0.91627907,0.895454545,0.938095238,1050
controlled-quantization-fast-mac-m4|quantization|fashion_mnist|fp32,4,4,0.856872038,0.852830189,0.860952381,1050
controlled-quantization-fast-mac-m4|quantization|fashion_mnist|fp32,5,5,0.975517891,0.96461825,0.986666667,1050
controlled-quantization-fast-mac-m4|quantization|fashion_mnist|fp32,6,6,0.757471828,0.780020182,0.736190476,1050
controlled-quantization-fast-mac-m4|quantization|fashion_mnist|fp32,7,7,0.945827233,0.96996997,0.922857143,1050
controlled-quantization-fast-mac-m4|quantization|fashion_mnist|fp32,8,8,0.977055449,0.980806142,0.973333333,1050
controlled-quantization-fast-mac-m4|quantization|fashion_mnist|fp32,9,9,0.95827473,0.943674977,0.973333333,1050
controlled-quantization-fast-mac-m4|ptq|fashion_mnist|int8_ptq,0,0,0.725585938,0.744488978,0.707619048,1050
controlled-quantization-fast-mac-m4|ptq|fashion_mnist|int8_ptq,1,1,0.950149551,0.996861925,0.907619048,1050
controlled-quantization-fast-mac-m4|ptq|fashion_mnist|int8_ptq,2,2,0.560189573,0.55754717,0.562857143,1050
controlled-quantization-fast-mac-m4|ptq|fashion_mnist|int8_ptq,3,3,0.711632454,0.730923695,0.693333333,1050
controlled-quantization-fast-mac-m4|ptq|fashion_mnist|int8_ptq,4,4,0.575225439,0.573320719,0.577142857,1050
controlled-quantization-fast-mac-m4|ptq|fashion_mnist|int8_ptq,5,5,0.807482463,0.683377309,0.986666667,1050
controlled-quantization-fast-mac-m4|ptq|fashion_mnist|int8_ptq,6,6,0.494117647,0.533701657,0.46,1050
controlled-quantization-fast-mac-m4|ptq|fashion_mnist|int8_ptq,7,7,0.780487805,0.964936886,0.655238095,1050
controlled-quantization-fast-mac-m4|ptq|fashion_mnist|int8_ptq,8,8,0.790263692,0.688339223,0.927619048,1050
controlled-quantization-fast-mac-m4|ptq|fashion_mnist|int8_ptq,9,9,0.784901758,0.858597285,0.722857143,1050
controlled-quantization-fast-mac-m4|quantization|fer2013|fp16,0,angry,0.343679031,0.392733564,0.30551817,743
controlled-quantization-fast-mac-m4|quantization|fer2013|fp16,1,disgust,0.317757009,0.68,0.207317073,82
controlled-quantization-fast-mac-m4|quantization|fer2013|fp16,2,fear,0.290419162,0.341549296,0.252604167,768
controlled-quantization-fast-mac-m4|quantization|fer2013|fp16,3,happy,0.692195478,0.680774749,0.704005935,1348
controlled-quantization-fast-mac-m4|quantization|fer2013|fp16,4,sad,0.374825175,0.325769854,0.441273326,911
controlled-quantization-fast-mac-m4|quantization|fer2013|fp16,5,surprise,0.60988075,0.62369338,0.596666667,600
controlled-quantization-fast-mac-m4|quantization|fer2013|fp16,6,neutral,0.461062403,0.443012884,0.480645161,930
controlled-quantization-fast-mac-m4|quantization|fer2013|fp32,0,angry,0.336859235,0.425925926,0.278600269,743
controlled-quantization-fast-mac-m4|quantization|fer2013|fp32,1,disgust,0.280701754,0.5,0.195121951,82
controlled-quantization-fast-mac-m4|quantization|fer2013|fp32,2,fear,0.280235988,0.323129252,0.247395833,768
controlled-quantization-fast-mac-m4|quantization|fer2013|fp32,3,happy,0.693877551,0.640703518,0.756676558,1348
controlled-quantization-fast-mac-m4|quantization|fer2013|fp32,4,sad,0.376573088,0.336796537,0.427003293,911
controlled-quantization-fast-mac-m4|quantization|fer2013|fp32,5,surprise,0.638190955,0.641414141,0.635,600
controlled-quantization-fast-mac-m4|quantization|fer2013|fp32,6,neutral,0.451474531,0.45026738,0.452688172,930
controlled-quantization-fast-mac-m4|ptq|fer2013|int8_ptq,0,0,0.332460733,0.323566879,0.341857335,743
controlled-quantization-fast-mac-m4|ptq|fer2013|int8_ptq,1,1,0.16,0.444444444,0.0975609756,82
controlled-quantization-fast-mac-m4|ptq|fer2013|int8_ptq,2,2,0.29380531,0.268608414,0.32421875,768
controlled-quantization-fast-mac-m4|ptq|fer2013|int8_ptq,3,3,0.631085467,0.614035088,0.649109792,1348
controlled-quantization-fast-mac-m4|ptq|fer2013|int8_ptq,4,4,0.331967213,0.311239193,0.355653128,911
controlled-quantization-fast-mac-m4|ptq|fer2013|int8_ptq,5,5,0.543548387,0.5265625,0.561666667,600
controlled-quantization-fast-mac-m4|ptq|fer2013|int8_ptq,6,6,0.353658537,0.478021978,0.280645161,930
controlled-quantization-fast-mac-m4|quantization|gtsrb|fp16,0,0,0.950819672,0.966666667,0.935483871,31
controlled-quantization-fast-mac-m4|quantization|gtsrb|fp16,1,1,0.973451327,0.956521739,0.990990991,333
controlled-quantization-fast-mac-m4|quantization|gtsrb|fp16,10,10,0.983122363,1,0.966804979,241
controlled-quantization-fast-mac-m4|quantization|gtsrb|fp16,11,11,1,1,1,63
controlled-quantization-fast-mac-m4|quantization|gtsrb|fp16,12,12,1,1,1,103
controlled-quantization-fast-mac-m4|quantization|gtsrb|fp16,13,13,1,1,1,108
controlled-quantization-fast-mac-m4|quantization|gtsrb|fp16,14,14,1,1,1,40
controlled-quantization-fast-mac-m4|quantization|gtsrb|fp16,15,15,1,1,1,31
controlled-quantization-fast-mac-m4|quantization|gtsrb|fp16,16,16,1,1,1,22
controlled-quantization-fast-mac-m4|quantization|gtsrb|fp16,17,17,1,1,1,54
controlled-quantization-fast-mac-m4|quantization|gtsrb|fp16,18,18,1,1,1,58
controlled-quantization-fast-mac-m4|quantization|gtsrb|fp16,19,19,0.947368421,0.9,1,9
controlled-quantization-fast-mac-m4|quantization|gtsrb|fp16,2,2,0.976470588,0.967930029,0.985163205,337
controlled-quantization-fast-mac-m4|quantization|gtsrb|fp16,20,20,0.96,1,0.923076923,13
controlled-quantization-fast-mac-m4|quantization|gtsrb|fp16,21,21,0.962962963,0.928571429,1,13
controlled-quantization-fast-mac-m4|quantization|gtsrb|fp16,22,22,0.972972973,0.947368421,1,18
controlled-quantization-fast-mac-m4|quantization|gtsrb|fp16,23,23,0.956521739,0.916666667,1,22
controlled-quantization-fast-mac-m4|quantization|gtsrb|fp16,24,24,1,1,1,13
controlled-quantization-fast-mac-m4|quantization|gtsrb|fp16,25,25,0.985915493,1,0.972222222,72
controlled-quantization-fast-mac-m4|quantization|gtsrb|fp16,26,26,1,1,1,27
controlled-quantization-fast-mac-m4|quantization|gtsrb|fp16,27,27,0.947368421,0.9,1,9
controlled-quantization-fast-mac-m4|quantization|gtsrb|fp16,28,28,0.954545455,0.954545455,0.954545455,22
controlled-quantization-fast-mac-m4|quantization|gtsrb|fp16,29,29,1,1,1,13
controlled-quantization-fast-mac-m4|quantization|gtsrb|fp16,3,3,0.973995272,0.971698113,0.976303318,211
controlled-quantization-fast-mac-m4|quantization|gtsrb|fp16,30,30,0.952380952,1,0.909090909,22
controlled-quantization-fast-mac-m4|quantization|gtsrb|fp16,31,31,1,1,1,40
controlled-quantization-fast-mac-m4|quantization|gtsrb|fp16,32,32,1,1,1,9
controlled-quantization-fast-mac-m4|quantization|gtsrb|fp16,33,33,0.983606557,1,0.967741935,31
controlled-quantization-fast-mac-m4|quantization|gtsrb|fp16,34,34,1,1,1,18
controlled-quantization-fast-mac-m4|quantization|gtsrb|fp16,35,35,0.991452991,0.983050847,1,58
controlled-quantization-fast-mac-m4|quantization|gtsrb|fp16,36,36,1,1,1,18
controlled-quantization-fast-mac-m4|quantization|gtsrb|fp16,37,37,1,1,1,9
controlled-quantization-fast-mac-m4|quantization|gtsrb|fp16,38,38,0.980952381,0.962616822,1,103
controlled-quantization-fast-mac-m4|quantization|gtsrb|fp16,39,39,0.916666667,1,0.846153846,13
controlled-quantization-fast-mac-m4|quantization|gtsrb|fp16,4,4,0.986531987,0.986531987,0.986531987,297
controlled-quantization-fast-mac-m4|quantization|gtsrb|fp16,40,40,0.923076923,0.923076923,0.923076923,13
controlled-quantization-fast-mac-m4|quantization|gtsrb|fp16,41,41,1,1,1,9
controlled-quantization-fast-mac-m4|quantization|gtsrb|fp16,42,42,0.962962963,0.928571429,1,13
controlled-quantization-fast-mac-m4|quantization|gtsrb|fp16,5,5,0.978417266,0.996336996,0.961130742,283
controlled-quantization-fast-mac-m4|quantization|gtsrb|fp16,6,6,0.992481203,1,0.985074627,67
controlled-quantization-fast-mac-m4|quantization|gtsrb|fp16,7,7,0.976076555,0.985507246,0.966824645,211
controlled-quantization-fast-mac-m4|quantization|gtsrb|fp16,8,8,0.980676329,1,0.962085308,211
controlled-quantization-fast-mac-m4|quantization|gtsrb|fp16,9,9,0.979955457,0.96069869,1,220
controlled-quantization-fast-mac-m4|quantization|gtsrb|fp32,0,0,0.984126984,0.96875,1,31
controlled-quantization-fast-mac-m4|quantization|gtsrb|fp32,1,1,0.989473684,0.990963855,0.987987988,333
controlled-quantization-fast-mac-m4|quantization|gtsrb|fp32,10,10,0.98960499,0.991666667,0.987551867,241
controlled-quantization-fast-mac-m4|quantization|gtsrb|fp32,11,11,1,1,1,63
controlled-quantization-fast-mac-m4|quantization|gtsrb|fp32,12,12,0.995121951,1,0.990291262,103
controlled-quantization-fast-mac-m4|quantization|gtsrb|fp32,13,13,0.995391705,0.990825688,1,108
controlled-quantization-fast-mac-m4|quantization|gtsrb|fp32,14,14,1,1,1,40
controlled-quantization-fast-mac-m4|quantization|gtsrb|fp32,15,15,1,1,1,31
controlled-quantization-fast-mac-m4|quantization|gtsrb|fp32,16,16,1,1,1,22
controlled-quantization-fast-mac-m4|quantization|gtsrb|fp32,17,17,1,1,1,54
controlled-quantization-fast-mac-m4|quantization|gtsrb|fp32,18,18,0.991304348,1,0.982758621,58
controlled-quantization-fast-mac-m4|quantization|gtsrb|fp32,19,19,1,1,1,9
controlled-quantization-fast-mac-m4|quantization|gtsrb|fp32,2,2,0.988095238,0.991044776,0.985163205,337
controlled-quantization-fast-mac-m4|quantization|gtsrb|fp32,20,20,0.888888889,0.857142857,0.923076923,13
controlled-quantization-fast-mac-m4|quantization|gtsrb|fp32,21,21,1,1,1,13
controlled-quantization-fast-mac-m4|quantization|gtsrb|fp32,22,22,1,1,1,18
controlled-quantization-fast-mac-m4|quantization|gtsrb|fp32,23,23,0.954545455,0.954545455,0.954545455,22
controlled-quantization-fast-mac-m4|quantization|gtsrb|fp32,24,24,0.88,0.916666667,0.846153846,13
controlled-quantization-fast-mac-m4|quantization|gtsrb|fp32,25,25,0.993006993,1,0.986111111,72
controlled-quantization-fast-mac-m4|quantization|gtsrb|fp32,26,26,1,1,1,27
controlled-quantization-fast-mac-m4|quantization|gtsrb|fp32,27,27,1,1,1,9
controlled-quantization-fast-mac-m4|quantization|gtsrb|fp32,28,28,0.956521739,0.916666667,1,22
controlled-quantization-fast-mac-m4|quantization|gtsrb|fp32,29,29,0.962962963,0.928571429,1,13
controlled-quantization-fast-mac-m4|quantization|gtsrb|fp32,3,3,0.971830986,0.962790698,0.981042654,211
controlled-quantization-fast-mac-m4|quantization|gtsrb|fp32,30,30,0.904761905,0.95,0.863636364,22
controlled-quantization-fast-mac-m4|quantization|gtsrb|fp32,31,31,1,1,1,40
controlled-quantization-fast-mac-m4|quantization|gtsrb|fp32,32,32,1,1,1,9
controlled-quantization-fast-mac-m4|quantization|gtsrb|fp32,33,33,0.912280702,1,0.838709677,31
controlled-quantization-fast-mac-m4|quantization|gtsrb|fp32,34,34,0.9,0.818181818,1,18
controlled-quantization-fast-mac-m4|quantization|gtsrb|fp32,35,35,0.991452991,0.983050847,1,58
controlled-quantization-fast-mac-m4|quantization|gtsrb|fp32,36,36,1,1,1,18
controlled-quantization-fast-mac-m4|quantization|gtsrb|fp32,37,37,1,1,1,9
controlled-quantization-fast-mac-m4|quantization|gtsrb|fp32,38,38,0.985645933,0.971698113,1,103
controlled-quantization-fast-mac-m4|quantization|gtsrb|fp32,39,39,0.916666667,1,0.846153846,13
controlled-quantization-fast-mac-m4|quantization|gtsrb|fp32,4,4,0.994923858,1,0.98989899,297
controlled-quantization-fast-mac-m4|quantization|gtsrb|fp32,40,40,1,1,1,13
controlled-quantization-fast-mac-m4|quantization|gtsrb|fp32,41,41,0.941176471,1,0.888888889,9
controlled-quantization-fast-mac-m4|quantization|gtsrb|fp32,42,42,0.962962963,0.928571429,1,13
controlled-quantization-fast-mac-m4|quantization|gtsrb|fp32,5,5,0.972413793,0.949494949,0.996466431,283
controlled-quantization-fast-mac-m4|quantization|gtsrb|fp32,6,6,0.992592593,0.985294118,1,67
controlled-quantization-fast-mac-m4|quantization|gtsrb|fp32,7,7,0.978208232,1,0.957345972,211
controlled-quantization-fast-mac-m4|quantization|gtsrb|fp32,8,8,0.988066826,0.995192308,0.981042654,211
controlled-quantization-fast-mac-m4|quantization|gtsrb|fp32,9,9,0.993166287,0.99543379,0.990909091,220
controlled-quantization-fast-mac-m4|ptq|gtsrb|int8_ptq,0,0,0.681318681,0.516666667,1,31
controlled-quantization-fast-mac-m4|ptq|gtsrb|int8_ptq,1,1,0.856760375,0.77294686,0.960960961,333
controlled-quantization-fast-mac-m4|ptq|gtsrb|int8_ptq,10,10,0.872483221,0.946601942,0.809128631,241
controlled-quantization-fast-mac-m4|ptq|gtsrb|int8_ptq,11,11,0.918032787,0.949152542,0.888888889,63
controlled-quantization-fast-mac-m4|ptq|gtsrb|int8_ptq,12,12,0.955223881,0.979591837,0.932038835,103
controlled-quantization-fast-mac-m4|ptq|gtsrb|int8_ptq,13,13,0.976525822,0.99047619,0.962962963,108
controlled-quantization-fast-mac-m4|ptq|gtsrb|int8_ptq,14,14,0.784313725,0.64516129,1,40
controlled-quantization-fast-mac-m4|ptq|gtsrb|int8_ptq,15,15,0.881355932,0.928571429,0.838709677,31
controlled-quantization-fast-mac-m4|ptq|gtsrb|int8_ptq,16,16,0.810810811,1,0.681818182,22
controlled-quantization-fast-mac-m4|ptq|gtsrb|int8_ptq,17,17,0.990654206,1,0.981481481,54
controlled-quantization-fast-mac-m4|ptq|gtsrb|int8_ptq,18,18,0.905660377,1,0.827586207,58
controlled-quantization-fast-mac-m4|ptq|gtsrb|int8_ptq,19,19,0.714285714,1,0.555555556,9
controlled-quantization-fast-mac-m4|ptq|gtsrb|int8_ptq,2,2,0.820083682,0.773684211,0.872403561,337
controlled-quantization-fast-mac-m4|ptq|gtsrb|int8_ptq,20,20,0.75,0.818181818,0.692307692,13
controlled-quantization-fast-mac-m4|ptq|gtsrb|int8_ptq,21,21,0.634146341,0.464285714,1,13
controlled-quantization-fast-mac-m4|ptq|gtsrb|int8_ptq,22,22,0.733333333,0.916666667,0.611111111,18
controlled-quantization-fast-mac-m4|ptq|gtsrb|int8_ptq,23,23,0.952380952,1,0.909090909,22
controlled-quantization-fast-mac-m4|ptq|gtsrb|int8_ptq,24,24,0.727272727,0.888888889,0.615384615,13
controlled-quantization-fast-mac-m4|ptq|gtsrb|int8_ptq,25,25,0.724489796,0.572580645,0.986111111,72
controlled-quantization-fast-mac-m4|ptq|gtsrb|int8_ptq,26,26,0.744186047,1,0.592592593,27
controlled-quantization-fast-mac-m4|ptq|gtsrb|int8_ptq,27,27,0.941176471,1,0.888888889,9
controlled-quantization-fast-mac-m4|ptq|gtsrb|int8_ptq,28,28,0.666666667,0.5625,0.818181818,22
controlled-quantization-fast-mac-m4|ptq|gtsrb|int8_ptq,29,29,0.785714286,0.733333333,0.846153846,13
controlled-quantization-fast-mac-m4|ptq|gtsrb|int8_ptq,3,3,0.726872247,0.679012346,0.781990521,211
controlled-quantization-fast-mac-m4|ptq|gtsrb|int8_ptq,30,30,0.631578947,0.75,0.545454545,22
controlled-quantization-fast-mac-m4|ptq|gtsrb|int8_ptq,31,31,0.837837838,0.911764706,0.775,40
controlled-quantization-fast-mac-m4|ptq|gtsrb|int8_ptq,32,32,0.888888889,0.888888889,0.888888889,9
controlled-quantization-fast-mac-m4|ptq|gtsrb|int8_ptq,33,33,0.896551724,0.962962963,0.838709677,31
controlled-quantization-fast-mac-m4|ptq|gtsrb|int8_ptq,34,34,0.75,0.6,1,18
controlled-quantization-fast-mac-m4|ptq|gtsrb|int8_ptq,35,35,0.854700855,0.847457627,0.862068966,58
controlled-quantization-fast-mac-m4|ptq|gtsrb|int8_ptq,36,36,0.857142857,0.75,1,18
controlled-quantization-fast-mac-m4|ptq|gtsrb|int8_ptq,37,37,0.842105263,0.8,0.888888889,9
controlled-quantization-fast-mac-m4|ptq|gtsrb|int8_ptq,38,38,0.846511628,0.8125,0.883495146,103
controlled-quantization-fast-mac-m4|ptq|gtsrb|int8_ptq,39,39,0.814814815,0.785714286,0.846153846,13
controlled-quantization-fast-mac-m4|ptq|gtsrb|int8_ptq,4,4,0.857142857,0.954545455,0.777777778,297
controlled-quantization-fast-mac-m4|ptq|gtsrb|int8_ptq,40,40,0.44,0.297297297,0.846153846,13
controlled-quantization-fast-mac-m4|ptq|gtsrb|int8_ptq,41,41,0.615384615,1,0.444444444,9
controlled-quantization-fast-mac-m4|ptq|gtsrb|int8_ptq,42,42,0.421052632,0.666666667,0.307692308,13
controlled-quantization-fast-mac-m4|ptq|gtsrb|int8_ptq,5,5,0.721189591,0.760784314,0.685512367,283
controlled-quantization-fast-mac-m4|ptq|gtsrb|int8_ptq,6,6,0.732142857,0.911111111,0.611940299,67
controlled-quantization-fast-mac-m4|ptq|gtsrb|int8_ptq,7,7,0.772334294,0.985294118,0.63507109,211
controlled-quantization-fast-mac-m4|ptq|gtsrb|int8_ptq,8,8,0.817708333,0.907514451,0.744075829,211
controlled-quantization-fast-mac-m4|ptq|gtsrb|int8_ptq,9,9,0.900900901,0.892857143,0.909090909,220
controlled-quantization-fast-mac-m4|quantization|kmnist|fp16,0,0,0.986704653,0.983901515,0.98952381,1050
controlled-quantization-fast-mac-m4|quantization|kmnist|fp16,1,1,0.979455327,0.98274209,0.976190476,1050
controlled-quantization-fast-mac-m4|quantization|kmnist|fp16,2,2,0.978927203,0.984585742,0.973333333,1050
controlled-quantization-fast-mac-m4|quantization|kmnist|fp16,3,3,0.989985694,0.991404011,0.988571429,1050
controlled-quantization-fast-mac-m4|quantization|kmnist|fp16,4,4,0.980410893,0.983700863,0.977142857,1050
controlled-quantization-fast-mac-m4|quantization|kmnist|fp16,5,5,0.984397163,0.977464789,0.991428571,1050
controlled-quantization-fast-mac-m4|quantization|kmnist|fp16,6,6,0.978703265,0.972718721,0.984761905,1050
controlled-quantization-fast-mac-m4|quantization|kmnist|fp16,7,7,0.987619048,0.987619048,0.987619048,1050
controlled-quantization-fast-mac-m4|quantization|kmnist|fp16,8,8,0.987112172,0.989473684,0.984761905,1050
controlled-quantization-fast-mac-m4|quantization|kmnist|fp16,9,9,0.992380952,0.992380952,0.992380952,1050
controlled-quantization-fast-mac-m4|quantization|kmnist|fp32,0,0,0.981852913,0.98467433,0.979047619,1050
controlled-quantization-fast-mac-m4|quantization|kmnist|fp32,1,1,0.977033493,0.981730769,0.972380952,1050
controlled-quantization-fast-mac-m4|quantization|kmnist|fp32,2,2,0.976280835,0.972589792,0.98,1050
controlled-quantization-fast-mac-m4|quantization|kmnist|fp32,3,3,0.984367598,0.979264844,0.98952381,1050
controlled-quantization-fast-mac-m4|quantization|kmnist|fp32,4,4,0.982372558,0.982840801,0.981904762,1050
controlled-quantization-fast-mac-m4|quantization|kmnist|fp32,5,5,0.985604607,0.993230174,0.978095238,1050
controlled-quantization-fast-mac-m4|quantization|kmnist|fp32,6,6,0.974480151,0.967166979,0.981904762,1050
controlled-quantization-fast-mac-m4|quantization|kmnist|fp32,7,7,0.982905983,0.980113636,0.985714286,1050
controlled-quantization-fast-mac-m4|quantization|kmnist|fp32,8,8,0.982857143,0.982857143,0.982857143,1050
controlled-quantization-fast-mac-m4|quantization|kmnist|fp32,9,9,0.991395793,0.995201536,0.987619048,1050
controlled-quantization-fast-mac-m4|ptq|kmnist|int8_ptq,0,0,0.980335731,0.987439614,0.973333333,1050
controlled-quantization-fast-mac-m4|ptq|kmnist|int8_ptq,1,1,0.949780595,0.973026973,0.927619048,1050
controlled-quantization-fast-mac-m4|ptq|kmnist|int8_ptq,2,2,0.952245863,0.945539906,0.959047619,1050
controlled-quantization-fast-mac-m4|ptq|kmnist|int8_ptq,3,3,0.971644612,0.96435272,0.979047619,1050
controlled-quantization-fast-mac-m4|ptq|kmnist|int8_ptq,4,4,0.956148713,0.957061069,0.955238095,1050
controlled-quantization-fast-mac-m4|ptq|kmnist|int8_ptq,5,5,0.969267139,0.962441315,0.976190476,1050
controlled-quantization-fast-mac-m4|ptq|kmnist|int8_ptq,6,6,0.952469711,0.932481752,0.973333333,1050
controlled-quantization-fast-mac-m4|ptq|kmnist|int8_ptq,7,7,0.97137312,0.990108803,0.953333333,1050
controlled-quantization-fast-mac-m4|ptq|kmnist|int8_ptq,8,8,0.964739069,0.95264624,0.977142857,1050
controlled-quantization-fast-mac-m4|ptq|kmnist|int8_ptq,9,9,0.986577181,0.993243243,0.98,1050
controlled-quantization-fast-mac-m4|quantization|mnist|fp16,0,0,0.994219653,0.991354467,0.997101449,1035
controlled-quantization-fast-mac-m4|quantization|mnist|fp16,1,1,0.99408284,0.992405063,0.9957663,1181
controlled-quantization-fast-mac-m4|quantization|mnist|fp16,2,2,0.979846449,0.985521236,0.974236641,1048
controlled-quantization-fast-mac-m4|quantization|mnist|fp16,3,3,0.990182328,0.991573034,0.988795518,1071
controlled-quantization-fast-mac-m4|quantization|mnist|fp16,4,4,0.994626282,0.994140625,0.995112414,1023
controlled-quantization-fast-mac-m4|quantization|mnist|fp16,5,5,0.977941176,0.972831766,0.983104541,947
controlled-quantization-fast-mac-m4|quantization|mnist|fp16,6,6,0.987390883,0.987390883,0.987390883,1031
controlled-quantization-fast-mac-m4|quantization|mnist|fp16,7,7,0.987202925,0.987202925,0.987202925,1094
controlled-quantization-fast-mac-m4|quantization|mnist|fp16,8,8,0.990718124,0.991202346,0.990234375,1024
controlled-quantization-fast-mac-m4|quantization|mnist|fp16,9,9,0.986077772,0.988450433,0.983716475,1044
controlled-quantization-fast-mac-m4|quantization|mnist|fp32,0,0,0.996616723,0.997098646,0.996135266,1035
controlled-quantization-fast-mac-m4|quantization|mnist|fp32,1,1,0.994906621,0.997446809,0.99237934,1181
controlled-quantization-fast-mac-m4|quantization|mnist|fp32,2,2,0.978157645,0.973534972,0.982824427,1048
controlled-quantization-fast-mac-m4|quantization|mnist|fp32,3,3,0.991635688,0.987049029,0.996265173,1071
controlled-quantization-fast-mac-m4|quantization|mnist|fp32,4,4,0.994157741,0.990300679,0.998044966,1023
controlled-quantization-fast-mac-m4|quantization|mnist|fp32,5,5,0.985736926,0.986257928,0.985216473,947
controlled-quantization-fast-mac-m4|quantization|mnist|fp32,6,6,0.986381323,0.989268293,0.983511154,1031
controlled-quantization-fast-mac-m4|quantization|mnist|fp32,7,7,0.990441511,0.986400725,0.994515539,1094
controlled-quantization-fast-mac-m4|quantization|mnist|fp32,8,8,0.98817734,0.997017893,0.979492188,1024
controlled-quantization-fast-mac-m4|quantization|mnist|fp32,9,9,0.98799808,0.990375361,0.985632184,1044
controlled-quantization-fast-mac-m4|ptq|mnist|int8_ptq,0,0,0.992736077,0.995145631,0.990338164,1035
controlled-quantization-fast-mac-m4|ptq|mnist|int8_ptq,1,1,0.992781316,0.995741056,0.989839119,1181
controlled-quantization-fast-mac-m4|ptq|mnist|int8_ptq,2,2,0.968045113,0.953703704,0.982824427,1048
controlled-quantization-fast-mac-m4|ptq|mnist|int8_ptq,3,3,0.987918216,0.983348751,0.992530345,1071
controlled-quantization-fast-mac-m4|ptq|mnist|int8_ptq,4,4,0.989720999,0.991176471,0.988269795,1023
controlled-quantization-fast-mac-m4|ptq|mnist|int8_ptq,5,5,0.977011494,0.966907963,0.987328405,947
controlled-quantization-fast-mac-m4|ptq|mnist|int8_ptq,6,6,0.978869779,0.992031873,0.966052376,1031
controlled-quantization-fast-mac-m4|ptq|mnist|int8_ptq,7,7,0.985876993,0.982742961,0.989031079,1094
controlled-quantization-fast-mac-m4|ptq|mnist|int8_ptq,8,8,0.977689638,0.992950655,0.962890625,1024
controlled-quantization-fast-mac-m4|ptq|mnist|int8_ptq,9,9,0.981835564,0.979961832,0.983716475,1044
controlled-quantization-fast-mac-m4|quantization|svhn|fp16,0,0,0.913580247,0.905974535,0.921314741,1004
controlled-quantization-fast-mac-m4|quantization|svhn|fp16,1,1,0.937704918,0.920704846,0.955344585,2844
controlled-quantization-fast-mac-m4|quantization|svhn|fp16,2,2,0.936880072,0.933513028,0.940271493,2210
controlled-quantization-fast-mac-m4|quantization|svhn|fp16,3,3,0.883224659,0.893821236,0.872876391,1707
controlled-quantization-fast-mac-m4|quantization|svhn|fp16,4,4,0.927169937,0.923178808,0.931195725,1497
controlled-quantization-fast-mac-m4|quantization|svhn|fp16,5,5,0.904129794,0.927382753,0.882014388,1390
controlled-quantization-fast-mac-m4|quantization|svhn|fp16,6,6,0.878537222,0.883537653,0.873593074,1155
controlled-quantization-fast-mac-m4|quantization|svhn|fp16,7,7,0.917077544,0.939393939,0.895796848,1142
controlled-quantization-fast-mac-m4|quantization|svhn|fp16,8,8,0.885853659,0.869731801,0.902584493,1006
controlled-quantization-fast-mac-m4|quantization|svhn|fp16,9,9,0.880043034,0.888165038,0.87206823,938
controlled-quantization-fast-mac-m4|quantization|svhn|fp32,0,0,0.936105477,0.953512397,0.919322709,1004
controlled-quantization-fast-mac-m4|quantization|svhn|fp32,1,1,0.941011728,0.936911816,0.945147679,2844
controlled-quantization-fast-mac-m4|quantization|svhn|fp32,2,2,0.935314286,0.945034642,0.925791855,2210
controlled-quantization-fast-mac-m4|quantization|svhn|fp32,3,3,0.883774453,0.868287168,0.899824253,1707
controlled-quantization-fast-mac-m4|quantization|svhn|fp32,4,4,0.928476821,0.920551543,0.936539746,1497
controlled-quantization-fast-mac-m4|quantization|svhn|fp32,5,5,0.903041145,0.898220641,0.907913669,1390
controlled-quantization-fast-mac-m4|quantization|svhn|fp32,6,6,0.883150985,0.892920354,0.873593074,1155
controlled-quantization-fast-mac-m4|quantization|svhn|fp32,7,7,0.905254091,0.890677966,0.920315236,1142
controlled-quantization-fast-mac-m4|quantization|svhn|fp32,8,8,0.878695209,0.90167364,0.856858847,1006
controlled-quantization-fast-mac-m4|quantization|svhn|fp32,9,9,0.900321543,0.905172414,0.895522388,938
controlled-quantization-fast-mac-m4|ptq|svhn|int8_ptq,0,0,0.928317234,0.94807892,0.90936255,1004
controlled-quantization-fast-mac-m4|ptq|svhn|int8_ptq,1,1,0.938917976,0.932085932,0.945850914,2844
controlled-quantization-fast-mac-m4|ptq|svhn|int8_ptq,2,2,0.930955647,0.940850277,0.921266968,2210
controlled-quantization-fast-mac-m4|ptq|svhn|int8_ptq,3,3,0.873988439,0.862521392,0.885764499,1707
controlled-quantization-fast-mac-m4|ptq|svhn|int8_ptq,4,4,0.925224327,0.920634921,0.929859719,1497
controlled-quantization-fast-mac-m4|ptq|svhn|int8_ptq,5,5,0.89217759,0.874309392,0.910791367,1390
controlled-quantization-fast-mac-m4|ptq|svhn|int8_ptq,6,6,0.881758242,0.895535714,0.868398268,1155
controlled-quantization-fast-mac-m4|ptq|svhn|int8_ptq,7,7,0.9011653,0.888510638,0.914185639,1142
controlled-quantization-fast-mac-m4|ptq|svhn|int8_ptq,8,8,0.881775942,0.917293233,0.848906561,1006
controlled-quantization-fast-mac-m4|ptq|svhn|int8_ptq,9,9,0.893028206,0.891604676,0.89445629,938
