uid,campaign,stage,dataset,condition,run_id,status,status_updated_at,attempt,source_ref,source_kind,environment_basis,batch_size,extra_fraction,seed,normalization,balance_mode,dtype_policy,hidden_activation,learning_rate,num_classes,image_size,native_channels,train_fraction,validation_fraction,test_fraction,max_epochs,config_fingerprint,split_fingerprint,source_fingerprint,optimizer,epochs_completed,training_seconds_reported,evaluation_seconds,wall_seconds,gpu_backend,gpu_name,gpu_core_count,system_ram_gib,cpu_logical_cores,macos_version,metal_version,tensorflow_version,tensorflow_metal_version,python_version,test_loss,telemetry_samples,telemetry_interval_seconds,thermal_pressure,test_accuracy,test_balanced_accuracy,test_macro_f1,test_macro_precision,test_macro_recall,test_macro_ovr_auc,test_samples,epochs_recorded,cpu_mean_percent,cpu_p95_percent,cpu_max_percent,process_cpu_mean_percent,process_cpu_p95_percent,process_cpu_max_percent,gpu_mean_percent,gpu_p95_percent,gpu_max_percent,ram_mean_percent,ram_p95_percent,ram_max_percent,gpu_memory_mean_gib,gpu_memory_p95_gib,gpu_memory_max_gib,process_rss_mean_gib,process_rss_p95_gib,process_rss_max_gib,hardware_scope,telemetry_sessions,telemetry_samples_raw,telemetry_periodic_samples,telemetry_start,telemetry_end,best_epoch,training_seconds,mean_epoch_seconds,mean_train_examples_per_second,ptq_model_bytes,ptq_batch_size,ptq_median_batch_latency_ms,ptq_p95_pass_seconds,ptq_throughput_examples_per_second,gpu_memory_kind,source_snapshot,epochs_timed,timing_basis,train_examples_per_second,best_val_macro_f1,final_val_macro_f1,timing_delta_seconds,training_hours
controlled-augmentation2-mac-m4-aug05|batch|cifar10|batch-32,controlled-augmentation2-mac-m4-aug05,batch,cifar10,batch-32,cifar10__unit_interval__all_raw__seed-42,completed,2026-09-10T23:34:33.886+00:00,1,outputs/controlled-augmentation2-mac-m4-aug05/batch/batch-032/cifar10/runs/cifar10__unit_interval__all_raw__seed-42/status.json,raw,environment.json,32,0.5,42,unit_interval,all_raw,mixed_float16,swish,0.0003,10,64,3,0.7,0.15,0.15,100,fe99e5d9bb0c7c0ccd8bd2a4e24860c85da51f62d8d46e3f2dc250b68bfb8fb6,48145c3e2cc47bcc727ce18d9dcdfd00a7a3b8e638b53fdf41382a508562af83,28f7bb636acd632028cce6b48b8024c23af1cd724156739bf1b1ea3a3ef3ec84,Adam,100,44681.6409,47.3618549,47633.2137,apple-metal-ioreg,Apple M4,10,16,10,15.0,Metal 3,2.18.1,1.2.0,"3.10.21 (main, Aug 14 2026, 15:25:49) [Clang 22.1.3 ]",0.831660569,9359,5,nominal,0.724777778,0.724777778,0.723506638,0.723746743,0.724777778,0.959248059,9000,100,20.5559399,23.1,57.6,100.642352,110.1,218.3,64.4206032,81,94,76.5710085,82.6,83.2,0.329057901,0.331115723,1.41851807,2.62216483,5.10738373,5.70391846,"Todas as amostras periódicas preservadas no CSV (ciclo inteiro, todas as sessões disponíveis)",1,9359,9251,2026-09-10 10:20:40.111000+00:00,2026-09-10 23:34:33.233000+00:00,84,44681.6409,446.816409,,,,,,,,,100,Soma das épocas preservadas,140.997508,0.725571335,0.713795266,0,12.4115669
controlled-augmentation2-mac-m4-aug05|batch|cifar100_coarse|batch-32,controlled-augmentation2-mac-m4-aug05,batch,cifar100_coarse,batch-32,cifar100_coarse__unit_interval__all_raw__seed-42,completed,2026-09-18T15:18:28.276+00:00,1,outputs/controlled-augmentation2-mac-m4-aug05/batch/batch-032/cifar100_coarse/runs/cifar100_coarse__unit_interval__all_raw__seed-42/status.json,raw,environment.json,32,0.5,42,unit_interval,all_raw,mixed_float16,swish,0.0003,20,64,3,0.7,0.15,0.15,100,1add0f0884cf17a5f3e621c31742cd77234b1a5da2877e28ac1c7dc932a55d8d,c5f33c74d1bd3def59246c517a567c911f730b09064cf4fc52cbbb4497c5afa0,7665d33493daee2a5f3181e2834b8a926057fecc6a43b76519e7c4027b628c51,Adam,100,18628.7808,49.6157754,19792.1859,apple-metal-ioreg,Apple M4,10,16,10,15.0,Metal 3,2.18.1,1.2.0,"3.10.21 (main, Aug 14 2026, 15:25:49) [Clang 22.1.3 ]",1.7369343,3864,5,nominal,0.470444444,0.470444444,0.47043797,0.476096729,0.470444444,0.903411319,9000,100,21.3821321,24.5,49.6,98.0731616,110.3,214.3,67.2384479,82,96,70.4585793,82.37,83.6,0.397225984,0.545837402,1.24472046,3.43952025,5.72218018,6.1645813,"Todas as amostras periódicas preservadas no CSV (ciclo inteiro, todas as sessões disponíveis)",2,9699,9587,2026-09-11 19:16:25.868000+00:00,2026-09-18 15:18:27.750000+00:00,90,46023.057,460.23057,,,,,,,,,100,Soma das épocas preservadas,136.887908,0.484708528,0.471279017,27394.2762,12.7841825
controlled-augmentation2-mac-m4-aug05|batch|emnist_balanced|batch-32,controlled-augmentation2-mac-m4-aug05,batch,emnist_balanced,batch-32,emnist_balanced__unit_interval__all_raw__seed-42,completed,2026-09-18T09:48:03.500+00:00,1,outputs/controlled-augmentation2-mac-m4-aug05/batch/batch-032/emnist_balanced/runs/emnist_balanced__unit_interval__all_raw__seed-42/status.json,raw,environment.json,32,0.5,42,unit_interval,all_raw,mixed_float16,swish,0.0003,47,64,1,0.7,0.15,0.15,100,0dcf8b89ab4acc0f65dadd96cec8f9bcc77ad09ffb81410f6fa23f2520016fcc,6e3059c51b533357fd06e5facb7f29c5be025840ab41ba1fe1d4e1431119bdd3,521079a66e97c8fb2d1bf334d79bf95afa6a062fbfcc9f26c532a0e637283f5b,Adam,100,39374.9566,106.392076,41912.9577,apple-metal-ioreg,Apple M4,10,16,10,15.0,Metal 3,2.18.1,1.2.0,"3.10.21 (main, Aug 14 2026, 15:25:49) [Clang 22.1.3 ]",0.355457723,8211,5,nominal,0.877203647,0.877203647,0.875124456,0.880205054,0.877203647,0.997229569,19740,100,20.2279977,24,68.5,92.1372047,109.5,231,71.1658523,82,96,77.7290376,83,83.3,0.418858844,0.531228638,1.22042847,2.25623575,4.16859741,4.72416687,"Todas as amostras periódicas preservadas no CSV (ciclo inteiro, todas as sessões disponíveis)",2,22421,22309,2026-09-03 19:22:29.334000+00:00,2026-09-18 09:48:02.492000+00:00,90,107152.88,1071.5288,,,,,,,,,100,Soma das épocas preservadas,128.955936,0.876943056,0.872743908,67777.9236,29.7646889
controlled-augmentation2-mac-m4-aug05|batch|fashion_mnist|batch-32,controlled-augmentation2-mac-m4-aug05,batch,fashion_mnist,batch-32,fashion_mnist__unit_interval__all_raw__seed-42,completed,2026-09-17T17:40:50.161+00:00,1,outputs/controlled-augmentation2-mac-m4-aug05/batch/batch-032/fashion_mnist/runs/fashion_mnist__unit_interval__all_raw__seed-42/status.json,raw,environment.json,32,0.5,42,unit_interval,all_raw,mixed_float16,swish,0.0003,10,64,1,0.7,0.15,0.15,100,4417d27f3e180f62e7d02530480277b790d4d1ac4567c81f51cfc913b1525e1d,7d52ffaa0b79c6f8e5e510c6c95e9243e81e25c358269a10fe142381e9f5befb,f762a26f80a87444cd622c90567384500191955fd53882c62fcad5c983777e12,Adam,100,58887.8469,58.2029121,62675.3697,apple-metal-ioreg,Apple M4,10,16,10,15.0,Metal 3,2.18.1,1.2.0,"3.10.21 (main, Aug 14 2026, 15:25:49) [Clang 22.1.3 ]",0.231221005,12317,5,nominal,0.920571429,0.920571429,0.920414095,0.920879175,0.920571429,0.995121119,10500,100,19.3013308,23.7,64.5,82.6829628,85.4,192.3,76.1172205,82,100,78.5661726,82.9,83.5,0.426906834,0.546524048,1.78997803,2.07541889,3.72179565,4.17977905,"Todas as amostras periódicas preservadas no CSV (ciclo inteiro, todas as sessões disponíveis)",2,12661,12549,2026-08-31 23:00:26.916000+00:00,2026-09-17 17:40:49.073000+00:00,77,59929.3641,599.293641,,,,,,,,,100,Soma das épocas preservadas,122.644385,0.925974424,0.920680047,1041.51718,16.6470456
controlled-augmentation2-mac-m4-aug05|batch|fer2013|batch-32,controlled-augmentation2-mac-m4-aug05,batch,fer2013,batch-32,fer2013__unit_interval__all_raw__seed-42,completed,2026-09-30T09:28:19.444+00:00,1,outputs/controlled-augmentation2-mac-m4-aug05/batch/batch-032/fer2013/runs/fer2013__unit_interval__all_raw__seed-42/status.json,raw,environment.json,32,0.5,42,unit_interval,all_raw,mixed_float16,swish,0.0003,7,64,1,0.7,0.15,0.15,100,bdb28553b9e2aba82591972d94a127710d62d4bb0a55c27f43dba1fc5941ba05,5541ce65ae3322903e7ee5642b7d830f02d55620d3c4c6100b2b4f3869360b7d,9c1eda49332f342025a38f38834273f4860f6172d8e71a6c92c3ac64a9157b32,Adam,100,24392.1636,29.3239919,26108.1469,apple-metal-ioreg,Apple M4,10,16,10,15.0,Metal 3,2.18.1,1.2.0,"3.10.21 (main, Aug 14 2026, 15:25:49) [Clang 22.1.3 ]",1.26693356,5214,5,nominal,0.524526198,0.48830901,0.494743845,0.522215362,0.48830901,0.832141751,5382,100,19.8576772,23.8,45.6,99.2975127,106.6,157.1,64.1286722,79,94,78.3327262,82.5,82.9,0.230388404,0.276077271,0.343856812,1.90648284,2.87731171,3.57249451,"Todas as amostras periódicas preservadas no CSV (ciclo inteiro, todas as sessões disponíveis)",1,5214,5106,2026-09-30 02:13:11.155000+00:00,2026-09-30 09:28:19.057000+00:00,100,24392.1636,243.921636,,,,,,,,,100,Soma das épocas preservadas,154.479941,0.499450855,0.499450855,0,6.77560101
controlled-augmentation2-mac-m4-aug05|batch|gtsrb|batch-32,controlled-augmentation2-mac-m4-aug05,batch,gtsrb,batch-32,gtsrb__unit_interval__all_raw__seed-42,completed,2026-09-21T17:03:29.758+00:00,1,outputs/controlled-augmentation2-mac-m4-aug05/batch/batch-032/gtsrb/runs/gtsrb__unit_interval__all_raw__seed-42/status.json,raw,environment.json,32,0.5,42,unit_interval,all_raw,mixed_float16,swish,0.0003,43,128,3,0.7,0.15,0.15,100,54b2930034f7d9ee3105f47c726fb08098ba22c0de059a27423eddce1278d4ea,3bffc0cf36b45aeb68bbbf910a1c3e4bddb3a5dd1f6280e4ab6ea67034d7ea58,cc22bf0a243a52a8844d79155947b8484fef32394ec77d7b979e072daa8d3072,Adam,100,13628.2337,40.5977433,14703.558,apple-metal-ioreg,Apple M4,10,16,10,15.0,Metal 3,2.18.1,1.2.0,"3.10.21 (main, Aug 14 2026, 15:25:49) [Clang 22.1.3 ]",0.0173911899,2920,5,nominal,0.99506467,0.993173341,0.993324996,0.993601657,0.993173341,0.999991923,5876,100,18.2637722,20.9,45.7,86.659145,101.8,123.9,76.9341754,85,100,72.67735,81.2,82.8,0.636250642,0.763417816,1.5266571,2.44612232,3.89370346,4.51348877,"Todas as amostras periódicas preservadas no CSV (ciclo inteiro, todas as sessões disponíveis)",2,8346,8234,2026-09-20 13:08:51.924000+00:00,2026-09-21 17:03:29.158000+00:00,82,39380.5155,393.805155,,,,,,,,,100,Soma das épocas preservadas,104.704064,0.995161632,0.987917457,25752.2818,10.9390321
controlled-augmentation2-mac-m4-aug05|batch|kmnist|batch-32,controlled-augmentation2-mac-m4-aug05,batch,kmnist,batch-32,kmnist__unit_interval__all_raw__seed-42,completed,2026-09-02T21:23:58.498+00:00,1,outputs/controlled-augmentation2-mac-m4-aug05/batch/batch-032/kmnist/runs/kmnist__unit_interval__all_raw__seed-42/status.json,raw,environment.json,32,0.5,42,unit_interval,all_raw,mixed_float16,swish,0.0003,10,64,1,0.7,0.15,0.15,100,b46a2011903465e47308126d9f4ed78e57c47097f2e57ea31e3cd69fac8663c2,161c642197f73a5c2a9888f8f889988f3853ec4a3aa1a4101c2c1fe0d3478f81,ca7863d6898e8d5f5af577921bfe35a73798a82ddb36de31dfdde7b5318c2c92,Adam,100,61604.649,56.0459878,65443.0952,apple-metal-ioreg,Apple M4,10,16,10,15.0,Metal 3,2.18.1,1.2.0,"3.10.21 (main, Aug 14 2026, 15:25:49) [Clang 22.1.3 ]",0.057568945,12857,5,nominal,0.986285714,0.986285714,0.986289604,0.986312966,0.986285714,0.999768818,10500,100,20.265715,22.9,52.6,83.5415797,86.5,158.2,76.3684995,82,94,79.9177661,82.9,83.2,0.434131633,0.511315918,0.578155518,2.06162858,3.74098206,4.42724609,"Todas as amostras periódicas preservadas no CSV (ciclo inteiro, todas as sessões disponíveis)",1,12857,12749,2026-09-02 03:13:14.736000+00:00,2026-09-02 21:23:57.715000+00:00,85,61604.649,616.04649,,,,,,,,,100,Soma das épocas preservadas,119.309177,0.987804792,0.986189695,0,17.1124025
controlled-augmentation2-mac-m4-aug05|batch|mnist|batch-32,controlled-augmentation2-mac-m4-aug05,batch,mnist,batch-32,mnist__unit_interval__all_raw__seed-42,completed,2026-08-29T16:50:27.530+00:00,1,outputs/controlled-augmentation2-mac-m4-aug05/batch/batch-032/mnist/runs/mnist__unit_interval__all_raw__seed-42/status.json,raw,environment.json,32,0.5,42,unit_interval,all_raw,mixed_float16,swish,0.0003,10,64,1,0.7,0.15,0.15,100,ac7739e5c19de3a57d7eef0526b70f07592ca1f5fc78e735e7b056ae364c691f,e318c7442df3e0a1d1f67bd6fa1eac1602b6440bf135240aca0008293af1e6c8,37973b9383a97261534d410d48641dd18c8e0d9c05ce70bbaa6baf77c3bf0e55,Adam,100,51355.6422,53.2582629,54790.028,apple-metal-ioreg,Apple M4,10,16,10,15.0,Metal 3,2.18.1,1.2.0,"3.10.21 (main, Aug 14 2026, 15:25:49) [Clang 22.1.3 ]",0.0483909063,10763,5,nominal,0.988378739,0.988172277,0.988214973,0.988280494,0.988172277,0.999798609,10498,100,19.0613139,22.6,71.7,94.5366964,106.6,155.4,67.9360863,81,100,77.3984608,82.8,83.3,0.34921053,0.37322998,0.622360229,2.3703704,3.93022461,4.35179138,"Todas as amostras periódicas preservadas no CSV (ciclo inteiro, todas as sessões disponíveis)",1,10763,10655,2026-08-29 01:37:16.803000+00:00,2026-08-29 16:50:26.846000+00:00,94,51355.6422,513.556422,,,,,,,,,100,Soma das épocas preservadas,143.115726,0.992241957,0.988173466,0,14.2654562
controlled-augmentation2-mac-m4-aug05|batch|svhn|batch-32,controlled-augmentation2-mac-m4-aug05,batch,svhn,batch-32,svhn__unit_interval__all_raw__seed-42,completed,2026-09-19T03:15:06.540+00:00,1,outputs/controlled-augmentation2-mac-m4-aug05/batch/batch-032/svhn/runs/svhn__unit_interval__all_raw__seed-42/status.json,raw,environment.json,32,0.5,42,unit_interval,all_raw,mixed_float16,swish,0.0003,10,64,3,0.7,0.15,0.15,100,edb31269856587945750f656b05eebc01b4f95e6d23b2b5a55dfbe5995c9fb31,b1ad6aa772e6195196890106f84cdbed3cf158b3eae278cd230309d2f82758c9,3065b28edc34b54771e594f1a2b106e65540ee573125f415a18b6fdc7fda6d0e,Adam,100,21627.8109,81.2408529,23089.6607,apple-metal-ioreg,Apple M4,10,16,10,15.0,Metal 3,2.18.1,1.2.0,"3.10.21 (main, Aug 14 2026, 15:25:49) [Clang 22.1.3 ]",0.26180768,4534,5,nominal,0.92593836,0.919474489,0.922343908,0.92547412,0.919474489,0.9946863,14893,100,19.0063401,21.9,60,85.3655492,88.8,224.7,76.1967195,83,95,78.318457,82.5,85.7,0.346937248,0.473602295,1.6958313,2.10937948,3.389151,5.11077881,"Todas as amostras periódicas preservadas no CSV (ciclo inteiro, todas as sessões disponíveis)",2,18219,18107,2026-09-16 00:16:17.709000+00:00,2026-09-19 03:15:06.021000+00:00,99,86726.6826,867.266826,,,,,,,,,100,Soma das épocas preservadas,120.20868,0.917766488,0.913491605,65098.8717,24.0907452
controlled-augmentation2-mac-m4-aug05|batch|cifar10|batch-64,controlled-augmentation2-mac-m4-aug05,batch,cifar10,batch-64,cifar10__unit_interval__all_raw__seed-42,completed,2026-09-11T09:11:26.671+00:00,1,outputs/controlled-augmentation2-mac-m4-aug05/batch/batch-064/cifar10/runs/cifar10__unit_interval__all_raw__seed-42/status.json,raw,environment.json,64,0.5,42,unit_interval,all_raw,mixed_float16,swish,0.0003,10,64,3,0.7,0.15,0.15,100,8dba200597fbe4b4b17ebe00c6f36b4405dc4c20d277fd77cd86d13e42bbdc31,48145c3e2cc47bcc727ce18d9dcdfd00a7a3b8e638b53fdf41382a508562af83,28f7bb636acd632028cce6b48b8024c23af1cd724156739bf1b1ea3a3ef3ec84,Adam,100,32212.688,37.6300651,34594.3823,apple-metal-ioreg,Apple M4,10,16,10,15.0,Metal 3,2.18.1,1.2.0,"3.10.21 (main, Aug 14 2026, 15:25:49) [Clang 22.1.3 ]",0.853262126,6812,5,nominal,0.709666667,0.709666667,0.709562817,0.713032001,0.709666667,0.957141886,9000,100,17.1113813,19.4,52.6,84.0208234,88.7,227.4,80.0023866,86,100,69.7708532,80.7,83.1,0.366993745,0.410018921,0.709899902,3.46232685,5.93605347,6.17599487,"Todas as amostras periódicas preservadas no CSV (ciclo inteiro, todas as sessões disponíveis)",1,6812,6704,2026-09-10 23:34:52.117000+00:00,2026-09-11 09:11:26.305000+00:00,93,32212.688,322.12688,,,,,,,,,100,Soma das épocas preservadas,195.57511,0.715910594,0.699268442,0,8.94796888
controlled-augmentation2-mac-m4-aug05|batch|cifar100_coarse|batch-64,controlled-augmentation2-mac-m4-aug05,batch,cifar100_coarse,batch-64,cifar100_coarse__unit_interval__all_raw__seed-42,completed,2026-09-15T05:39:54.320+00:00,1,outputs/controlled-augmentation2-mac-m4-aug05/batch/batch-064/cifar100_coarse/runs/cifar100_coarse__unit_interval__all_raw__seed-42/status.json,raw,environment.json,64,0.5,42,unit_interval,all_raw,mixed_float16,swish,0.0003,20,64,3,0.7,0.15,0.15,100,f1545fd868ea50e112e4da9a637703ac6982a92b8d314a3727ae15fe8640e1a4,c5f33c74d1bd3def59246c517a567c911f730b09064cf4fc52cbbb4497c5afa0,7665d33493daee2a5f3181e2834b8a926057fecc6a43b76519e7c4027b628c51,Adam,100,31988.5108,38.4034945,34370.7699,apple-metal-ioreg,Apple M4,10,16,10,15.0,Metal 3,2.18.1,1.2.0,"3.10.21 (main, Aug 14 2026, 15:25:49) [Clang 22.1.3 ]",1.75525212,6823,5,nominal,0.471777778,0.471777778,0.46924257,0.470741167,0.471777778,0.901090786,9000,100,18.8805361,25.1,96.3,83.9104244,89.9,219.1,80.3915115,86,95,80.2549814,82.6,88.3,0.406051061,0.654728699,2.39750671,1.7071149,2.21974792,3.03071594,"Todas as amostras periódicas preservadas no CSV (ciclo inteiro, todas as sessões disponíveis)",1,6823,6715,2026-09-14 20:07:03.185000+00:00,2026-09-15 05:39:53.818000+00:00,81,31988.5108,319.885108,,,,,,,,,100,Soma das épocas preservadas,196.945711,0.481321571,0.470077535,0,8.88569743
controlled-augmentation2-mac-m4-aug05|batch|emnist_balanced|batch-64,controlled-augmentation2-mac-m4-aug05,batch,emnist_balanced,batch-64,emnist_balanced__unit_interval__all_raw__seed-42,completed,2026-09-09T12:40:16.086+00:00,1,outputs/controlled-augmentation2-mac-m4-aug05/batch/batch-064/emnist_balanced/runs/emnist_balanced__unit_interval__all_raw__seed-42/status.json,raw,environment.json,64,0.5,42,unit_interval,all_raw,mixed_float16,swish,0.0003,47,64,1,0.7,0.15,0.15,100,72e85ad38d95ebe88bb9210d32d72c9c9fc07b547a77237fac00abbd743c92f8,6e3059c51b533357fd06e5facb7f29c5be025840ab41ba1fe1d4e1431119bdd3,521079a66e97c8fb2d1bf334d79bf95afa6a062fbfcc9f26c532a0e637283f5b,Adam,100,67231.4733,74.6721504,72277.6824,apple-metal-ioreg,Apple M4,10,16,10,15.0,Metal 3,2.18.1,1.2.0,"3.10.21 (main, Aug 14 2026, 15:25:49) [Clang 22.1.3 ]",0.34308058,14185,5,nominal,0.879381966,0.879381966,0.877983577,0.880648139,0.879381966,0.997368899,19740,100,17.7043475,21.1,50.1,86.3968388,101,228.3,78.9910492,86,100,79.5698942,82.7,84.6,0.366062772,0.40977478,2.1234436,2.03342291,2.9531311,3.88494873,"Todas as amostras periódicas preservadas no CSV (ciclo inteiro, todas as sessões disponíveis)",1,14185,14077,2026-09-08 16:35:37.467000+00:00,2026-09-09 12:40:15.073000+00:00,85,67231.4733,672.314733,,,,,,,,,100,Soma das épocas preservadas,205.52874,0.878129842,0.872315146,0,18.6754092
controlled-augmentation2-mac-m4-aug05|batch|fashion_mnist|batch-64,controlled-augmentation2-mac-m4-aug05,batch,fashion_mnist,batch-64,fashion_mnist__unit_interval__all_raw__seed-42,completed,2026-09-17T22:09:00.449+00:00,1,outputs/controlled-augmentation2-mac-m4-aug05/batch/batch-064/fashion_mnist/runs/fashion_mnist__unit_interval__all_raw__seed-42/status.json,raw,environment.json,64,0.5,42,unit_interval,all_raw,mixed_float16,swish,0.0003,10,64,1,0.7,0.15,0.15,100,e39ba27e6969f94f748d02849aa805a828f6cebaf4b9f491f01885ac1628644f,7d52ffaa0b79c6f8e5e510c6c95e9243e81e25c358269a10fe142381e9f5befb,f762a26f80a87444cd622c90567384500191955fd53882c62fcad5c983777e12,Adam,100,14861.8665,45.2706845,16073.2014,apple-metal-ioreg,Apple M4,10,16,10,15.0,Metal 3,2.18.1,1.2.0,"3.10.21 (main, Aug 14 2026, 15:25:49) [Clang 22.1.3 ]",0.2368467,3155,5,nominal,0.918380952,0.918380952,0.918488647,0.918705816,0.918380952,0.99511681,10500,100,19.7487791,28.2,66.1,82.5288898,95.2,189.8,78.3918228,86,100,79.2098949,92.8,93.9,4.61176107,8.5298996,9.49621582,2.39166588,5.4590065,5.6812439,"Todas as amostras periódicas preservadas no CSV (ciclo inteiro, todas as sessões disponíveis)",2,7156,7044,2026-08-31 23:32:46.232000+00:00,2026-09-17 22:08:59.951000+00:00,96,33368.2655,333.682655,,,,,,,,,100,Soma das épocas preservadas,220.269165,0.923180645,0.921193357,18506.3991,9.26896265
controlled-augmentation2-mac-m4-aug05|batch|fer2013|batch-64,controlled-augmentation2-mac-m4-aug05,batch,fer2013,batch-64,fer2013__unit_interval__all_raw__seed-42,completed,2026-09-30T14:50:30.700+00:00,1,outputs/controlled-augmentation2-mac-m4-aug05/batch/batch-064/fer2013/runs/fer2013__unit_interval__all_raw__seed-42/status.json,raw,environment.json,64,0.5,42,unit_interval,all_raw,mixed_float16,swish,0.0003,7,64,1,0.7,0.15,0.15,100,8fe444b927b402521ec1b7b05bf74ee4fc7405653351696d3f3cf324d17b9229,5541ce65ae3322903e7ee5642b7d830f02d55620d3c4c6100b2b4f3869360b7d,9c1eda49332f342025a38f38834273f4860f6172d8e71a6c92c3ac64a9157b32,Adam,100,17897.8054,23.9156386,19319.1386,apple-metal-ioreg,Apple M4,10,16,10,15.0,Metal 3,2.18.1,1.2.0,"3.10.21 (main, Aug 14 2026, 15:25:49) [Clang 22.1.3 ]",1.27044249,3832,5,nominal,0.511519881,0.457574395,0.471487921,0.510209248,0.457574395,0.830825453,5382,100,16.5637755,18.3,36.2,78.8749463,81.9,158.8,79.6151987,86,93,61.0696831,69,73.2,0.30863066,0.359723663,0.458389282,4.98977473,6.38610764,6.55935669,"Todas as amostras periódicas preservadas no CSV (ciclo inteiro, todas as sessões disponíveis)",1,3832,3724,2026-09-30 09:28:31.501000+00:00,2026-09-30 14:50:30.326000+00:00,87,17897.8054,178.978054,,,,,,,,,100,Soma das épocas preservadas,210.534192,0.491543644,0.459226815,0,4.97161262
controlled-augmentation2-mac-m4-aug05|batch|gtsrb|batch-64,controlled-augmentation2-mac-m4-aug05,batch,gtsrb,batch-64,gtsrb__unit_interval__all_raw__seed-42,completed,2026-09-22T00:45:25.705+00:00,1,outputs/controlled-augmentation2-mac-m4-aug05/batch/batch-064/gtsrb/runs/gtsrb__unit_interval__all_raw__seed-42/status.json,raw,environment.json,64,0.5,42,unit_interval,all_raw,mixed_float16,swish,0.0003,43,128,3,0.7,0.15,0.15,100,b057a1e0a34d9248dcc513c0fc130034bc930962ca43d1ed5eea21f62b3a4532,3bffc0cf36b45aeb68bbbf910a1c3e4bddb3a5dd1f6280e4ab6ea67034d7ea58,cc22bf0a243a52a8844d79155947b8484fef32394ec77d7b979e072daa8d3072,Adam,100,25997.339,28.2106573,27707.091,apple-metal-ioreg,Apple M4,10,16,10,15.0,Metal 3,2.18.1,1.2.0,"3.10.21 (main, Aug 14 2026, 15:25:49) [Clang 22.1.3 ]",0.0174023416,5523,5,nominal,0.994724302,0.991636225,0.992182838,0.99280004,0.991636225,0.999985763,5876,100,18.0508218,20.3,60.3,88.5996676,94.7,122.6,81.4583564,88,100,78.6780794,83.2,83.8,0.791403984,0.893289185,1.13464355,1.91564494,2.90132904,3.92172241,"Todas as amostras periódicas preservadas no CSV (ciclo inteiro, todas as sessões disponíveis)",1,5523,5415,2026-09-21 17:03:38.144000+00:00,2026-09-22 00:45:25.142000+00:00,79,25997.339,259.97339,,,,,,,,,100,Soma das épocas preservadas,158.604694,0.994065414,0.993315471,0,7.22148305
controlled-augmentation2-mac-m4-aug05|batch|kmnist|batch-64,controlled-augmentation2-mac-m4-aug05,batch,kmnist,batch-64,kmnist__unit_interval__all_raw__seed-42,completed,2026-09-03T08:12:15.206+00:00,1,outputs/controlled-augmentation2-mac-m4-aug05/batch/batch-064/kmnist/runs/kmnist__unit_interval__all_raw__seed-42/status.json,raw,environment.json,64,0.5,42,unit_interval,all_raw,mixed_float16,swish,0.0003,10,64,1,0.7,0.15,0.15,100,451bb7adf728c26c5d7b874a505170a7651c7442ecb358e93a155e994e5beb54,161c642197f73a5c2a9888f8f889988f3853ec4a3aa1a4101c2c1fe0d3478f81,ca7863d6898e8d5f5af577921bfe35a73798a82ddb36de31dfdde7b5318c2c92,Adam,100,36081.7663,44.6206765,38873.9773,apple-metal-ioreg,Apple M4,10,16,10,15.0,Metal 3,2.18.1,1.2.0,"3.10.21 (main, Aug 14 2026, 15:25:49) [Clang 22.1.3 ]",0.058967866,7666,5,nominal,0.985904762,0.985904762,0.985915735,0.98597476,0.985904762,0.999756891,10500,100,17.4807356,22.8,91.5,77.5301535,80.8,156.2,80.1775602,86,100,72.8528844,82.3,83.1,0.418071298,0.633531952,1.95678711,2.71591386,4.39036713,5.41836548,"Todas as amostras periódicas preservadas no CSV (ciclo inteiro, todas as sessões disponíveis)",1,7666,7558,2026-09-02 21:24:20.916000+00:00,2026-09-03 08:12:14.707000+00:00,98,36081.7663,360.817663,,,,,,,,,100,Soma das épocas preservadas,203.703996,0.986380143,0.983625468,0,10.0227129
controlled-augmentation2-mac-m4-aug05|batch|mnist|batch-64,controlled-augmentation2-mac-m4-aug05,batch,mnist,batch-64,mnist__unit_interval__all_raw__seed-42,completed,2026-08-30T01:47:09.700+00:00,1,outputs/controlled-augmentation2-mac-m4-aug05/batch/batch-064/mnist/runs/mnist__unit_interval__all_raw__seed-42/status.json,raw,environment.json,64,0.5,42,unit_interval,all_raw,mixed_float16,swish,0.0003,10,64,1,0.7,0.15,0.15,100,08fd9d4197d7857dd8b59856c66fc36579ddcd7d429e9c3240b3d89ca399bac7,e318c7442df3e0a1d1f67bd6fa1eac1602b6440bf135240aca0008293af1e6c8,37973b9383a97261534d410d48641dd18c8e0d9c05ce70bbaa6baf77c3bf0e55,Adam,100,29745.4864,40.4373578,32185.9378,apple-metal-ioreg,Apple M4,10,16,10,15.0,Metal 3,2.18.1,1.2.0,"3.10.21 (main, Aug 14 2026, 15:25:49) [Clang 22.1.3 ]",0.0325747095,6362,5,nominal,0.990855401,0.990763854,0.990784873,0.990813627,0.990763854,0.999847138,10498,100,20.5754237,24,49.8,92.2572434,98.4,150,73.7302526,82,100,71.3864727,82.5,83.2,0.393329212,0.447967529,0.69708252,2.91009212,4.69601517,5.11448669,"Todas as amostras periódicas preservadas no CSV (ciclo inteiro, todas as sessões disponíveis)",1,6362,6254,2026-08-29 16:50:43.543000+00:00,2026-08-30 01:47:09.280000+00:00,63,29745.4864,297.454864,,,,,,,,,100,Soma das épocas preservadas,247.089589,0.991834222,0.988340316,0,8.26263511
controlled-augmentation2-mac-m4-aug05|batch|svhn|batch-64,controlled-augmentation2-mac-m4-aug05,batch,svhn,batch-64,svhn__unit_interval__all_raw__seed-42,completed,2026-09-19T19:40:43.475+00:00,1,outputs/controlled-augmentation2-mac-m4-aug05/batch/batch-064/svhn/runs/svhn__unit_interval__all_raw__seed-42/status.json,raw,environment.json,64,0.5,42,unit_interval,all_raw,mixed_float16,swish,0.0003,10,64,3,0.7,0.15,0.15,100,4c28838604fe416e9fced4f375527c0b3b41163657b2f6a7d981279f475d304e,b1ad6aa772e6195196890106f84cdbed3cf158b3eae278cd230309d2f82758c9,3065b28edc34b54771e594f1a2b106e65540ee573125f415a18b6fdc7fda6d0e,Adam,100,55129.3154,62.6196573,59126.9139,apple-metal-ioreg,Apple M4,10,16,10,15.0,Metal 3,2.18.1,1.2.0,"3.10.21 (main, Aug 14 2026, 15:25:49) [Clang 22.1.3 ]",0.258308202,11626,5,nominal,0.925602632,0.91770918,0.921260179,0.925613795,0.91770918,0.994677756,14893,100,18.3822539,23.3,78.6,79.931212,84.3,224.1,80.3229727,86,100,77.4387394,82.8,83.4,0.564842649,0.616744995,0.734176636,2.07721343,3.90867691,4.64950562,"Todas as amostras periódicas preservadas no CSV (ciclo inteiro, todas as sessões disponíveis)",1,11626,11518,2026-09-19 03:15:15.907000+00:00,2026-09-19 19:40:42.736000+00:00,90,55129.3154,551.293154,,,,,,,,,100,Soma das épocas preservadas,189.106284,0.917830287,0.909319673,0,15.3136987
controlled-augmentation2-mac-m4-aug05|batch|cifar10|batch-128,controlled-augmentation2-mac-m4-aug05,batch,cifar10,batch-128,cifar10__unit_interval__all_raw__seed-42,completed,2026-09-11T15:21:15.170+00:00,1,outputs/controlled-augmentation2-mac-m4-aug05/batch/batch-128/cifar10/runs/cifar10__unit_interval__all_raw__seed-42/status.json,raw,environment.json,128,0.5,42,unit_interval,all_raw,mixed_float16,swish,0.0003,10,64,3,0.7,0.15,0.15,100,fee349bc6a01ad63dd8153d2ba5df78a59fa5484157e53d26963e27969d680e2,48145c3e2cc47bcc727ce18d9dcdfd00a7a3b8e638b53fdf41382a508562af83,28f7bb636acd632028cce6b48b8024c23af1cd724156739bf1b1ea3a3ef3ec84,Adam,100,20864.6864,24.2439461,22179.19,apple-metal-ioreg,Apple M4,10,16,10,15.0,Metal 3,2.18.1,1.2.0,"3.10.21 (main, Aug 14 2026, 15:25:49) [Clang 22.1.3 ]",0.90229255,4386,5,nominal,0.694555556,0.694555556,0.694830351,0.699771016,0.694555556,0.952558381,9000,100,16.2689107,18.3,32.8,84.1435951,94.945,222.9,83.942029,90,100,61.4949743,70.3,74.5,0.488950839,0.555895233,0.79586792,4.64935502,5.96826019,6.15510559,"Todas as amostras periódicas preservadas no CSV (ciclo inteiro, todas as sessões disponíveis)",1,4386,4278,2026-09-11 09:11:35.829000+00:00,2026-09-11 15:21:14.777000+00:00,86,20864.6864,208.646864,,,,,,,,,100,Soma das épocas preservadas,301.945588,0.699248389,0.688925396,0,5.79574622
controlled-augmentation2-mac-m4-aug05|batch|cifar100_coarse|batch-128,controlled-augmentation2-mac-m4-aug05,batch,cifar100_coarse,batch-128,cifar100_coarse__unit_interval__all_raw__seed-42,completed,2026-09-18T20:50:05.613+00:00,1,outputs/controlled-augmentation2-mac-m4-aug05/batch/batch-128/cifar100_coarse/runs/cifar100_coarse__unit_interval__all_raw__seed-42/status.json,raw,environment.json,128,0.5,42,unit_interval,all_raw,mixed_float16,swish,0.0003,20,64,3,0.7,0.15,0.15,100,8eed66d035edc941584bf7e018d65f2f44553845176416e65377419aa143689a,c5f33c74d1bd3def59246c517a567c911f730b09064cf4fc52cbbb4497c5afa0,7665d33493daee2a5f3181e2834b8a926057fecc6a43b76519e7c4027b628c51,Adam,100,18714.2772,26.5198455,19886.2336,apple-metal-ioreg,Apple M4,10,16,10,15.0,Metal 3,2.18.1,1.2.0,"3.10.21 (main, Aug 14 2026, 15:25:49) [Clang 22.1.3 ]",1.80930901,3946,5,nominal,0.460444444,0.460444444,0.459109058,0.461781305,0.460444444,0.893682222,9000,100,17.4617008,20.6,46.8,78.9930678,83.58,222.9,84.5280947,90,100,64.8362325,70.7,75.1,0.678683146,0.775738525,0.85585022,3.59473792,4.63911438,4.99624634,"Todas as amostras periódicas preservadas no CSV (ciclo inteiro, todas as sessões disponíveis)",2,4757,4645,2026-09-15 05:40:06.864000+00:00,2026-09-18 20:50:05.017000+00:00,99,22381.1276,223.811276,,,,,,,,,100,Soma das épocas preservadas,281.487158,0.466253882,0.449781535,3666.85038,6.21697989
controlled-augmentation2-mac-m4-aug05|batch|emnist_balanced|batch-128,controlled-augmentation2-mac-m4-aug05,batch,emnist_balanced,batch-128,emnist_balanced__unit_interval__all_raw__seed-42,completed,2026-09-10T02:00:41.304+00:00,1,outputs/controlled-augmentation2-mac-m4-aug05/batch/batch-128/emnist_balanced/runs/emnist_balanced__unit_interval__all_raw__seed-42/status.json,raw,environment.json,128,0.5,42,unit_interval,all_raw,mixed_float16,swish,0.0003,47,64,1,0.7,0.15,0.15,100,7752df3ae70f8bf3a5c30e8cbcc821e9d7132cf0957608ad603fd0cd847d81ea,6e3059c51b533357fd06e5facb7f29c5be025840ab41ba1fe1d4e1431119bdd3,521079a66e97c8fb2d1bf334d79bf95afa6a062fbfcc9f26c532a0e637283f5b,Adam,100,45199.28,53.5952558,48003.1055,apple-metal-ioreg,Apple M4,10,16,10,15.0,Metal 3,2.18.1,1.2.0,"3.10.21 (main, Aug 14 2026, 15:25:49) [Clang 22.1.3 ]",0.358179629,9425,5,nominal,0.874265451,0.874265451,0.872946291,0.878564284,0.874265451,0.997227828,19740,100,16.2249544,19.7,90.5,83.809005,91.9,231.5,83.6239133,89,100,71.1694537,81.6,84.2,0.466790516,0.557376099,2.33403015,3.13911486,5.30811462,5.63514709,"Todas as amostras periódicas preservadas no CSV (ciclo inteiro, todas as sessões disponíveis)",1,9425,9317,2026-09-09 12:40:37.522000+00:00,2026-09-10 02:00:40.418000+00:00,71,45199.28,451.9928,,,,,,,,,100,Soma das épocas preservadas,305.712834,0.871995193,0.864475191,0,12.5553556
controlled-augmentation2-mac-m4-aug05|batch|fashion_mnist|batch-128,controlled-augmentation2-mac-m4-aug05,batch,fashion_mnist,batch-128,fashion_mnist__unit_interval__all_raw__seed-42,completed,2026-09-01T23:10:21.887+00:00,1,outputs/controlled-augmentation2-mac-m4-aug05/batch/batch-128/fashion_mnist/runs/fashion_mnist__unit_interval__all_raw__seed-42/status.json,raw,environment.json,128,0.5,42,unit_interval,all_raw,mixed_float16,swish,0.0003,10,64,1,0.7,0.15,0.15,100,9a1bcb596da35cdc99a4f3ce3219607215f8998c7ab721702d8f52825fa9c1ab,7d52ffaa0b79c6f8e5e510c6c95e9243e81e25c358269a10fe142381e9f5befb,f762a26f80a87444cd622c90567384500191955fd53882c62fcad5c983777e12,Adam,100,23324.7898,29.6152041,24890.689,apple-metal-ioreg,Apple M4,10,16,10,15.0,Metal 3,2.18.1,1.2.0,"3.10.21 (main, Aug 14 2026, 15:25:49) [Clang 22.1.3 ]",0.246912226,4956,5,nominal,0.91152381,0.91152381,0.911169951,0.911192121,0.91152381,0.9944,10500,100,15.145297,17,40.4,72.3242987,75.3,151.8,85.0536304,89,100,74.2910891,78.8,80.7,0.489680671,0.55322113,1.31776428,2.63348558,3.17784424,3.36065674,"Todas as amostras periódicas preservadas no CSV (ciclo inteiro, todas as sessões disponíveis)",1,4956,4848,2026-09-01 16:15:30.774000+00:00,2026-09-01 23:10:21.532000+00:00,56,23324.7898,233.247898,,,,,,,,,100,Soma das épocas preservadas,315.115379,0.918742076,0.91385331,0,6.47910829
controlled-augmentation2-mac-m4-aug05|batch|fer2013|batch-128,controlled-augmentation2-mac-m4-aug05,batch,fer2013,batch-128,fer2013__unit_interval__all_raw__seed-42,completed,2026-09-30T18:29:44.288+00:00,1,outputs/controlled-augmentation2-mac-m4-aug05/batch/batch-128/fer2013/runs/fer2013__unit_interval__all_raw__seed-42/status.json,raw,environment.json,128,0.5,42,unit_interval,all_raw,mixed_float16,swish,0.0003,7,64,1,0.7,0.15,0.15,100,a587535357c1d186fc551c2c9d78c7db52d11a7258b5ee830911c4360197ed60,5541ce65ae3322903e7ee5642b7d830f02d55620d3c4c6100b2b4f3869360b7d,9c1eda49332f342025a38f38834273f4860f6172d8e71a6c92c3ac64a9157b32,Adam,100,12288.153,16.095998,13143.9664,apple-metal-ioreg,Apple M4,10,16,10,15.0,Metal 3,2.18.1,1.2.0,"3.10.21 (main, Aug 14 2026, 15:25:49) [Clang 22.1.3 ]",1.33240676,2649,5,nominal,0.498141955,0.453048971,0.460790727,0.507289457,0.453048971,0.814137238,5382,100,15.0013774,16.6,36.3,71.2071625,74.2,159.2,84.8957104,90,95,59.8883117,64.1,64.7,0.44666027,0.504318237,0.601791382,4.52502161,5.32417297,5.70407104,"Todas as amostras periódicas preservadas no CSV (ciclo inteiro, todas as sessões disponíveis)",1,2649,2541,2026-09-30 14:50:40.173000+00:00,2026-09-30 18:29:43.922000+00:00,38,12288.153,122.88153,,,,,,,,,100,Soma das épocas preservadas,306.644945,0.457575965,0.41668814,0,3.41337583
controlled-augmentation2-mac-m4-aug05|batch|gtsrb|batch-128,controlled-augmentation2-mac-m4-aug05,batch,gtsrb,batch-128,gtsrb__unit_interval__all_raw__seed-42,completed,2026-09-22T05:51:38.624+00:00,1,outputs/controlled-augmentation2-mac-m4-aug05/batch/batch-128/gtsrb/runs/gtsrb__unit_interval__all_raw__seed-42/status.json,raw,environment.json,128,0.5,42,unit_interval,all_raw,mixed_float16,swish,0.0003,43,128,3,0.7,0.15,0.15,100,c61b3d5298b15dec24944b85892ec82f25ccd3ca1def0c749f11d8299de359f0,3bffc0cf36b45aeb68bbbf910a1c3e4bddb3a5dd1f6280e4ab6ea67034d7ea58,cc22bf0a243a52a8844d79155947b8484fef32394ec77d7b979e072daa8d3072,Adam,100,17185.0281,23.1721471,18363.7283,apple-metal-ioreg,Apple M4,10,16,10,15.0,Metal 3,2.18.1,1.2.0,"3.10.21 (main, Aug 14 2026, 15:25:49) [Clang 22.1.3 ]",0.0246079285,3687,5,nominal,0.993192648,0.992763933,0.991882835,0.991160694,0.992763933,0.9999886,5876,100,15.194328,17.6,26.6,94.4772562,102.5,172.4,83.2148645,89,100,71.6311819,77.8,80.3,1.36139761,1.50667114,1.78645325,2.66727643,3.70624542,3.9269104,"Todas as amostras periódicas preservadas no CSV (ciclo inteiro, todas as sessões disponíveis)",1,3687,3579,2026-09-22 00:45:34.834000+00:00,2026-09-22 05:51:38.095000+00:00,95,17185.0281,171.850281,,,,,,,,,100,Soma das épocas preservadas,239.935599,0.99170779,0.984079358,0,4.77361891
controlled-augmentation2-mac-m4-aug05|batch|kmnist|batch-128,controlled-augmentation2-mac-m4-aug05,batch,kmnist,batch-128,kmnist__unit_interval__all_raw__seed-42,completed,2026-09-03T15:18:17.495+00:00,1,outputs/controlled-augmentation2-mac-m4-aug05/batch/batch-128/kmnist/runs/kmnist__unit_interval__all_raw__seed-42/status.json,raw,environment.json,128,0.5,42,unit_interval,all_raw,mixed_float16,swish,0.0003,10,64,1,0.7,0.15,0.15,100,9e14bfc877251ba5da58a96b7325ee032deec3728a0bdefa1a4fc683a976f779,161c642197f73a5c2a9888f8f889988f3853ec4a3aa1a4101c2c1fe0d3478f81,ca7863d6898e8d5f5af577921bfe35a73798a82ddb36de31dfdde7b5318c2c92,Adam,100,23897.8335,31.2189561,25552.528,apple-metal-ioreg,Apple M4,10,16,10,15.0,Metal 3,2.18.1,1.2.0,"3.10.21 (main, Aug 14 2026, 15:25:49) [Clang 22.1.3 ]",0.0752544776,5040,5,nominal,0.98247619,0.98247619,0.982497407,0.982582955,0.98247619,0.999624974,10500,100,14.9188159,17,44.1,70.9223236,74.2,159,84.4888483,89,100,63.5355839,74.2,77.3,0.486984095,0.553604126,1.42115784,4.50475999,5.72404633,5.93867493,"Todas as amostras periódicas preservadas no CSV (ciclo inteiro, todas as sessões disponíveis)",1,5040,4932,2026-09-03 08:12:24.865000+00:00,2026-09-03 15:18:17.108000+00:00,84,23897.8335,238.978335,,,,,,,,,100,Soma das épocas preservadas,307.55926,0.984104502,0.982846068,0,6.63828709
controlled-augmentation2-mac-m4-aug05|batch|mnist|batch-128,controlled-augmentation2-mac-m4-aug05,batch,mnist,batch-128,mnist__unit_interval__all_raw__seed-42,completed,2026-09-17T00:16:04.043+00:00,1,outputs/controlled-augmentation2-mac-m4-aug05/batch/batch-128/mnist/runs/mnist__unit_interval__all_raw__seed-42/status.json,raw,environment.json,128,0.5,42,unit_interval,all_raw,mixed_float16,swish,0.0003,10,64,1,0.7,0.15,0.15,100,0f747dd91d240bda56138df27e5bd8a0b6babf4d906a664d66a802c1a5587ab3,e318c7442df3e0a1d1f67bd6fa1eac1602b6440bf135240aca0008293af1e6c8,37973b9383a97261534d410d48641dd18c8e0d9c05ce70bbaa6baf77c3bf0e55,Adam,100,15465.6072,31.3689942,16509.4168,apple-metal-ioreg,Apple M4,10,16,10,15.0,Metal 3,2.18.1,1.2.0,"3.10.21 (main, Aug 14 2026, 15:25:49) [Clang 22.1.3 ]",0.034304373,3279,5,nominal,0.990474376,0.990345665,0.990348474,0.990365064,0.990345665,0.999830503,10498,100,17.2891023,23.375,53.6,72.7335018,82.3,184.4,84.285281,90,100,64.5887384,72.9,75.1,0.516864948,0.59821701,1.51161194,3.67971902,4.90825653,5.0428009,"Todas as amostras periódicas preservadas no CSV (ciclo inteiro, todas as sessões disponíveis)",2,5058,4946,2026-08-30 01:47:18.642000+00:00,2026-09-17 00:16:03.585000+00:00,100,23832.1241,238.321241,,,,,,,,,100,Soma das épocas preservadas,308.398865,0.992199463,0.992199463,8366.51683,6.62003446
controlled-augmentation2-mac-m4-aug05|batch|svhn|batch-128,controlled-augmentation2-mac-m4-aug05,batch,svhn,batch-128,svhn__unit_interval__all_raw__seed-42,completed,2026-09-20T06:41:49.147+00:00,1,outputs/controlled-augmentation2-mac-m4-aug05/batch/batch-128/svhn/runs/svhn__unit_interval__all_raw__seed-42/status.json,raw,environment.json,128,0.5,42,unit_interval,all_raw,mixed_float16,swish,0.0003,10,64,3,0.7,0.15,0.15,100,74c2a5d4d36c589bf77a10800fb90181e3120a77bc06ec3c5db4e044f5ef16cd,b1ad6aa772e6195196890106f84cdbed3cf158b3eae278cd230309d2f82758c9,3065b28edc34b54771e594f1a2b106e65540ee573125f415a18b6fdc7fda6d0e,Adam,100,37362.0997,40.4240117,39648.2021,apple-metal-ioreg,Apple M4,10,16,10,15.0,Metal 3,2.18.1,1.2.0,"3.10.21 (main, Aug 14 2026, 15:25:49) [Clang 22.1.3 ]",0.260253906,7794,5,nominal,0.925602632,0.92018238,0.9207687,0.921601039,0.92018238,0.994761494,14893,100,15.7872886,17.8,45.6,77.3083528,82.4,222.4,85.2081707,90,100,70.163388,81.8,83.5,0.708006453,0.765197754,0.877365112,3.53534932,5.2442131,5.4450531,"Todas as amostras periódicas preservadas no CSV (ciclo inteiro, todas as sessões disponíveis)",1,7794,7686,2026-09-19 19:41:00.636000+00:00,2026-09-20 06:41:48.676000+00:00,100,37362.0997,373.620997,,,,,,,,,100,Soma das épocas preservadas,279.034104,0.915972762,0.915972762,0,10.378361
controlled-augmentation2-mac-m4-aug05|batch|cifar10|batch-256,controlled-augmentation2-mac-m4-aug05,batch,cifar10,batch-256,cifar10__unit_interval__all_raw__seed-42,completed,2026-09-11T19:16:19.426+00:00,1,outputs/controlled-augmentation2-mac-m4-aug05/batch/batch-256/cifar10/runs/cifar10__unit_interval__all_raw__seed-42/status.json,raw,environment.json,256,0.5,42,unit_interval,all_raw,mixed_float16,swish,0.0003,10,64,3,0.7,0.15,0.15,100,ba4aa00251bb82c7e8c2b9d6b7a6ccceb2b0844e0b369d33defc114e43594aeb,48145c3e2cc47bcc727ce18d9dcdfd00a7a3b8e638b53fdf41382a508562af83,28f7bb636acd632028cce6b48b8024c23af1cd724156739bf1b1ea3a3ef3ec84,Adam,100,13182.8524,18.096643,14097.0979,apple-metal-ioreg,Apple M4,10,16,10,15.0,Metal 3,2.18.1,1.2.0,"3.10.21 (main, Aug 14 2026, 15:25:49) [Clang 22.1.3 ]",0.871362865,2837,5,nominal,0.702444444,0.702444444,0.701824881,0.704835418,0.702444444,0.955096619,9000,100,17.5087944,19.7,45.3,93.575852,113.3,219.2,84.4756321,91,100,63.1670209,67.4,71.1,0.776238911,0.864334106,1.15733337,3.88865775,4.55547485,4.77197266,"Todas as amostras periódicas preservadas no CSV (ciclo inteiro, todas as sessões disponíveis)",1,2837,2729,2026-09-11 15:21:22.418000+00:00,2026-09-11 19:16:19.026000+00:00,91,13182.8524,131.828524,,,,,,,,,100,Soma das épocas preservadas,477.89354,0.700777011,0.672183904,0,3.66190344
controlled-augmentation2-mac-m4-aug05|batch|cifar100_coarse|batch-256,controlled-augmentation2-mac-m4-aug05,batch,cifar100_coarse,batch-256,cifar100_coarse__unit_interval__all_raw__seed-42,completed,2026-09-16T00:16:09.985+00:00,1,outputs/controlled-augmentation2-mac-m4-aug05/batch/batch-256/cifar100_coarse/runs/cifar100_coarse__unit_interval__all_raw__seed-42/status.json,raw,environment.json,256,0.5,42,unit_interval,all_raw,mixed_float16,swish,0.0003,20,64,3,0.7,0.15,0.15,100,cab06c200fb0f39cb7f3a50ae5d0a21f8f1385792046245e63d1c399b4a261f0,c5f33c74d1bd3def59246c517a567c911f730b09064cf4fc52cbbb4497c5afa0,7665d33493daee2a5f3181e2834b8a926057fecc6a43b76519e7c4027b628c51,Adam,100,13366.6634,17.2839315,14327.9329,apple-metal-ioreg,Apple M4,10,16,10,15.0,Metal 3,2.18.1,1.2.0,"3.10.21 (main, Aug 14 2026, 15:25:49) [Clang 22.1.3 ]",1.83064198,2903,5,nominal,0.448111111,0.448111111,0.452575162,0.46534642,0.448111111,0.893251391,9000,100,16.7267263,19.13,59.3,92.2296243,112.13,223.2,84.6250447,91,100,76.5638998,78.4,80.4,0.797713425,0.900450134,1.59742737,2.40236774,2.65549316,3.15454102,"Todas as amostras periódicas preservadas no CSV (ciclo inteiro, todas as sessões disponíveis)",1,2903,2795,2026-09-15 20:17:21.913000+00:00,2026-09-16 00:16:09.581000+00:00,97,13366.6634,133.666634,,,,,,,,,100,Soma das épocas preservadas,471.321812,0.463302002,0.459809317,0,3.71296205
controlled-augmentation2-mac-m4-aug05|batch|emnist_balanced|batch-256,controlled-augmentation2-mac-m4-aug05,batch,emnist_balanced,batch-256,emnist_balanced__unit_interval__all_raw__seed-42,completed,2026-09-10T10:20:32.429+00:00,1,outputs/controlled-augmentation2-mac-m4-aug05/batch/batch-256/emnist_balanced/runs/emnist_balanced__unit_interval__all_raw__seed-42/status.json,raw,environment.json,256,0.5,42,unit_interval,all_raw,mixed_float16,swish,0.0003,47,64,1,0.7,0.15,0.15,100,64fd510bfd3980654fd1ce1d9c2beb8c3963c5647d79a0fcf66ffb724f99309d,6e3059c51b533357fd06e5facb7f29c5be025840ab41ba1fe1d4e1431119bdd3,521079a66e97c8fb2d1bf334d79bf95afa6a062fbfcc9f26c532a0e637283f5b,Adam,100,27894.8647,38.5147583,29980.5149,apple-metal-ioreg,Apple M4,10,16,10,15.0,Metal 3,2.18.1,1.2.0,"3.10.21 (main, Aug 14 2026, 15:25:49) [Clang 22.1.3 ]",0.364350945,5941,5,nominal,0.871681864,0.871681864,0.870436648,0.875030711,0.871681864,0.997188434,19740,100,15.1227156,17.9,36.5,94.3307903,99.5,234.3,83.239328,88,100,69.495474,76.6,78.5,0.762420006,0.859188843,1.40402222,2.96769775,4.05313721,4.42962646,"Todas as amostras periódicas preservadas no CSV (ciclo inteiro, todas as sessões disponíveis)",1,5941,5833,2026-09-10 02:00:51.515000+00:00,2026-09-10 10:20:31.628000+00:00,82,27894.8647,278.948647,,,,,,,,,100,Soma das épocas preservadas,495.359993,0.870197547,0.869416011,0,7.74857353
controlled-augmentation2-mac-m4-aug05|batch|fashion_mnist|batch-256,controlled-augmentation2-mac-m4-aug05,batch,fashion_mnist,batch-256,fashion_mnist__unit_interval__all_raw__seed-42,completed,2026-09-02T03:13:08.171+00:00,1,outputs/controlled-augmentation2-mac-m4-aug05/batch/batch-256/fashion_mnist/runs/fashion_mnist__unit_interval__all_raw__seed-42/status.json,raw,environment.json,256,0.5,42,unit_interval,all_raw,mixed_float16,swish,0.0003,10,64,1,0.7,0.15,0.15,100,b644d0078c8aed97912d2badfec74543dfd80df0854c6c9215bfef5af044559e,7d52ffaa0b79c6f8e5e510c6c95e9243e81e25c358269a10fe142381e9f5befb,f762a26f80a87444cd622c90567384500191955fd53882c62fcad5c983777e12,Adam,100,13423.7933,21.8582913,14558.7,apple-metal-ioreg,Apple M4,10,16,10,15.0,Metal 3,2.18.1,1.2.0,"3.10.21 (main, Aug 14 2026, 15:25:49) [Clang 22.1.3 ]",0.253685474,2928,5,nominal,0.909904762,0.909904762,0.909732231,0.909783812,0.909904762,0.994195021,10500,100,15.4858156,17.5,56.1,81.8828014,85.4,158.1,84.2794326,89,100,68.8088652,72.7,77.9,0.763687843,0.857070923,1.10072327,3.81283565,4.41346588,4.49282837,"Todas as amostras periódicas preservadas no CSV (ciclo inteiro, todas as sessões disponíveis)",1,2928,2820,2026-09-01 23:10:29.314000+00:00,2026-09-02 03:13:07.805000+00:00,85,13423.7933,134.237933,,,,,,,,,100,Soma das épocas preservadas,547.535247,0.916113317,0.915496467,0,3.72883148
controlled-augmentation2-mac-m4-aug05|batch|fer2013|batch-256,controlled-augmentation2-mac-m4-aug05,batch,fer2013,batch-256,fer2013__unit_interval__all_raw__seed-42,completed,2026-09-30T20:32:31.620+00:00,1,outputs/controlled-augmentation2-mac-m4-aug05/batch/batch-256/fer2013/runs/fer2013__unit_interval__all_raw__seed-42/status.json,raw,environment.json,256,0.5,42,unit_interval,all_raw,mixed_float16,swish,0.0003,7,64,1,0.7,0.15,0.15,100,3446fe7c6d036247c3d94078f7bcab55b75a2b4a201469f3dc19d8c9f484a64c,5541ce65ae3322903e7ee5642b7d830f02d55620d3c4c6100b2b4f3869360b7d,9c1eda49332f342025a38f38834273f4860f6172d8e71a6c92c3ac64a9157b32,Adam,100,6754.54647,11.4522124,7358.66419,apple-metal-ioreg,Apple M4,10,16,10,15.0,Metal 3,2.18.1,1.2.0,"3.10.21 (main, Aug 14 2026, 15:25:49) [Clang 22.1.3 ]",1.35372794,1535,5,nominal,0.48197696,0.4268615,0.441402715,0.498219104,0.4268615,0.805115524,5382,100,15.9126139,17.5,22.7,81.7298528,84.9,159.4,83.6769446,88,96,55.991801,61.9,62.6,0.733068379,0.813111877,0.910354614,3.9528932,5.11179047,5.44775391,"Todas as amostras periódicas preservadas no CSV (ciclo inteiro, todas as sessões disponíveis)",1,1535,1427,2026-09-30 18:29:53.206000+00:00,2026-09-30 20:32:31.286000+00:00,51,6754.54647,67.5454647,,,,,,,,,100,Soma das épocas preservadas,557.861289,0.452485362,0.376864587,0,1.87626291
controlled-augmentation2-mac-m4-aug05|batch|gtsrb|batch-256,controlled-augmentation2-mac-m4-aug05,batch,gtsrb,batch-256,gtsrb__unit_interval__all_raw__seed-42,completed,2026-09-30T02:13:01.839+00:00,2,outputs/controlled-augmentation2-mac-m4-aug05/batch/batch-256/gtsrb/runs/gtsrb__unit_interval__all_raw__seed-42/status.json,raw,environment.json,256,0.5,42,unit_interval,all_raw,mixed_float16,swish,0.0003,43,128,3,0.7,0.15,0.15,100,d4fd2eb7055d70f09e8e8b33acdd04e41126174699e8a0fb92c2d5f66dab1a08,3bffc0cf36b45aeb68bbbf910a1c3e4bddb3a5dd1f6280e4ab6ea67034d7ea58,cc22bf0a243a52a8844d79155947b8484fef32394ec77d7b979e072daa8d3072,Adam,100,6711.07576,17.6385707,7131.46687,apple-metal-ioreg,Apple M4,10,16,10,15.0,Metal 3,2.18.1,1.2.0,"3.10.21 (main, Aug 14 2026, 15:25:49) [Clang 22.1.3 ]",0.0382576659,1450,5,nominal,0.988427502,0.987225383,0.985788159,0.984601007,0.987225383,0.999973122,5876,100,15.1725516,21.7,80.5,92.9211193,109.695,146,86.6319121,92,100,77.8923384,82,84.5,2.51084328,2.83421631,3.81826782,1.81087579,2.47592468,2.71720886,"Todas as amostras periódicas preservadas no CSV (ciclo inteiro, todas as sessões disponíveis)",3,3119,3002,2026-09-22 05:51:47.254000+00:00,2026-09-30 02:13:01.195000+00:00,89,14382.3377,143.823377,,,,,,,,,100,Soma das épocas preservadas,286.69192,0.990912427,0.987665054,7671.26191,3.9950938
controlled-augmentation2-mac-m4-aug05|batch|kmnist|batch-256,controlled-augmentation2-mac-m4-aug05,batch,kmnist,batch-256,kmnist__unit_interval__all_raw__seed-42,completed,2026-09-03T19:22:22.150+00:00,1,outputs/controlled-augmentation2-mac-m4-aug05/batch/batch-256/kmnist/runs/kmnist__unit_interval__all_raw__seed-42/status.json,raw,environment.json,256,0.5,42,unit_interval,all_raw,mixed_float16,swish,0.0003,10,64,1,0.7,0.15,0.15,100,642f65a98cae4e8a8cf4d8e694c87093e9d11774ac8f4c1ecf26675d6e8ec96d,161c642197f73a5c2a9888f8f889988f3853ec4a3aa1a4101c2c1fe0d3478f81,ca7863d6898e8d5f5af577921bfe35a73798a82ddb36de31dfdde7b5318c2c92,Adam,100,13489.3788,21.6924578,14636.7651,apple-metal-ioreg,Apple M4,10,16,10,15.0,Metal 3,2.18.1,1.2.0,"3.10.21 (main, Aug 14 2026, 15:25:49) [Clang 22.1.3 ]",0.0606224015,2943,5,nominal,0.984571429,0.984571429,0.984569637,0.984599141,0.984571429,0.999708944,10500,100,16.3910406,18.3,30,81.1202116,84.5,157.7,84.291358,88,100,65.117037,69.7,72.3,0.764191099,0.861251831,1.11947632,3.76414038,4.52987671,4.8106842,"Todas as amostras periódicas preservadas no CSV (ciclo inteiro, todas as sessões disponíveis)",1,2943,2835,2026-09-03 15:18:25.191000+00:00,2026-09-03 19:22:21.751000+00:00,97,13489.3788,134.893788,,,,,,,,,100,Soma das épocas preservadas,544.873125,0.98419683,0.98352514,0,3.74704968
controlled-augmentation2-mac-m4-aug05|batch|mnist|batch-256,controlled-augmentation2-mac-m4-aug05,batch,mnist,batch-256,mnist__unit_interval__all_raw__seed-42,completed,2026-08-31T23:00:19.554+00:00,1,outputs/controlled-augmentation2-mac-m4-aug05/batch/batch-256/mnist/runs/mnist__unit_interval__all_raw__seed-42/status.json,raw,environment.json,256,0.5,42,unit_interval,all_raw,mixed_float16,swish,0.0003,10,64,1,0.7,0.15,0.15,100,e282e7e72a888417bfdc34778fad594e73ab6299ccdb0960a13eaa039eb5a73c,e318c7442df3e0a1d1f67bd6fa1eac1602b6440bf135240aca0008293af1e6c8,37973b9383a97261534d410d48641dd18c8e0d9c05ce70bbaa6baf77c3bf0e55,Adam,100,14036.2874,22.3297508,15102.9656,apple-metal-ioreg,Apple M4,10,16,10,15.0,Metal 3,2.18.1,1.2.0,"3.10.21 (main, Aug 14 2026, 15:25:49) [Clang 22.1.3 ]",0.0352190547,3027,5,nominal,0.990188607,0.990093108,0.990069156,0.990085126,0.990093108,0.999820609,10498,100,34.7665296,40.5,48.3,85.4677629,93.51,146.8,84.0071942,88,100,71.7382323,75,75.8,0.714388537,0.798571777,1.45631409,2.68839611,2.89859772,4.36538696,"Todas as amostras periódicas preservadas no CSV (ciclo inteiro, todas as sessões disponíveis)",1,3027,2919,2026-08-31 18:48:36.377000+00:00,2026-08-31 23:00:19.117000+00:00,97,14036.2874,140.362874,,,,,,,,,100,Soma das épocas preservadas,523.628493,0.99076144,0.988794756,0,3.89896872
controlled-augmentation2-mac-m4-aug05|batch|svhn|batch-256,controlled-augmentation2-mac-m4-aug05,batch,svhn,batch-256,svhn__unit_interval__all_raw__seed-42,completed,2026-09-20T13:08:42.339+00:00,1,outputs/controlled-augmentation2-mac-m4-aug05/batch/batch-256/svhn/runs/svhn__unit_interval__all_raw__seed-42/status.json,raw,environment.json,256,0.5,42,unit_interval,all_raw,mixed_float16,swish,0.0003,10,64,3,0.7,0.15,0.15,100,d72baf6d134c2cbe7b1833df37968344bcde67540f6fc93a4b8dc44746113670,b1ad6aa772e6195196890106f84cdbed3cf158b3eae278cd230309d2f82758c9,3065b28edc34b54771e594f1a2b106e65540ee573125f415a18b6fdc7fda6d0e,Adam,100,21643.741,30.652709,23202.2359,apple-metal-ioreg,Apple M4,10,16,10,15.0,Metal 3,2.18.1,1.2.0,"3.10.21 (main, Aug 14 2026, 15:25:49) [Clang 22.1.3 ]",0.303940117,4616,5,nominal,0.911703485,0.906185544,0.906908322,0.907857042,0.906185544,0.993203277,14893,100,16.4573647,18.6,44.3,91.7753771,95.9,222,84.5732032,90,100,67.7727374,74.5,82.3,0.990634871,1.07059708,1.19274902,3.27733881,3.98650513,4.24494934,"Todas as amostras periódicas preservadas no CSV (ciclo inteiro, todas as sessões disponíveis)",1,4616,4508,2026-09-20 06:41:59.829000+00:00,2026-09-20 13:08:41.936000+00:00,98,21643.741,216.43741,,,,,,,,,100,Soma das épocas preservadas,481.677359,0.90338473,0.898511144,0,6.01215028
controlled-augmentation2-mac-m4-aug05|smoke|cifar10|smoke,controlled-augmentation2-mac-m4-aug05,smoke,cifar10,smoke,cifar10__unit_interval__all_raw__seed-42,completed,2026-08-29T01:35:38.545+00:00,1,outputs/controlled-augmentation2-mac-m4-aug05/smoke/cifar10/runs/cifar10__unit_interval__all_raw__seed-42/status.json,raw,environment.json,32,0.5,42,unit_interval,all_raw,mixed_float16,swish,0.0003,10,64,3,0.7,0.15,0.15,2,535e4f4ad714d0650e73eae0eed30fcf6e4c6e23fdebb10f876fc4f2f3cca4a8,b703eb532002a1d3711431368dd6e510f71b5c571498035c9576fe4b3141110c,557349945e3bbc94a94401199564eba21ce78b29efe80ad7304984b79f315433,Adam,2,9.37334225,0.946055583,13.3037077,apple-metal-ioreg,Apple M4,10,16,10,15.0,Metal 3,2.18.1,1.2.0,"3.10.21 (main, Aug 14 2026, 15:25:49) [Clang 22.1.3 ]",2.30290103,12,5,nominal,0.15,0.15,0.09,0.0683333333,0.15,0.530555556,20,2,8.75,16.625,17.5,94.3,98.89,99.4,40.5,68.85,72,57.95,59.075,59.2,0.348350525,0.363999176,0.365737915,1.87927246,2.19647522,2.23171997,"Todas as amostras periódicas preservadas no CSV (ciclo inteiro, todas as sessões disponíveis)",1,12,2,2026-08-29 01:35:25.257000+00:00,2026-08-29 01:35:38.254000+00:00,1,9.37334225,4.68667112,,,,,,,,,2,Soma das épocas preservadas,35.2062254,0.0235294118,0.0210526316,0,0.00260370618
controlled-augmentation2-mac-m4-aug05|smoke|cifar100_coarse|smoke,controlled-augmentation2-mac-m4-aug05,smoke,cifar100_coarse,smoke,cifar100_coarse__unit_interval__all_raw__seed-42,completed,2026-08-29T01:36:00.259+00:00,1,outputs/controlled-augmentation2-mac-m4-aug05/smoke/cifar100_coarse/runs/cifar100_coarse__unit_interval__all_raw__seed-42/status.json,raw,environment.json,32,0.5,42,unit_interval,all_raw,mixed_float16,swish,0.0003,20,64,3,0.7,0.15,0.15,2,6096f68fe6a338848290edbaed86e0ef3411a7e2c475c6cdf152d23da7c85d01,1753be0d2d0ed967d09c722b2b22bd1000cff07a3e5f20bbd698903b53d14ee7,5a773cbe2bf8977dc603086af5fc6d630bd0602139f876e13f0ab7251eb1fcd5,Adam,2,11.8430401,1.45075396,16.7820142,apple-metal-ioreg,Apple M4,10,16,10,15.0,Metal 3,2.18.1,1.2.0,"3.10.21 (main, Aug 14 2026, 15:25:49) [Clang 22.1.3 ]",3.00490117,13,5,nominal,0.05,0.05,0.0416666667,0.0375,0.05,0.480263158,40,2,12.8,19.36,19.4,95.7,99.95,100.6,13,26.3,28,58.2333333,59.64,59.7,0.330210368,0.350862122,0.353317261,1.87567647,2.19395142,2.21304321,"Todas as amostras periódicas preservadas no CSV (ciclo inteiro, todas as sessões disponíveis)",1,13,3,2026-08-29 01:35:43.430000+00:00,2026-08-29 01:35:59.915000+00:00,2,11.8430401,5.92152006,,,,,,,,,2,Soma das épocas preservadas,55.7289339,0.0404220779,0.0404220779,-1.77635684e-15,0.00328973337
controlled-augmentation2-mac-m4-aug05|smoke|emnist_balanced|smoke,controlled-augmentation2-mac-m4-aug05,smoke,emnist_balanced,smoke,emnist_balanced__unit_interval__all_raw__seed-42,completed,2026-08-29T01:35:20.347+00:00,1,outputs/controlled-augmentation2-mac-m4-aug05/smoke/emnist_balanced/runs/emnist_balanced__unit_interval__all_raw__seed-42/status.json,raw,environment.json,32,0.5,42,unit_interval,all_raw,mixed_float16,swish,0.0003,47,64,1,0.7,0.15,0.15,2,ee43696dc986ae0475b521e207a4790d2c43e6e04c768dd3a159632591c701e8,020bc9d07b696b0f1e52566f502830a5a8b8c9a6d40a55ad437f5d4cfdbcd012,e77d1c886490e4b1e91473d4716c2c87decc4ce2980c074a5a496c34508f24e3,Adam,2,19.4000234,1.58701863,25.1502963,apple-metal-ioreg,Apple M4,10,16,10,15.0,Metal 3,2.18.1,1.2.0,"3.10.21 (main, Aug 14 2026, 15:25:49) [Clang 22.1.3 ]",3.81020999,14,5,nominal,0.0638297872,0.0638297872,0.0263966322,0.0285407264,0.0638297872,0.683973173,94,2,14.25,19.81,19.9,90.8,100.945,103,54.5,81,81,57.5,58.785,58.8,0.408191681,0.561304474,0.593139648,1.87372589,2.19190445,2.19338989,"Todas as amostras periódicas preservadas no CSV (ciclo inteiro, todas as sessões disponíveis)",1,14,4,2026-08-29 01:34:55.061000+00:00,2026-08-29 01:35:19.910000+00:00,2,19.4000234,9.70001169,,,,,,,,,2,Soma das épocas preservadas,79.8968109,0.00524115555,0.00524115555,0,0.00538889538
controlled-augmentation2-mac-m4-aug05|smoke|fashion_mnist|smoke,controlled-augmentation2-mac-m4-aug05,smoke,fashion_mnist,smoke,fashion_mnist__unit_interval__all_raw__seed-42,completed,2026-08-29T01:34:32.501+00:00,1,outputs/controlled-augmentation2-mac-m4-aug05/smoke/fashion_mnist/runs/fashion_mnist__unit_interval__all_raw__seed-42/status.json,raw,environment.json,32,0.5,42,unit_interval,all_raw,mixed_float16,swish,0.0003,10,64,1,0.7,0.15,0.15,2,a7b007f1fec3be64e18b931f2906b390d11a9c793bc69cb5c1c862fa7e1d5c06,4995292881145ea6ead8e3c3a968f7b1295068ed6a7f77de58e4dc21b98397fa,4dbf1b9d8641cfaa0fbd1e1d4753e51a0b19a28acc45dfb6695151374cc8835e,Adam,2,9.18590063,0.9529475,13.1567853,apple-metal-ioreg,Apple M4,10,16,10,15.0,Metal 3,2.18.1,1.2.0,"3.10.21 (main, Aug 14 2026, 15:25:49) [Clang 22.1.3 ]",2.15652037,12,5,nominal,0.45,0.45,0.36,0.353333333,0.45,0.813888889,20,2,9.25,17.575,18.5,93.55,98.995,99.6,44.5,75.55,79,56.15,57.365,57.5,0.347045898,0.363594055,0.365432739,1.6364975,1.94721146,1.98173523,"Todas as amostras periódicas preservadas no CSV (ciclo inteiro, todas as sessões disponíveis)",1,12,2,2026-08-29 01:34:19.295000+00:00,2026-08-29 01:34:32.217000+00:00,2,9.18590063,4.59295031,,,,,,,,,2,Soma das épocas preservadas,35.9246212,0.217857143,0.217857143,0,0.00255163906
controlled-augmentation2-mac-m4-aug05|smoke|fer2013|smoke,controlled-augmentation2-mac-m4-aug05,smoke,fer2013,smoke,fer2013__unit_interval__all_raw__seed-42,completed,2026-08-29T01:37:12.073+00:00,1,outputs/controlled-augmentation2-mac-m4-aug05/smoke/fer2013/runs/fer2013__unit_interval__all_raw__seed-42/status.json,raw,environment.json,32,0.5,42,unit_interval,all_raw,mixed_float16,swish,0.0003,7,64,1,0.7,0.15,0.15,2,c62de43147f03d80876cd1d4dd88a3b39267479e5b4bbdf5c165d649211e78bf,6a002fce879935a388a92bf993f61fff671861d9ac2c3712d500f583e733eb45,631d2d7db017b2b8f2644bd77fa61b5737fb7e3a0399813f13773621261b4ac2,Adam,2,8.44066,0.962694083,12.3315932,apple-metal-ioreg,Apple M4,10,16,10,15.0,Metal 3,2.18.1,1.2.0,"3.10.21 (main, Aug 14 2026, 15:25:49) [Clang 22.1.3 ]",1.94419038,12,5,nominal,0.142857143,0.142857143,0.0952380952,0.0714285714,0.142857143,0.601190476,14,2,9.25,17.575,18.5,97.85,99.245,99.4,41,69.8,73,58.2,59.73,59.9,0.351234436,0.358039093,0.358795166,1.6075592,1.91859589,1.95315552,"Todas as amostras periódicas preservadas no CSV (ciclo inteiro, todas as sessões disponíveis)",1,12,2,2026-08-29 01:36:59.713000+00:00,2026-08-29 01:37:11.800000+00:00,1,8.44066,4.22033,,,,,,,,,2,Soma das épocas preservadas,27.249054,0.177489177,0.148379352,0,0.00234462778
controlled-augmentation2-mac-m4-aug05|smoke|gtsrb|smoke,controlled-augmentation2-mac-m4-aug05,smoke,gtsrb,smoke,gtsrb__unit_interval__all_raw__seed-42,completed,2026-08-29T01:36:52.382+00:00,1,outputs/controlled-augmentation2-mac-m4-aug05/smoke/gtsrb/runs/gtsrb__unit_interval__all_raw__seed-42/status.json,raw,environment.json,32,0.5,42,unit_interval,all_raw,mixed_float16,swish,0.0003,43,128,3,0.7,0.15,0.15,2,54c28ae5d58493e316ffc5c8b142b4cbe984d9cdf1ec008e003b9aec37525bbf,677007134aa7271fe79e4ad92023be30e01ceb4b8c53765faef944fad4ec67f9,d697bfbe29d30c158e763acbb1d73a2206b8e4925203fda29801831a7185c74e,Adam,2,21.0373968,1.81261933,27.2160575,apple-metal-ioreg,Apple M4,10,16,10,15.0,Metal 3,2.18.1,1.2.0,"3.10.21 (main, Aug 14 2026, 15:25:49) [Clang 22.1.3 ]",3.75569129,15,5,nominal,0.0348837209,0.0348837209,0.0144702842,0.0106589147,0.0348837209,0.561184939,86,2,16.28,22.86,23.3,93.36,104.78,105.6,52.6,84.6,85,60.98,62.36,62.5,0.447119141,0.514260864,0.514556885,1.8880249,2.23860779,2.25538635,"Todas as amostras periódicas preservadas no CSV (ciclo inteiro, todas as sessões disponíveis)",1,15,5,2026-08-29 01:36:25.127000+00:00,2026-08-29 01:36:52.040000+00:00,1,21.0373968,10.5186984,,,,,,,,,2,Soma das épocas preservadas,67.403777,0.0203600611,0.00874365143,0,0.00584372132
controlled-augmentation2-mac-m4-aug05|smoke|kmnist|smoke,controlled-augmentation2-mac-m4-aug05,smoke,kmnist,smoke,kmnist__unit_interval__all_raw__seed-42,completed,2026-08-29T01:34:50.273+00:00,1,outputs/controlled-augmentation2-mac-m4-aug05/smoke/kmnist/runs/kmnist__unit_interval__all_raw__seed-42/status.json,raw,environment.json,32,0.5,42,unit_interval,all_raw,mixed_float16,swish,0.0003,10,64,1,0.7,0.15,0.15,2,4c2f98ed657b87d52823acd3c71260849c6fa63b3e1cb29e7b06667599a9a95d,4995292881145ea6ead8e3c3a968f7b1295068ed6a7f77de58e4dc21b98397fa,9d57c3da65bab320308bcf003c8fe1f556d1676a62692fed9eab8ba625f9a0b7,Adam,2,9.111907,0.966741083,12.9962678,apple-metal-ioreg,Apple M4,10,16,10,15.0,Metal 3,2.18.1,1.2.0,"3.10.21 (main, Aug 14 2026, 15:25:49) [Clang 22.1.3 ]",2.30452776,12,5,nominal,0.2,0.2,0.08,0.05,0.2,0.527777778,20,2,9.3,17.67,18.6,96.45,99.195,99.5,43.5,72.75,76,56,57.35,57.5,0.340324402,0.352361298,0.35369873,1.59638214,1.90638199,1.94082642,"Todas as amostras periódicas preservadas no CSV (ciclo inteiro, todas as sessões disponíveis)",1,12,2,2026-08-29 01:34:37.230000+00:00,2026-08-29 01:34:49.985000+00:00,1,9.111907,4.5559535,,,,,,,,,2,Soma das épocas preservadas,36.2163486,0.14,0.133333333,0,0.00253108528
controlled-augmentation2-mac-m4-aug05|smoke|mnist|smoke,controlled-augmentation2-mac-m4-aug05,smoke,mnist,smoke,mnist__unit_interval__all_raw__seed-42,completed,2026-08-29T01:34:14.580+00:00,1,outputs/controlled-augmentation2-mac-m4-aug05/smoke/mnist/runs/mnist__unit_interval__all_raw__seed-42/status.json,raw,environment.json,32,0.5,42,unit_interval,all_raw,mixed_float16,swish,0.0003,10,64,1,0.7,0.15,0.15,2,39403ea466d6ef6428912305288c39c1983c8b318737c8b2013f70c23f381256,4e830c347687085c1859d241da20f9a444d9c93ae656ec5c32e11083d5b34123,1ebfd0c443f60da13888872802ea8bbcc412f8f8e4ae0c0feccf72b68cc96721,Adam,2,9.76428754,1.01037612,13.9891363,apple-metal-ioreg,Apple M4,10,16,10,15.0,Metal 3,2.18.1,1.2.0,"3.10.21 (main, Aug 14 2026, 15:25:49) [Clang 22.1.3 ]",2.19369268,12,5,nominal,0.3,0.3,0.200769231,0.168181818,0.3,0.808333333,20,2,8.75,16.625,17.5,87.95,96.995,98,5,9.5,10,55.85,57.245,57.4,0.361526489,0.362528992,0.362640381,1.65870667,1.98498688,2.02124023,"Todas as amostras periódicas preservadas no CSV (ciclo inteiro, todas as sessões disponíveis)",1,12,2,2026-08-29 01:34:00.601000+00:00,2026-08-29 01:34:14.273000+00:00,2,9.76428754,4.88214377,,,,,,,,,2,Soma das épocas preservadas,33.7966286,0.197272727,0.197272727,0,0.0027123021
controlled-augmentation2-mac-m4-aug05|smoke|svhn|smoke,controlled-augmentation2-mac-m4-aug05,smoke,svhn,smoke,svhn__unit_interval__all_raw__seed-42,completed,2026-08-29T01:36:18.929+00:00,1,outputs/controlled-augmentation2-mac-m4-aug05/smoke/svhn/runs/svhn__unit_interval__all_raw__seed-42/status.json,raw,environment.json,32,0.5,42,unit_interval,all_raw,mixed_float16,swish,0.0003,10,64,3,0.7,0.15,0.15,2,dd2c372edb481e593fb3b66971314f4447c271c835ad19a88ccb1d9fe52cb0ab,4d4421bf944d9e46c02b1192f9251c9c45f847524e1a509d19872cf778d8b03b,83d5d71886233179af803dd4a86ff969bdf1f77f46c36d438b6f975772fb2b88,Adam,2,9.27314387,0.971974,13.2402832,apple-metal-ioreg,Apple M4,10,16,10,15.0,Metal 3,2.18.1,1.2.0,"3.10.21 (main, Aug 14 2026, 15:25:49) [Clang 22.1.3 ]",2.28311729,12,5,nominal,0.1,0.1,0.0785714286,0.07,0.1,0.611111111,20,2,8.7,16.53,17.4,91.75,98.635,99.4,44.5,75.55,79,58.85,60.425,60.6,0.347381592,0.365055847,0.367019653,1.88748932,2.21238937,2.24848938,"Todas as amostras periódicas preservadas no CSV (ciclo inteiro, todas as sessões disponíveis)",1,12,2,2026-08-29 01:36:05.716000+00:00,2026-08-29 01:36:18.717000+00:00,2,9.27314387,4.63657194,,,,,,,,,2,Soma das épocas preservadas,35.5866365,0.0720512821,0.0720512821,0,0.0025758733
controlled-augmentation05-activations-mac2|activations|cifar10|relu,controlled-augmentation05-activations-mac2,activations,cifar10,relu,cifar10__unit_interval__all_raw__seed-42,completed,2026-09-02T15:36:10.281+00:00,,outputs/controlled-augmentation05-activations-mac2/activations/cifar10/relu/cifar10/runs/cifar10__unit_interval__all_raw__seed-42/status.json,exported_snapshot,Export Mac + metadata campaign; no per-run environment here,256,0.5,42,unit_interval,all_raw,mixed_float16,relu,0.0003,10,,,,,,100,,,,Adam,100,11512.3336,9.95715267,11918.3732,apple-metal-ioreg,Apple M4,10,16,,,,2.18.1,1.2.0,"3.10.21 (main, Aug 14 2026, 15:25:49) [Clang 22.1.3 ]",1.16067481,2433,5,nominal,0.566444444,0.566444444,0.564455792,0.588145547,0.566444444,0.89869976,9000,100,19.8820797,22.3,,96.8563913,116.6,220.9,91.3300452,97,100,75.4358816,77.2,79.1,1.01197,1.07768,1.13757,2.74755,2.92559,3.7493,"Resumo exportado; ciclo da execução, inclui eventos; amostras brutas indisponíveis",,,,,,33,11512.3336,115.123336,547.259616,,,,,,shared_unified_driver,analysis_reports/activation_quantization_2026-09-30/data/runs.csv,100,Soma das épocas preservadas,547.23918,0.567005945,0.501756928,0,3.19787044
controlled-augmentation05-activations-mac2|activations|cifar10|sigmoid,controlled-augmentation05-activations-mac2,activations,cifar10,sigmoid,cifar10__unit_interval__all_raw__seed-42,completed,2026-09-02T19:48:49.290+00:00,,outputs/controlled-augmentation05-activations-mac2/activations/cifar10/sigmoid/cifar10/runs/cifar10__unit_interval__all_raw__seed-42/status.json,exported_snapshot,Export Mac + metadata campaign; no per-run environment here,256,0.5,42,unit_interval,all_raw,mixed_float16,sigmoid,0.0003,10,,,,,,100,,,,Adam,100,14204.9362,17.8923381,15152.3222,apple-metal-ioreg,Apple M4,10,16,,,,2.18.1,1.2.0,"3.10.21 (main, Aug 14 2026, 15:25:49) [Clang 22.1.3 ]",1.01224458,3059,5,nominal,0.636666667,0.636666667,0.638977217,0.647898457,0.636666667,0.938323155,9000,100,18.6169009,23.9,,89.0183393,109.31,220,80.7342269,87,100,75.248153,77.4,82.8,0.91801,1.32105,1.97951,2.67504,3.1449,3.72803,"Resumo exportado; ciclo da execução, inclui eventos; amostras brutas indisponíveis",,,,,,99,14204.9362,142.049362,443.663929,,,,,,shared_unified_driver,analysis_reports/activation_quantization_2026-09-30/data/runs.csv,100,Soma das épocas preservadas,443.507801,0.639355207,0.617123139,0,3.9458156
controlled-augmentation05-activations-mac2|activations|cifar10|softmax,controlled-augmentation05-activations-mac2,activations,cifar10,softmax,cifar10__unit_interval__all_raw__seed-42,completed,2026-09-02T23:05:07.257+00:00,,outputs/controlled-augmentation05-activations-mac2/activations/cifar10/softmax/cifar10/runs/cifar10__unit_interval__all_raw__seed-42/status.json,exported_snapshot,Export Mac + metadata campaign; no per-run environment here,256,0.5,42,unit_interval,all_raw,mixed_float16,softmax,0.0003,10,,,,,,100,,,,Adam,100,11373.5643,10.0914363,11770.9637,apple-metal-ioreg,Apple M4,10,16,,,,2.18.1,1.2.0,"3.10.21 (main, Aug 14 2026, 15:25:49) [Clang 22.1.3 ]",2.30259109,2402,5,nominal,0.1,0.1,0.0181818182,0.01,0.1,0.5,9000,100,18.3663197,20.5,,98.0045379,117.2,220.9,91.4571191,96,100,74.295587,75.9,77.7,1.10282,1.1818,1.26573,2.85774,3.04599,3.78909,"Resumo exportado; ciclo da execução, inclui eventos; amostras brutas indisponíveis",,,,,,1,11373.5643,113.735643,553.933776,,,,,,shared_unified_driver,analysis_reports/activation_quantization_2026-09-30/data/runs.csv,100,Soma das épocas preservadas,553.916068,0.0181818182,0.0181818182,0,3.15932341
controlled-augmentation05-activations-mac2|activations|cifar100_coarse|relu,controlled-augmentation05-activations-mac2,activations,cifar100_coarse,relu,cifar100_coarse__unit_interval__all_raw__seed-42,completed,2026-09-03T02:22:16.429+00:00,,outputs/controlled-augmentation05-activations-mac2/activations/cifar100_coarse/relu/cifar100_coarse/runs/cifar100_coarse__unit_interval__all_raw__seed-42/status.json,exported_snapshot,Export Mac + metadata campaign; no per-run environment here,256,0.5,42,unit_interval,all_raw,mixed_float16,relu,0.0003,20,,,,,,100,,,,Adam,100,11420.3819,9.75405758,11822.6315,apple-metal-ioreg,Apple M4,10,16,,,,2.18.1,1.2.0,"3.10.21 (main, Aug 14 2026, 15:25:49) [Clang 22.1.3 ]",2.25780106,2412,5,nominal,0.303222222,0.303222222,0.2997818,0.369046401,0.303222222,0.792038577,9000,100,18.1436982,20.6,,97.0680348,114.545,223.2,91.0331675,96,100,73.9257877,75.6,77.9,1.08507,1.17085,1.20711,2.89677,3.51092,3.69714,"Resumo exportado; ciclo da execução, inclui eventos; amostras brutas indisponíveis",,,,,,54,11420.3819,114.203819,551.662511,,,,,,shared_unified_driver,analysis_reports/activation_quantization_2026-09-30/data/runs.csv,100,Soma das épocas preservadas,551.6453,0.309396165,0.138943769,-1.8189894e-12,3.17232831
controlled-augmentation05-activations-mac2|activations|cifar100_coarse|sigmoid,controlled-augmentation05-activations-mac2,activations,cifar100_coarse,sigmoid,cifar100_coarse__unit_interval__all_raw__seed-42,completed,2026-09-03T06:35:49.541+00:00,,outputs/controlled-augmentation05-activations-mac2/activations/cifar100_coarse/sigmoid/cifar100_coarse/runs/cifar100_coarse__unit_interval__all_raw__seed-42/status.json,exported_snapshot,Export Mac + metadata campaign; no per-run environment here,256,0.5,42,unit_interval,all_raw,mixed_float16,sigmoid,0.0003,20,,,,,,100,,,,Adam,100,14213.5061,18.7632056,15206.6381,apple-metal-ioreg,Apple M4,10,16,,,,2.18.1,1.2.0,"3.10.21 (main, Aug 14 2026, 15:25:49) [Clang 22.1.3 ]",2.05215311,3068,5,nominal,0.366111111,0.366111111,0.35015427,0.362627351,0.366111111,0.855183463,9000,100,15.1254889,17.2,,88.0165906,109.465,221.1,80.8204042,87,100,73.4025098,75.2,80,0.95001,1.03299,1.07556,2.9281,3.52697,4.32198,"Resumo exportado; ciclo da execução, inclui eventos; amostras brutas indisponíveis",,,,,,100,14213.5061,142.135061,443.254207,,,,,,shared_unified_driver,analysis_reports/activation_quantization_2026-09-30/data/runs.csv,100,Soma das épocas preservadas,443.24039,0.356010926,0.356010926,0,3.94819614
controlled-augmentation05-activations-mac2|activations|cifar100_coarse|softmax,controlled-augmentation05-activations-mac2,activations,cifar100_coarse,softmax,cifar100_coarse__unit_interval__all_raw__seed-42,completed,2026-09-03T09:55:32.010+00:00,,outputs/controlled-augmentation05-activations-mac2/activations/cifar100_coarse/softmax/cifar100_coarse/runs/cifar100_coarse__unit_interval__all_raw__seed-42/status.json,exported_snapshot,Export Mac + metadata campaign; no per-run environment here,256,0.5,42,unit_interval,all_raw,mixed_float16,softmax,0.0003,20,,,,,,100,,,,Adam,100,11571.3818,9.84553304,11976.2287,apple-metal-ioreg,Apple M4,10,16,,,,2.18.1,1.2.0,"3.10.21 (main, Aug 14 2026, 15:25:49) [Clang 22.1.3 ]",2.99573731,2440,5,nominal,0.05,0.05,0.00476190476,0.0025,0.05,0.5,9000,100,18.1918033,20.3,,97.9889344,118.205,218.7,91.8655738,96,100,73.2904508,74.9,76.2,1.08171,1.16309,1.28117,3.02114,3.73593,3.97191,"Resumo exportado; ciclo da execução, inclui eventos; amostras brutas indisponíveis",,,,,,1,11571.3818,115.713818,544.466575,,,,,,shared_unified_driver,analysis_reports/activation_quantization_2026-09-30/data/runs.csv,100,Soma das épocas preservadas,544.446645,0.00476190476,0.00476190476,0,3.21427272
controlled-augmentation05-activations-mac2|activations|emnist_balanced|relu,controlled-augmentation05-activations-mac2,activations,emnist_balanced,relu,emnist_balanced__unit_interval__all_raw__seed-42,completed,2026-09-01T20:13:34.898+00:00,,outputs/controlled-augmentation05-activations-mac2/activations/emnist_balanced/relu/emnist_balanced/runs/emnist_balanced__unit_interval__all_raw__seed-42/status.json,exported_snapshot,Export Mac + metadata campaign; no per-run environment here,256,0.5,42,unit_interval,all_raw,mixed_float16,relu,0.0003,47,,,,,,100,,,,Adam,100,13731.533,18.5448204,14212.7706,apple-metal-ioreg,Apple M4,10,16,,,,2.18.1,1.2.0,"3.10.21 (main, Aug 14 2026, 15:25:49) [Clang 22.1.3 ]",0.568742335,2840,5,nominal,0.848632219,0.848632219,0.844157067,0.859474789,0.848632219,0.994139249,19740,100,19.3923592,23.705,,99.5108451,117.705,225,91.8197183,96,100,75.2039789,78.905,84.9,0.94154,1.11914,1.92097,2.40863,2.7182,3.22786,"Resumo exportado; ciclo da execução, inclui eventos; amostras brutas indisponíveis",,,,,,77,23884.8571,238.848571,583.797504,,,,,,shared_unified_driver,analysis_reports/activation_quantization_2026-09-30/data/runs.csv,100,Soma das épocas preservadas,578.525545,0.840157063,0.812954851,10153.3241,6.63468254
controlled-augmentation05-activations-mac2|activations|emnist_balanced|sigmoid,controlled-augmentation05-activations-mac2,activations,emnist_balanced,sigmoid,emnist_balanced__unit_interval__all_raw__seed-42,completed,2026-09-02T05:15:20.496+00:00,,outputs/controlled-augmentation05-activations-mac2/activations/emnist_balanced/sigmoid/emnist_balanced/runs/emnist_balanced__unit_interval__all_raw__seed-42/status.json,exported_snapshot,Export Mac + metadata campaign; no per-run environment here,256,0.5,42,unit_interval,all_raw,mixed_float16,sigmoid,0.0003,47,,,,,,100,,,,Adam,100,30380.429,38.2486622,32497.6976,apple-metal-ioreg,Apple M4,10,16,,,,2.18.1,1.2.0,"3.10.21 (main, Aug 14 2026, 15:25:49) [Clang 22.1.3 ]",0.436211556,6442,5,nominal,0.852786221,0.852786221,0.849282541,0.859335619,0.852786221,0.99607478,19740,100,16.6330487,19.7,,88.6518007,93.695,230.9,80.5232847,86,100,77.0433095,78.9,80.1,0.86555,0.92267,1.23686,2.6328,2.83722,3.57161,"Resumo exportado; ciclo da execução, inclui eventos; amostras brutas indisponíveis",,,,,,78,30380.429,303.80429,454.838626,,,,,,shared_unified_driver,analysis_reports/activation_quantization_2026-09-30/data/runs.csv,100,Soma das épocas preservadas,454.832286,0.846405779,0.835987417,3.63797881e-12,8.43900807
controlled-augmentation05-activations-mac2|activations|emnist_balanced|softmax,controlled-augmentation05-activations-mac2,activations,emnist_balanced,softmax,emnist_balanced__unit_interval__all_raw__seed-42,completed,2026-09-02T12:17:18.959+00:00,,outputs/controlled-augmentation05-activations-mac2/activations/emnist_balanced/softmax/emnist_balanced/runs/emnist_balanced__unit_interval__all_raw__seed-42/status.json,exported_snapshot,Export Mac + metadata campaign; no per-run environment here,256,0.5,42,unit_interval,all_raw,mixed_float16,softmax,0.0003,47,,,,,,100,,,,Adam,100,24485.6882,18.7522362,25311.2572,apple-metal-ioreg,Apple M4,10,16,,,,2.18.1,1.2.0,"3.10.21 (main, Aug 14 2026, 15:25:49) [Clang 22.1.3 ]",3.85015559,5047,5,nominal,0.0212765957,0.0212765957,0.000886524823,0.000452693526,0.0212765957,0.5,19740,100,18.5210818,22,,97.3349515,114.8,225.8,91.2829404,96,100,76.5272637,78.9,80.2,1.0012,1.05871,1.45872,2.6633,3.08801,3.66054,"Resumo exportado; ciclo da execução, inclui eventos; amostras brutas indisponíveis",,,,,,1,24485.6882,244.856882,564.335065,,,,,,shared_unified_driver,analysis_reports/activation_quantization_2026-09-30/data/runs.csv,100,Soma das épocas preservadas,564.329655,0.000886524823,0.000886524823,0,6.80158007
controlled-augmentation05-activations-mac2|activations|fashion_mnist|relu,controlled-augmentation05-activations-mac2,activations,fashion_mnist,relu,fashion_mnist__unit_interval__all_raw__seed-42,completed,2026-08-29T16:18:23.581+00:00,,outputs/controlled-augmentation05-activations-mac2/activations/fashion_mnist/relu/fashion_mnist/runs/fashion_mnist__unit_interval__all_raw__seed-42/status.json,exported_snapshot,Export Mac + metadata campaign; no per-run environment here,256,0.5,42,unit_interval,all_raw,mixed_float16,relu,0.0003,10,,,,,,100,,,,Adam,100,11786.4861,11.0441908,12261.206,apple-metal-ioreg,Apple M4,10,16,,,,2.18.1,1.2.0,"3.10.21 (main, Aug 14 2026, 15:25:49) [Clang 22.1.3 ]",0.32728526,2494,5,nominal,0.878190476,0.878190476,0.875009941,0.881801827,0.878190476,0.987763643,10500,100,20.2136728,23.8,,82.5975942,91.7,156.6,92.797514,97,100,74.3421812,76.8,78.8,0.8866,0.9486,1.24948,2.96082,3.61022,4.11147,"Resumo exportado; ciclo da execução, inclui eventos; amostras brutas indisponíveis",,,,,,17,11786.4861,117.864861,623.68674,,,,,,shared_unified_driver,analysis_reports/activation_quantization_2026-09-30/data/runs.csv,100,Soma das épocas preservadas,623.595527,0.884775948,0.654555672,0,3.27402391
controlled-augmentation05-activations-mac2|activations|fashion_mnist|sigmoid,controlled-augmentation05-activations-mac2,activations,fashion_mnist,sigmoid,fashion_mnist__unit_interval__all_raw__seed-42,completed,2026-08-29T20:48:29.652+00:00,,outputs/controlled-augmentation05-activations-mac2/activations/fashion_mnist/sigmoid/fashion_mnist/runs/fashion_mnist__unit_interval__all_raw__seed-42/status.json,exported_snapshot,Export Mac + metadata campaign; no per-run environment here,256,0.5,42,unit_interval,all_raw,mixed_float16,sigmoid,0.0003,10,,,,,,100,,,,Adam,100,15033.8874,21.9472908,16199.2531,apple-metal-ioreg,Apple M4,10,16,,,,2.18.1,1.2.0,"3.10.21 (main, Aug 14 2026, 15:25:49) [Clang 22.1.3 ]",0.277063459,3260,5,nominal,0.90047619,0.90047619,0.900415028,0.901994617,0.90047619,0.993495944,10500,100,19.8711656,26.9,,76.207362,80.5,153.9,81.7592025,87,100,75.3855828,77.9,80.2,0.75489,0.81281,1.12437,2.67551,2.98592,3.66252,"Resumo exportado; ciclo da execução, inclui eventos; amostras brutas indisponíveis",,,,,,91,15033.8874,150.338874,489.076707,,,,,,shared_unified_driver,analysis_reports/activation_quantization_2026-09-30/data/runs.csv,100,Soma das épocas preservadas,488.895508,0.912837327,0.908159282,0,4.17607983
controlled-augmentation05-activations-mac2|activations|fashion_mnist|softmax,controlled-augmentation05-activations-mac2,activations,fashion_mnist,softmax,fashion_mnist__unit_interval__all_raw__seed-42,completed,2026-08-30T00:11:38.860+00:00,,outputs/controlled-augmentation05-activations-mac2/activations/fashion_mnist/softmax/fashion_mnist/runs/fashion_mnist__unit_interval__all_raw__seed-42/status.json,exported_snapshot,Export Mac + metadata campaign; no per-run environment here,256,0.5,42,unit_interval,all_raw,mixed_float16,softmax,0.0003,10,,,,,,100,,,,Adam,100,11714.3361,11.1289441,12182.5145,apple-metal-ioreg,Apple M4,10,16,,,,2.18.1,1.2.0,"3.10.21 (main, Aug 14 2026, 15:25:49) [Clang 22.1.3 ]",2.30258751,2479,5,nominal,0.1,0.1,0.0181818182,0.01,0.1,0.5,10500,100,20.8856797,22.9,,85.5367084,94.61,154.3,93.2029044,97,100,75.7589754,77.9,79.7,0.8891,0.9507,1.27406,2.84321,2.96804,3.96657,"Resumo exportado; ciclo da execução, inclui eventos; amostras brutas indisponíveis",,,,,,1,11714.3361,117.143361,627.528312,,,,,,shared_unified_driver,analysis_reports/activation_quantization_2026-09-30/data/runs.csv,100,Soma das épocas preservadas,627.436324,0.0181818182,0.0181818182,1.8189894e-12,3.25398226
controlled-augmentation05-activations-mac2|activations|fer2013|relu,controlled-augmentation05-activations-mac2,activations,fer2013,relu,fer2013__unit_interval__all_raw__seed-42,completed,2026-09-04T12:27:53.071+00:00,,outputs/controlled-augmentation05-activations-mac2/activations/fer2013/relu/fer2013/runs/fer2013__unit_interval__all_raw__seed-42/status.json,exported_snapshot,Export Mac + metadata campaign; no per-run environment here,256,0.5,42,unit_interval,all_raw,mixed_float16,relu,0.0003,7,,,,,,100,,,,Adam,100,6034.87253,6.34908129,6301.40146,apple-metal-ioreg,Apple M4,10,16,,,,2.18.1,1.2.0,"3.10.21 (main, Aug 14 2026, 15:25:49) [Clang 22.1.3 ]",1.43263459,1332,5,nominal,0.403195838,0.333265713,0.27467926,0.242564518,0.333265713,0.732168027,5382,100,20.0961712,21.6,,83.10503,92.39,158.7,91.725976,97,100,60.076952,63.2,63.9,1.05639,1.15229,1.23495,3.57223,4.14357,4.54245,"Resumo exportado; ciclo da execução, inclui eventos; amostras brutas indisponíveis",,,,,,38,6034.87253,60.3487253,624.550126,,,,,,shared_unified_driver,analysis_reports/activation_quantization_2026-09-30/data/runs.csv,100,Soma das épocas preservadas,624.387671,0.274297126,0.153334861,0,1.67635348
controlled-augmentation05-activations-mac2|activations|fer2013|sigmoid,controlled-augmentation05-activations-mac2,activations,fer2013,sigmoid,fer2013__unit_interval__all_raw__seed-42,completed,2026-09-04T14:49:51.522+00:00,,outputs/controlled-augmentation05-activations-mac2/activations/fer2013/sigmoid/fer2013/runs/fer2013__unit_interval__all_raw__seed-42/status.json,exported_snapshot,Export Mac + metadata campaign; no per-run environment here,256,0.5,42,unit_interval,all_raw,mixed_float16,sigmoid,0.0003,7,,,,,,100,,,,Adam,100,7879.99381,11.2160474,8510.20881,apple-metal-ioreg,Apple M4,10,16,,,,2.18.1,1.2.0,"3.10.21 (main, Aug 14 2026, 15:25:49) [Clang 22.1.3 ]",1.35201907,1760,5,nominal,0.474544779,0.383672972,0.375444086,0.39170926,0.383672972,0.790116236,5382,100,18.6683523,20.2,,74.9388636,78.5,157.1,80.4505682,86.05,100,61.5302841,62.9,63.3,0.93097,1.0174,1.08771,3.65871,4.24273,4.63318,"Resumo exportado; ciclo da execução, inclui eventos; amostras brutas indisponíveis",,,,,,93,7879.99381,78.7999381,478.281993,,,,,,shared_unified_driver,analysis_reports/activation_quantization_2026-09-30/data/runs.csv,100,Soma das épocas preservadas,478.185655,0.371683359,0.361480676,0,2.18888717
controlled-augmentation05-activations-mac2|activations|fer2013|softmax,controlled-augmentation05-activations-mac2,activations,fer2013,softmax,fer2013__unit_interval__all_raw__seed-42,completed,2026-09-08T17:28:59.196+00:00,,outputs/controlled-augmentation05-activations-mac2/activations/fer2013/softmax/fer2013/runs/fer2013__unit_interval__all_raw__seed-42/status.json,exported_snapshot,Export Mac + metadata campaign; no per-run environment here,256,0.5,42,unit_interval,all_raw,mixed_float16,softmax,0.0003,7,,,,,,100,,,,Adam,100,3314.87058,5.91265821,3461.83244,apple-metal-ioreg,Apple M4,10,16,,,,2.18.1,1.2.0,"3.10.21 (main, Aug 14 2026, 15:25:49) [Clang 22.1.3 ]",1.8103683,741,5,nominal,0.250464511,0.142857143,0.0572277648,0.0357806445,0.142857143,0.5,5382,100,17.6197031,26.5,,85.4279352,94.2,178.3,91.5222672,96,100,69.202969,70.4,70.9,1.07932,1.17445,1.66046,2.16433,2.47063,2.97626,"Resumo exportado; ciclo da execução, inclui eventos; amostras brutas indisponíveis",,,,,,1,5927.25886,59.2725886,648.282217,,,,,,shared_unified_driver,analysis_reports/activation_quantization_2026-09-30/data/runs.csv,100,Soma das épocas preservadas,635.72388,0.0572447009,0.0572447009,2612.38827,1.64646079
controlled-augmentation05-activations-mac2|activations|gtsrb|relu,controlled-augmentation05-activations-mac2,activations,gtsrb,relu,gtsrb__unit_interval__all_raw__seed-42,completed,2026-09-04T06:00:27.476+00:00,,outputs/controlled-augmentation05-activations-mac2/activations/gtsrb/relu/gtsrb/runs/gtsrb__unit_interval__all_raw__seed-42/status.json,exported_snapshot,Export Mac + metadata campaign; no per-run environment here,256,0.5,42,unit_interval,all_raw,mixed_float16,relu,0.0003,43,,,,,,100,,,,Adam,100,7528.07093,7.35157137,7798.52914,apple-metal-ioreg,Apple M4,10,16,,,,2.18.1,1.2.0,"3.10.21 (main, Aug 14 2026, 15:25:49) [Clang 22.1.3 ]",0.108305931,1629,5,nominal,0.687571266,0.679062941,0.577541983,0.621273168,0.679062941,0.996768249,3508,100,20.0333947,30.66,,76.0127072,88.8,125,92.7065684,98,100,81.5644567,85.36,85.9,2.81383,2.95398,3.47516,2.02996,2.42947,3.09236,"Resumo exportado; ciclo da execução, inclui eventos; amostras brutas indisponíveis",,,,,,96,7528.07093,75.2807093,327.495623,,,,,,shared_unified_driver,analysis_reports/activation_quantization_2026-09-30/data/runs.csv,100,Soma das épocas preservadas,327.454407,0.591802109,0.509615493,0,2.09113081
controlled-augmentation05-activations-mac2|activations|gtsrb|sigmoid,controlled-augmentation05-activations-mac2,activations,gtsrb,sigmoid,gtsrb__unit_interval__all_raw__seed-42,completed,2026-09-04T08:30:08.899+00:00,,outputs/controlled-augmentation05-activations-mac2/activations/gtsrb/sigmoid/gtsrb/runs/gtsrb__unit_interval__all_raw__seed-42/status.json,exported_snapshot,Export Mac + metadata campaign; no per-run environment here,256,0.5,42,unit_interval,all_raw,mixed_float16,sigmoid,0.0003,43,,,,,,100,,,,Adam,100,8550.10352,9.18057542,8973.21246,apple-metal-ioreg,Apple M4,10,16,,,,2.18.1,1.2.0,"3.10.21 (main, Aug 14 2026, 15:25:49) [Clang 22.1.3 ]",0.658300996,1850,5,nominal,0.753705815,0.471031949,0.453146847,0.511061933,0.471031949,0.990073599,3508,100,18.3682703,20.7,,89.7160541,99.8,122.5,81.8113514,89,100,75.3271351,79.8,84.4,2.44686,2.76105,3.04385,2.76701,2.94616,3.5755,"Resumo exportado; ciclo da execução, inclui eventos; amostras brutas indisponíveis",,,,,,99,8550.10352,85.5010352,288.328382,,,,,,shared_unified_driver,analysis_reports/activation_quantization_2026-09-30/data/runs.csv,100,Soma das épocas preservadas,288.312299,0.456689892,0.415525587,0,2.37502876
controlled-augmentation05-activations-mac2|activations|gtsrb|softmax,controlled-augmentation05-activations-mac2,activations,gtsrb,softmax,gtsrb__unit_interval__all_raw__seed-42,completed,2026-09-04T10:42:42.466+00:00,,outputs/controlled-augmentation05-activations-mac2/activations/gtsrb/softmax/gtsrb/runs/gtsrb__unit_interval__all_raw__seed-42/status.json,exported_snapshot,Export Mac + metadata campaign; no per-run environment here,256,0.5,42,unit_interval,all_raw,mixed_float16,softmax,0.0003,43,,,,,,100,,,,Adam,100,7670.52903,7.45363525,7945.48611,apple-metal-ioreg,Apple M4,10,16,,,,2.18.1,1.2.0,"3.10.21 (main, Aug 14 2026, 15:25:49) [Clang 22.1.3 ]",2.83313179,1653,5,nominal,0.123432155,0.045715017,0.00956922082,0.00536338169,0.045715017,0.794007562,3508,100,16.4124017,18.2,,72.0688445,84.9,122.2,92.2208106,98,100,73.9651543,76.5,82.7,2.82561,2.94283,3.42282,2.67822,2.8778,3.76639,"Resumo exportado; ciclo da execução, inclui eventos; amostras brutas indisponíveis",,,,,,100,7670.52903,76.7052903,321.414177,,,,,,shared_unified_driver,analysis_reports/activation_quantization_2026-09-30/data/runs.csv,100,Soma das épocas preservadas,321.372879,0.0104837844,0.0104837844,0,2.13070251
controlled-augmentation05-activations-mac2|activations|kmnist|relu,controlled-augmentation05-activations-mac2,activations,kmnist,relu,kmnist__unit_interval__all_raw__seed-42,completed,2026-08-30T03:31:27.499+00:00,,outputs/controlled-augmentation05-activations-mac2/activations/kmnist/relu/kmnist/runs/kmnist__unit_interval__all_raw__seed-42/status.json,exported_snapshot,Export Mac + metadata campaign; no per-run environment here,256,0.5,42,unit_interval,all_raw,mixed_float16,relu,0.0003,10,,,,,,100,,,,Adam,100,11512.946,10.7567019,11982.51,apple-metal-ioreg,Apple M4,10,16,,,,2.18.1,1.2.0,"3.10.21 (main, Aug 14 2026, 15:25:49) [Clang 22.1.3 ]",0.138363972,2441,5,nominal,0.970190476,0.970190476,0.97015963,0.970615221,0.970190476,0.998853686,10500,100,20.8532978,23.1,,85.0546907,94.7,155.2,93.3723884,97,100,76.0121671,78.5,79.2,0.8868,0.94838,1.25781,2.80689,3.0247,3.97411,"Resumo exportado; ciclo da execução, inclui eventos; amostras brutas indisponíveis",,,,,,90,11512.946,115.12946,638.495144,,,,,,shared_unified_driver,analysis_reports/activation_quantization_2026-09-30/data/runs.csv,100,Soma das épocas preservadas,638.411748,0.973097179,0.967820539,0,3.19804056
controlled-augmentation05-activations-mac2|activations|kmnist|sigmoid,controlled-augmentation05-activations-mac2,activations,kmnist,sigmoid,kmnist__unit_interval__all_raw__seed-42,completed,2026-08-31T22:47:58.842+00:00,,outputs/controlled-augmentation05-activations-mac2/activations/kmnist/sigmoid/kmnist/runs/kmnist__unit_interval__all_raw__seed-42/status.json,exported_snapshot,Export Mac + metadata campaign; no per-run environment here,256,0.5,42,unit_interval,all_raw,mixed_float16,sigmoid,0.0003,10,,,,,,100,,,,Adam,100,12360.5559,21.1954043,13306.0792,apple-metal-ioreg,Apple M4,10,16,,,,2.18.1,1.2.0,"3.10.21 (main, Aug 14 2026, 15:25:49) [Clang 22.1.3 ]",0.106368862,2679,5,nominal,0.971142857,0.971142857,0.971143229,0.971281673,0.971142857,0.998773187,10500,100,17.8726017,27.5,,77.9121687,82.1,181,80.9033221,86,100,71.9501306,73.1,74.7,0.95039,1.02174,1.53378,2.78816,2.94659,3.75504,"Resumo exportado; ciclo da execução, inclui eventos; amostras brutas indisponíveis",,,,,,96,14796.5254,147.965254,499.580804,,,,,,shared_unified_driver,analysis_reports/activation_quantization_2026-09-30/data/runs.csv,100,Soma das épocas preservadas,496.738242,0.97122974,0.968925714,2435.96949,4.11014593
controlled-augmentation05-activations-mac2|activations|kmnist|softmax,controlled-augmentation05-activations-mac2,activations,kmnist,softmax,kmnist__unit_interval__all_raw__seed-42,completed,2026-09-01T02:09:24.676+00:00,,outputs/controlled-augmentation05-activations-mac2/activations/kmnist/softmax/kmnist/runs/kmnist__unit_interval__all_raw__seed-42/status.json,exported_snapshot,Export Mac + metadata campaign; no per-run environment here,256,0.5,42,unit_interval,all_raw,mixed_float16,softmax,0.0003,10,,,,,,100,,,,Adam,100,11617.3399,10.4749185,12079.0086,apple-metal-ioreg,Apple M4,10,16,,,,2.18.1,1.2.0,"3.10.21 (main, Aug 14 2026, 15:25:49) [Clang 22.1.3 ]",2.30258751,2458,5,nominal,0.1,0.1,0.0181818182,0.01,0.1,0.5,10500,100,18.8331164,25.7,,84.1349878,94,156.3,92.9914565,96,100,73.4652156,76.7,84.8,1.02376,1.50086,2.09474,3.01676,3.78199,3.84908,"Resumo exportado; ciclo da execução, inclui eventos; amostras brutas indisponíveis",,,,,,1,11617.3399,116.173399,633.051357,,,,,,shared_unified_driver,analysis_reports/activation_quantization_2026-09-30/data/runs.csv,100,Soma das épocas preservadas,632.674954,0.0181818182,0.0181818182,0,3.22703887
controlled-augmentation05-activations-mac2|activations|mnist|relu,controlled-augmentation05-activations-mac2,activations,mnist,relu,mnist__unit_interval__all_raw__seed-42,completed,2026-08-29T04:56:03.916+00:00,,outputs/controlled-augmentation05-activations-mac2/activations/mnist/relu/mnist/runs/mnist__unit_interval__all_raw__seed-42/status.json,exported_snapshot,Export Mac + metadata campaign; no per-run environment here,256,0.5,42,unit_interval,all_raw,mixed_float16,relu,0.0003,10,,,,,,100,,,,Adam,100,11517.9937,10.8296977,11978.3589,apple-metal-ioreg,Apple M4,10,16,,,,2.18.1,1.2.0,"3.10.21 (main, Aug 14 2026, 15:25:49) [Clang 22.1.3 ]",0.0594429411,2440,5,nominal,0.983711183,0.983492122,0.98360328,0.983830146,0.983492122,0.999686023,10498,100,18.7816393,20.5,,84.2695082,92.905,154.4,92.9852459,97,100,74.1270082,75.8,78.6,0.88865,0.96404,1.24889,2.83045,3.11466,3.86116,"Resumo exportado; ciclo da execução, inclui eventos; amostras brutas indisponíveis",,,,,,81,11517.9937,115.179937,638.200885,,,,,,shared_unified_driver,analysis_reports/activation_quantization_2026-09-30/data/runs.csv,100,Soma das épocas preservadas,638.114603,0.988973274,0.979719233,1.8189894e-12,3.19944271
controlled-augmentation05-activations-mac2|activations|mnist|sigmoid,controlled-augmentation05-activations-mac2,activations,mnist,sigmoid,mnist__unit_interval__all_raw__seed-42,completed,2026-08-29T09:29:44.379+00:00,,outputs/controlled-augmentation05-activations-mac2/activations/mnist/sigmoid/mnist/runs/mnist__unit_interval__all_raw__seed-42/status.json,exported_snapshot,Export Mac + metadata campaign; no per-run environment here,256,0.5,42,unit_interval,all_raw,mixed_float16,sigmoid,0.0003,10,,,,,,100,,,,Adam,100,15238.2145,21.7207392,16413.7012,apple-metal-ioreg,Apple M4,10,16,,,,2.18.1,1.2.0,"3.10.21 (main, Aug 14 2026, 15:25:49) [Clang 22.1.3 ]",0.0556246899,3299,5,nominal,0.984568489,0.984298213,0.984366446,0.984473666,0.984298213,0.999653467,10498,100,16.8954229,18.5,,75.5202182,79.1,154.9,81.6235223,87,100,73.8083359,75.7,76.4,0.75666,0.8149,1.12308,3.01276,3.56746,3.99757,"Resumo exportado; ciclo da execução, inclui eventos; amostras brutas indisponíveis",,,,,,99,15238.2145,152.382145,482.384586,,,,,,shared_unified_driver,analysis_reports/activation_quantization_2026-09-30/data/runs.csv,100,Soma das épocas preservadas,482.326851,0.985719287,0.980512504,0,4.23283735
controlled-augmentation05-activations-mac2|activations|mnist|softmax,controlled-augmentation05-activations-mac2,activations,mnist,softmax,mnist__unit_interval__all_raw__seed-42,completed,2026-08-29T12:53:55.780+00:00,,outputs/controlled-augmentation05-activations-mac2/activations/mnist/softmax/mnist/runs/mnist__unit_interval__all_raw__seed-42/status.json,exported_snapshot,Export Mac + metadata campaign; no per-run environment here,256,0.5,42,unit_interval,all_raw,mixed_float16,softmax,0.0003,10,,,,,,100,,,,Adam,100,11775.2077,11.2578863,12245.0697,apple-metal-ioreg,Apple M4,10,16,,,,2.18.1,1.2.0,"3.10.21 (main, Aug 14 2026, 15:25:49) [Clang 22.1.3 ]",2.30144382,2489,5,nominal,0.112497619,0.1,0.0202243343,0.0112497619,0.1,0.5,10498,100,19.1458015,21.4,,82.5534351,92.2,156.6,92.6548815,97,100,74.0660104,75.6,77.8,0.88891,0.95002,1.23009,3.04436,3.54775,4.32884,"Resumo exportado; ciclo da execução, inclui eventos; amostras brutas indisponíveis",,,,,,1,11775.2077,117.752077,624.255821,,,,,,shared_unified_driver,analysis_reports/activation_quantization_2026-09-30/data/runs.csv,100,Soma das épocas preservadas,624.175829,0.0202310655,0.0202310655,0,3.27089102
controlled-augmentation05-activations-mac2|activations|svhn|relu,controlled-augmentation05-activations-mac2,activations,svhn,relu,svhn__unit_interval__all_raw__seed-42,completed,2026-09-03T15:20:53.698+00:00,,outputs/controlled-augmentation05-activations-mac2/activations/svhn/relu/svhn/runs/svhn__unit_interval__all_raw__seed-42/status.json,exported_snapshot,Export Mac + metadata campaign; no per-run environment here,256,0.5,42,unit_interval,all_raw,mixed_float16,relu,0.0003,10,,,,,,100,,,,Adam,100,18871.4853,15.2681848,19514.3779,apple-metal-ioreg,Apple M4,10,16,,,,2.18.1,1.2.0,"3.10.21 (main, Aug 14 2026, 15:25:49) [Clang 22.1.3 ]",0.423387021,3906,5,nominal,0.864432955,0.849929636,0.86862678,0.897810427,0.849929636,0.986016549,14893,100,19.4253968,21.9,,96.5771377,107.85,220.6,91.8671275,97,100,74.9863031,77.7,84.1,1.05137,1.15911,1.81766,3.20598,3.80408,4.11978,"Resumo exportado; ciclo da execução, inclui eventos; amostras brutas indisponíveis",,,,,,46,18871.4853,188.714853,552.459887,,,,,,shared_unified_driver,analysis_reports/activation_quantization_2026-09-30/data/runs.csv,100,Soma das épocas preservadas,552.436643,0.865168826,0.851211954,0,5.24207925
controlled-augmentation05-activations-mac2|activations|svhn|sigmoid,controlled-augmentation05-activations-mac2,activations,svhn,sigmoid,svhn__unit_interval__all_raw__seed-42,completed,2026-09-03T22:21:45.579+00:00,,outputs/controlled-augmentation05-activations-mac2/activations/svhn/sigmoid/svhn/runs/svhn__unit_interval__all_raw__seed-42/status.json,exported_snapshot,Export Mac + metadata campaign; no per-run environment here,256,0.5,42,unit_interval,all_raw,mixed_float16,sigmoid,0.0003,10,,,,,,100,,,,Adam,100,23688.7877,29.9173378,25244.0435,apple-metal-ioreg,Apple M4,10,16,,,,2.18.1,1.2.0,"3.10.21 (main, Aug 14 2026, 15:25:49) [Clang 22.1.3 ]",0.386934698,5012,5,nominal,0.8775935,0.861229152,0.870655205,0.8827701,0.861229152,0.98961458,14893,100,18.1006584,20.2,,87.7227654,92.8,220.5,81.3270152,87,100,73.6407023,77.3,82.6,0.71636,0.78246,1.63098,3.2107,3.86951,4.36784,"Resumo exportado; ciclo da execução, inclui eventos; amostras brutas indisponíveis",,,,,,90,23688.7877,236.887877,440.163781,,,,,,shared_unified_driver,analysis_reports/activation_quantization_2026-09-30/data/runs.csv,100,Soma das épocas preservadas,440.094282,0.869698015,0.788623043,0,6.5802188
controlled-augmentation05-activations-mac2|activations|svhn|softmax,controlled-augmentation05-activations-mac2,activations,svhn,softmax,svhn__unit_interval__all_raw__seed-42,completed,2026-09-04T03:50:20.503+00:00,,outputs/controlled-augmentation05-activations-mac2/activations/svhn/softmax/svhn/runs/svhn__unit_interval__all_raw__seed-42/status.json,exported_snapshot,Export Mac + metadata campaign; no per-run environment here,256,0.5,42,unit_interval,all_raw,mixed_float16,softmax,0.0003,10,,,,,,100,,,,Adam,100,19072.6482,15.9703442,19706.2163,apple-metal-ioreg,Apple M4,10,16,,,,2.18.1,1.2.0,"3.10.21 (main, Aug 14 2026, 15:25:49) [Clang 22.1.3 ]",2.2577827,3934,5,nominal,0.190962197,0.1,0.0320685573,0.0190962197,0.1,0.5,14893,100,19.8335282,22.6,,96.7315455,108.2,216.8,92.3634977,97,100,71.5895526,73.1,79.2,0.86502,0.93449,1.27556,3.53021,4.13074,5.12083,"Resumo exportado; ciclo da execução, inclui eventos; amostras brutas indisponíveis",,,,,,1,19072.6482,190.726482,546.618832,,,,,,shared_unified_driver,analysis_reports/activation_quantization_2026-09-30/data/runs.csv,100,Soma das épocas preservadas,546.609988,0.0320667494,0.0320667494,3.63797881e-12,5.29795784
controlled-quantization-fast-mac-m4|quantization|cifar10|fp16,controlled-quantization-fast-mac-m4,quantization,cifar10,fp16,cifar10__unit_interval__all_raw__seed-42,completed,2026-09-15T05:45:00.502+00:00,,outputs/controlled-quantization-fast-mac-m4/quantization/cifar10/fp16/cifar10/runs/cifar10__unit_interval__all_raw__seed-42/status.json,exported_snapshot,Export Mac + metadata campaign; no per-run environment here,256,0.5,42,unit_interval,all_raw,mixed_float16,swish,0.0003,10,,,,,,100,,,,Adam,100,13690.6233,17.8412912,14621.1268,apple-metal-ioreg,Apple M4,10,16,,,,2.18.1,1.2.0,"3.10.21 (main, Aug 14 2026, 15:25:49) [Clang 22.1.3 ]",0.871362865,2946,5,nominal,0.702444444,0.702444444,0.701824881,0.704835418,0.702444444,0.955096619,9000,100,14.6384929,16.5,,94.3216904,114.9,219,83.1388323,90,100,69.9964019,71.6,74.1,0.77616,0.87366,1.17906,3.53733,4.13099,4.29311,"Resumo exportado; ciclo da execução, inclui eventos; amostras brutas indisponíveis",,,,,,91,13690.6233,136.906233,460.185511,,,,,,shared_unified_driver,analysis_reports/activation_quantization_2026-09-30/data/runs.csv,100,Soma das épocas preservadas,460.168967,0.700777011,0.672183904,-1.8189894e-12,3.80295093
controlled-quantization-fast-mac-m4|quantization|cifar10|fp32,controlled-quantization-fast-mac-m4,quantization,cifar10,fp32,cifar10__unit_interval__all_raw__seed-42,completed,2026-09-15T01:41:13.538+00:00,,outputs/controlled-quantization-fast-mac-m4/quantization/cifar10/fp32/cifar10/runs/cifar10__unit_interval__all_raw__seed-42/status.json,exported_snapshot,Export Mac + metadata campaign; no per-run environment here,256,0.5,42,unit_interval,all_raw,float32,swish,0.0003,10,,,,,,100,,,,Adam,100,8527.3876,8.44927587,8857.82432,apple-metal-ioreg,Apple M4,10,16,,,,2.18.1,1.2.0,"3.10.21 (main, Aug 14 2026, 15:25:49) [Clang 22.1.3 ]",0.890675902,1832,5,nominal,0.698111111,0.698111111,0.69777894,0.701003922,0.698111111,0.952377462,9000,100,19.8003275,23.245,,110.416867,134.5,221.9,89.8149563,95,100,72.2275655,75.1,79.1,0.97638,1.32754,1.69385,3.15751,3.7614,3.89915,"Resumo exportado; ciclo da execução, inclui eventos; amostras brutas indisponíveis",,,,,,98,8527.3876,85.273876,738.913513,,,,,,shared_unified_driver,analysis_reports/activation_quantization_2026-09-30/data/runs.csv,100,Soma das épocas preservadas,738.796018,0.69715403,0.677150787,0,2.36871878
controlled-quantization-fast-mac-m4|ptq|cifar10|int8_ptq,controlled-quantization-fast-mac-m4,ptq,cifar10,int8_ptq,cifar10__unit_interval__all_raw__seed-42,completed,2026-09-15T21:58:51.637996+00:00,,outputs/controlled-quantization-fast-mac-m4/quantization/cifar10/int8_ptq/cifar10/runs/cifar10__unit_interval__all_raw__seed-42/status.json,exported_snapshot,Export Mac + metadata campaign; no per-run environment here,,,42,unit_interval,all_raw,,swish,,,,,,,,,,,,,,,,,,,,,,,,,,,,,,,0.687333333,0.687333333,0.684445718,0.686465133,0.687333333,0.949789259,9000,0,,,,,,,,,,,,,,,,,,,"Resumo exportado; ciclo da execução, inclui eventos; amostras brutas indisponíveis",,,,,,,,,,310240,256,595.938715,21.3439745,429.166541,,analysis_reports/activation_quantization_2026-09-30/data/runs.csv,0,,,,,,
controlled-quantization-fast-mac-m4|quantization|cifar100_coarse|fp16,controlled-quantization-fast-mac-m4,quantization,cifar100_coarse,fp16,cifar100_coarse__unit_interval__all_raw__seed-42,completed,2026-09-16T01:57:53.238+00:00,,outputs/controlled-quantization-fast-mac-m4/quantization/cifar100_coarse/fp16/cifar100_coarse/runs/cifar100_coarse__unit_interval__all_raw__seed-42/status.json,exported_snapshot,Export Mac + metadata campaign; no per-run environment here,256,0.5,42,unit_interval,all_raw,mixed_float16,swish,0.0003,20,,,,,,100,,,,Adam,100,14134.3588,17.1254783,14860.6406,apple-metal-ioreg,Apple M4,10,16,,,,2.18.1,1.2.0,"3.10.21 (main, Aug 14 2026, 15:25:49) [Clang 22.1.3 ]",1.83064198,3010,5,nominal,0.448111111,0.448111111,0.452575162,0.46534642,0.448111111,0.893251391,9000,100,30.3559801,33.5,,96.5021262,113.055,203.7,87.9740864,94,100,79.2063787,83.155,84.4,1.37763,1.54714,2.07417,1.84798,2.57946,3.67995,"Resumo exportado; ciclo da execução, inclui eventos; amostras brutas indisponíveis",,,,,,97,14134.3588,141.343588,445.818417,,,,,,shared_unified_driver,analysis_reports/activation_quantization_2026-09-30/data/runs.csv,100,Soma das épocas preservadas,445.722377,0.463302002,0.459809317,0,3.92621078
controlled-quantization-fast-mac-m4|quantization|cifar100_coarse|fp32,controlled-quantization-fast-mac-m4,quantization,cifar100_coarse,fp32,cifar100_coarse__unit_interval__all_raw__seed-42,completed,2026-09-15T21:50:06.248+00:00,,outputs/controlled-quantization-fast-mac-m4/quantization/cifar100_coarse/fp32/cifar100_coarse/runs/cifar100_coarse__unit_interval__all_raw__seed-42/status.json,exported_snapshot,Export Mac + metadata campaign; no per-run environment here,256,0.5,42,unit_interval,all_raw,float32,swish,0.0003,20,,,,,,100,,,,Adam,100,5205.31101,8.70209012,5408.7901,apple-metal-ioreg,Apple M4,10,16,,,,2.18.1,1.2.0,"3.10.21 (main, Aug 14 2026, 15:25:49) [Clang 22.1.3 ]",1.83629084,1119,5,nominal,0.444777778,0.444777778,0.446267582,0.454586766,0.444777778,0.892146199,9000,100,30.5204647,35.7,,112.552904,133.06,208.3,88.9571046,95,100,70.7687221,73.9,79.4,0.76474,0.83961,1.38039,2.70323,3.04142,3.23849,"Resumo exportado; ciclo da execução, inclui eventos; amostras brutas indisponíveis",,,,,,92,8823.72957,88.2372957,702.552679,,,,,,shared_unified_driver,analysis_reports/activation_quantization_2026-09-30/data/runs.csv,100,Soma das épocas preservadas,713.983803,0.458394988,0.452055284,3618.41857,2.45103599
controlled-quantization-fast-mac-m4|ptq|cifar100_coarse|int8_ptq,controlled-quantization-fast-mac-m4,ptq,cifar100_coarse,int8_ptq,cifar100_coarse__unit_interval__all_raw__seed-42,completed,2026-09-16T02:07:54.333203+00:00,,outputs/controlled-quantization-fast-mac-m4/quantization/cifar100_coarse/int8_ptq/cifar100_coarse/runs/cifar100_coarse__unit_interval__all_raw__seed-42/status.json,exported_snapshot,Export Mac + metadata campaign; no per-run environment here,,,42,unit_interval,all_raw,,swish,,,,,,,,,,,,,,,,,,,,,,,,,,,,,,,0.415666667,0.415666667,0.415045065,0.426957809,0.415666667,0.878279077,9000,0,,,,,,,,,,,,,,,,,,,"Resumo exportado; ciclo da execução, inclui eventos; amostras brutas indisponíveis",,,,,,,,,,313080,256,611.876589,21.7342778,420.7206,,analysis_reports/activation_quantization_2026-09-30/data/runs.csv,0,,,,,,
controlled-quantization-fast-mac-m4|quantization|emnist_balanced|fp16,controlled-quantization-fast-mac-m4,quantization,emnist_balanced,fp16,emnist_balanced__unit_interval__all_raw__seed-42,completed,2026-09-14T23:13:28.785+00:00,,outputs/controlled-quantization-fast-mac-m4/quantization/emnist_balanced/fp16/emnist_balanced/runs/emnist_balanced__unit_interval__all_raw__seed-42/status.json,exported_snapshot,Export Mac + metadata campaign; no per-run environment here,256,0.5,42,unit_interval,all_raw,mixed_float16,swish,0.0003,47,,,,,,100,,,,Adam,100,9783.96237,37.2816244,10471.181,apple-metal-ioreg,Apple M4,10,16,,,,2.18.1,1.2.0,"3.10.21 (main, Aug 14 2026, 15:25:49) [Clang 22.1.3 ]",0.363994867,2082,5,nominal,0.871732523,0.871732523,0.870121728,0.873297375,0.871732523,0.997250908,19740,100,18.6057637,23.095,,95.6525937,100.2,224.9,81.4827089,88,100,72.2876081,73.5,74.6,1.05603,1.49696,1.78638,2.67058,2.94189,3.78896,"Resumo exportado; ciclo da execução, inclui eventos; amostras brutas indisponíveis",,,,,,80,29241.5899,292.415899,480.223975,,,,,,shared_unified_driver,analysis_reports/activation_quantization_2026-09-30/data/runs.csv,100,Soma das épocas preservadas,472.546125,0.868167817,0.859733753,19457.6275,8.12266386
controlled-quantization-fast-mac-m4|quantization|emnist_balanced|fp32,controlled-quantization-fast-mac-m4,quantization,emnist_balanced,fp32,emnist_balanced__unit_interval__all_raw__seed-42,completed,2026-09-11T21:43:20.524+00:00,,outputs/controlled-quantization-fast-mac-m4/quantization/emnist_balanced/fp32/emnist_balanced/runs/emnist_balanced__unit_interval__all_raw__seed-42/status.json,exported_snapshot,Export Mac + metadata campaign; no per-run environment here,256,0.5,42,unit_interval,all_raw,float32,swish,0.0003,47,,,,,,100,,,,Adam,100,18045.7532,18.4292132,18736.3746,apple-metal-ioreg,Apple M4,10,16,,,,2.18.1,1.2.0,"3.10.21 (main, Aug 14 2026, 15:25:49) [Clang 22.1.3 ]",0.364862353,3739,5,nominal,0.873100304,0.873100304,0.871440116,0.876704337,0.873100304,0.997245155,19740,100,28.8954266,34.9,,109.205509,138.31,225.6,89.4589462,95,100,73.4403049,77.7,80.1,0.7793,1.03155,1.44252,2.76016,4.0036,4.13263,"Resumo exportado; ciclo da execução, inclui eventos; amostras brutas indisponíveis",,,,,,90,18045.7532,180.457532,765.73514,,,,,,shared_unified_driver,analysis_reports/activation_quantization_2026-09-30/data/runs.csv,100,Soma das épocas preservadas,765.720326,0.872191438,0.870269248,0,5.01270922
controlled-quantization-fast-mac-m4|ptq|emnist_balanced|int8_ptq,controlled-quantization-fast-mac-m4,ptq,emnist_balanced,int8_ptq,emnist_balanced__unit_interval__all_raw__seed-42,completed,2026-09-15T21:44:02.724590+00:00,,outputs/controlled-quantization-fast-mac-m4/quantization/emnist_balanced/int8_ptq/emnist_balanced/runs/emnist_balanced__unit_interval__all_raw__seed-42/status.json,exported_snapshot,Export Mac + metadata campaign; no per-run environment here,,,42,unit_interval,all_raw,,swish,,,,,,,,,,,,,,,,,,,,,,,,,,,,,,,0.869148936,0.869148936,0.867163657,0.873043729,0.869148936,0.997164324,19740,0,,,,,,,,,,,,,,,,,,,"Resumo exportado; ciclo da execução, inclui eventos; amostras brutas indisponíveis",,,,,,,,,,320576,256,616.900585,47.957462,414.989562,,analysis_reports/activation_quantization_2026-09-30/data/runs.csv,0,,,,,,
controlled-quantization-fast-mac-m4|quantization|fashion_mnist|fp16,controlled-quantization-fast-mac-m4,quantization,fashion_mnist,fp16,fashion_mnist__unit_interval__all_raw__seed-42,completed,2026-09-11T09:57:31.423+00:00,,outputs/controlled-quantization-fast-mac-m4/quantization/fashion_mnist/fp16/fashion_mnist/runs/fashion_mnist__unit_interval__all_raw__seed-42/status.json,exported_snapshot,Export Mac + metadata campaign; no per-run environment here,256,0.5,42,unit_interval,all_raw,mixed_float16,swish,0.0003,10,,,,,,100,,,,Adam,100,14000.8735,20.14599,15078.6067,apple-metal-ioreg,Apple M4,10,16,,,,2.18.1,1.2.0,"3.10.21 (main, Aug 14 2026, 15:25:49) [Clang 22.1.3 ]",0.253685474,3035,5,nominal,0.909904762,0.909904762,0.909732231,0.909783812,0.909904762,0.994195021,10500,100,14.7174629,15.9,,84.2209885,88.7,155.8,82.2484349,87,95,70.8715651,72.9,74.8,1.02114,1.11764,1.15224,3.50271,4.01209,4.13098,"Resumo exportado; ciclo da execução, inclui eventos; amostras brutas indisponíveis",,,,,,85,14000.8735,140.008735,525.185262,,,,,,shared_unified_driver,analysis_reports/activation_quantization_2026-09-30/data/runs.csv,100,Soma das épocas preservadas,524.967246,0.916113317,0.915496467,0,3.88913152
controlled-quantization-fast-mac-m4|quantization|fashion_mnist|fp32,controlled-quantization-fast-mac-m4,quantization,fashion_mnist,fp32,fashion_mnist__unit_interval__all_raw__seed-42,completed,2026-09-11T05:46:06.211+00:00,,outputs/controlled-quantization-fast-mac-m4/quantization/fashion_mnist/fp32/fashion_mnist/runs/fashion_mnist__unit_interval__all_raw__seed-42/status.json,exported_snapshot,Export Mac + metadata campaign; no per-run environment here,256,0.5,42,unit_interval,all_raw,float32,swish,0.0003,10,,,,,,100,,,,Adam,100,8243.33239,9.574436,8615.23232,apple-metal-ioreg,Apple M4,10,16,,,,2.18.1,1.2.0,"3.10.21 (main, Aug 14 2026, 15:25:49) [Clang 22.1.3 ]",0.248552203,1780,5,nominal,0.909904762,0.909904762,0.909472784,0.909487271,0.909904762,0.994343658,10500,100,16.15,17.5,,92.0794944,97.7,173.5,91.6904494,95,100,70.5309551,72.7,74,1.0088,1.07527,1.15114,3.59655,4.01874,4.21472,"Resumo exportado; ciclo da execução, inclui eventos; amostras brutas indisponíveis",,,,,,92,8243.33239,82.4333239,891.828668,,,,,,shared_unified_driver,analysis_reports/activation_quantization_2026-09-30/data/runs.csv,100,Soma das épocas preservadas,891.629702,0.916037829,0.913541878,0,2.28981455
controlled-quantization-fast-mac-m4|ptq|fashion_mnist|int8_ptq,controlled-quantization-fast-mac-m4,ptq,fashion_mnist,int8_ptq,fashion_mnist__unit_interval__all_raw__seed-42,completed,2026-09-15T20:54:03.809423+00:00,,outputs/controlled-quantization-fast-mac-m4/quantization/fashion_mnist/int8_ptq/fashion_mnist/runs/fashion_mnist__unit_interval__all_raw__seed-42/status.json,exported_snapshot,Export Mac + metadata campaign; no per-run environment here,,,42,unit_interval,all_raw,,swish,,,,,,,,,,,,,,,,,,,,,,,,,,,,,,,0.720095238,0.720095238,0.718003632,0.733209485,0.720095238,0.964808657,10500,0,,,,,,,,,,,,,,,,,,,"Resumo exportado; ciclo da execução, inclui eventos; amostras brutas indisponíveis",,,,,,,,,,310072,256,615.46322,25.6347498,416.207788,,analysis_reports/activation_quantization_2026-09-30/data/runs.csv,0,,,,,,
controlled-quantization-fast-mac-m4|quantization|fer2013|fp16,controlled-quantization-fast-mac-m4,quantization,fer2013,fp16,fer2013__unit_interval__all_raw__seed-42,completed,2026-09-16T23:03:59.423+00:00,,outputs/controlled-quantization-fast-mac-m4/quantization/fer2013/fp16/fer2013/runs/fer2013__unit_interval__all_raw__seed-42/status.json,exported_snapshot,Export Mac + metadata campaign; no per-run environment here,256,0.5,42,unit_interval,all_raw,mixed_float16,swish,0.0003,7,,,,,,100,,,,Adam,100,7348.87238,11.3854844,7921.25643,apple-metal-ioreg,Apple M4,10,16,,,,2.18.1,1.2.0,"3.10.21 (main, Aug 14 2026, 15:25:49) [Clang 22.1.3 ]",1.35372794,1649,5,nominal,0.48197696,0.4268615,0.441402715,0.498219104,0.4268615,0.805115524,5382,100,17.8320194,24.5,,84.3783505,88.46,153.5,82.2747119,88,100,67.9211037,73.4,79.6,0.8395,1.50207,1.97119,3.06517,3.75565,3.78911,"Resumo exportado; ciclo da execução, inclui eventos; amostras brutas indisponíveis",,,,,,51,7348.87238,73.4887238,512.961947,,,,,,shared_unified_driver,analysis_reports/activation_quantization_2026-09-30/data/runs.csv,100,Soma das épocas preservadas,512.745331,0.452485362,0.376864587,0,2.04135344
controlled-quantization-fast-mac-m4|quantization|fer2013|fp32,controlled-quantization-fast-mac-m4,quantization,fer2013,fp32,fer2013__unit_interval__all_raw__seed-42,completed,2026-09-16T20:51:49.401+00:00,,outputs/controlled-quantization-fast-mac-m4/quantization/fer2013/fp32/fer2013/runs/fer2013__unit_interval__all_raw__seed-42/status.json,exported_snapshot,Export Mac + metadata campaign; no per-run environment here,256,0.5,42,unit_interval,all_raw,float32,swish,0.0003,7,,,,,,100,,,,Adam,100,4268.55561,5.58392129,4476.72453,apple-metal-ioreg,Apple M4,10,16,,,,2.18.1,1.2.0,"3.10.21 (main, Aug 14 2026, 15:25:49) [Clang 22.1.3 ]",1.3437438,980,5,nominal,0.487551096,0.427498011,0.436844729,0.474033822,0.427498011,0.808107284,5382,100,20.3995918,26.605,,91.8819388,98.105,160,91.0295918,95,100,63.8552041,70.505,74.2,1.01136,1.50982,1.7887,2.90533,3.50047,3.56155,"Resumo exportado; ciclo da execução, inclui eventos; amostras brutas indisponíveis",,,,,,42,4268.55561,42.6855561,883.577805,,,,,,shared_unified_driver,analysis_reports/activation_quantization_2026-09-30/data/runs.csv,100,Soma das épocas preservadas,882.757622,0.450337224,0.356434624,0,1.18570989
controlled-quantization-fast-mac-m4|ptq|fer2013|int8_ptq,controlled-quantization-fast-mac-m4,ptq,fer2013,int8_ptq,fer2013__unit_interval__all_raw__seed-42,completed,2026-09-17T00:53:52.047855+00:00,,outputs/controlled-quantization-fast-mac-m4/quantization/fer2013/int8_ptq/fer2013/runs/fer2013__unit_interval__all_raw__seed-42/status.json,exported_snapshot,Export Mac + metadata campaign; no per-run environment here,,,42,unit_interval,all_raw,,swish,,,,,,,,,,,,,,,,,,,,,,,,,,,,,,,0.428836864,0.37295883,0.378075092,0.423782642,0.37295883,0.768045352,5382,0,,,,,,,,,,,,,,,,,,,"Resumo exportado; ciclo da execução, inclui eventos; amostras brutas indisponíveis",,,,,,,,,,309216,256,540.189809,11.3722393,473.847453,,analysis_reports/activation_quantization_2026-09-30/data/runs.csv,0,,,,,,
controlled-quantization-fast-mac-m4|quantization|gtsrb|fp16,controlled-quantization-fast-mac-m4,quantization,gtsrb,fp16,gtsrb__unit_interval__all_raw__seed-42,completed,2026-09-16T19:37:06.293+00:00,,outputs/controlled-quantization-fast-mac-m4/quantization/gtsrb/fp16/gtsrb/runs/gtsrb__unit_interval__all_raw__seed-42/status.json,exported_snapshot,Export Mac + metadata campaign; no per-run environment here,256,0.5,42,unit_interval,all_raw,mixed_float16,swish,0.0003,43,,,,,,100,,,,Adam,100,0.349125084,9.62595862,11.784708,apple-metal-ioreg,Apple M4,10,16,,,,2.18.1,1.2.0,"3.10.21 (main, Aug 14 2026, 15:25:49) [Clang 22.1.3 ]",0.0632874817,10,5,nominal,0.981755986,0.981681439,0.980250068,0.979915336,0.981681439,0.999940788,3508,100,18.07,28.415,,65.87,103.12,106,43.9,76,76,62.54,69.5,69.5,1.47849,3.25682,3.25932,1.03405,1.89719,1.89864,"Resumo exportado; ciclo da execução, inclui eventos; amostras brutas indisponíveis",,,,,,89,10975.2884,109.752884,,,,,,,shared_unified_driver,analysis_reports/activation_quantization_2026-09-30/data/runs.csv,100,Soma das épocas preservadas,224.604576,0.991089359,0.979698199,10974.9393,3.04869123
controlled-quantization-fast-mac-m4|quantization|gtsrb|fp32,controlled-quantization-fast-mac-m4,quantization,gtsrb,fp32,gtsrb__unit_interval__all_raw__seed-42,completed,2026-09-16T16:00:17.704+00:00,,outputs/controlled-quantization-fast-mac-m4/quantization/gtsrb/fp32/gtsrb/runs/gtsrb__unit_interval__all_raw__seed-42/status.json,exported_snapshot,Export Mac + metadata campaign; no per-run environment here,256,0.5,42,unit_interval,all_raw,float32,swish,0.0003,43,,,,,,100,,,,Adam,100,7494.52482,9.20739958,7905.94328,apple-metal-ioreg,Apple M4,10,16,,,,2.18.1,1.2.0,"3.10.21 (main, Aug 14 2026, 15:25:49) [Clang 22.1.3 ]",0.0438552387,1636,5,nominal,0.984891676,0.976226392,0.976167329,0.977826794,0.976226392,0.999950627,3508,100,26.4106968,32.2,,65.5335575,81.7,177,93.594132,100,100,87.642176,88.6,89.2,4.69847,5.09853,5.67049,1.00521,1.1907,2.188,"Resumo exportado; ciclo da execução, inclui eventos; amostras brutas indisponíveis",,,,,,96,8760.91979,87.6091979,269.754403,,,,,,shared_unified_driver,analysis_reports/activation_quantization_2026-09-30/data/runs.csv,100,Soma das épocas preservadas,281.374566,0.986183032,0.985081108,1266.39497,2.43358883
controlled-quantization-fast-mac-m4|ptq|gtsrb|int8_ptq,controlled-quantization-fast-mac-m4,ptq,gtsrb,int8_ptq,gtsrb__unit_interval__all_raw__seed-42,completed,2026-09-17T00:45:31.285857+00:00,,outputs/controlled-quantization-fast-mac-m4/quantization/gtsrb/int8_ptq/gtsrb/runs/gtsrb__unit_interval__all_raw__seed-42/status.json,exported_snapshot,Export Mac + metadata campaign; no per-run environment here,,,42,unit_interval,all_raw,,swish,,,,,,,,,,,,,,,,,,,,,,,,,,,,,,,0.821550741,0.803343416,0.79190086,0.828457242,0.803343416,0.993729464,3508,0,,,,,,,,,,,,,,,,,,,"Resumo exportado; ciclo da execução, inclui eventos; amostras brutas indisponíveis",,,,,,,,,,319608,256,2114.3019,27.7136308,120.924347,,analysis_reports/activation_quantization_2026-09-30/data/runs.csv,0,,,,,,
controlled-quantization-fast-mac-m4|quantization|kmnist|fp16,controlled-quantization-fast-mac-m4,quantization,kmnist,fp16,kmnist__unit_interval__all_raw__seed-42,completed,2026-09-11T16:30:55.775+00:00,,outputs/controlled-quantization-fast-mac-m4/quantization/kmnist/fp16/kmnist/runs/kmnist__unit_interval__all_raw__seed-42/status.json,exported_snapshot,Export Mac + metadata campaign; no per-run environment here,256,0.5,42,unit_interval,all_raw,mixed_float16,swish,0.0003,10,,,,,,100,,,,Adam,100,13910.2585,21.0104338,14997.2305,apple-metal-ioreg,Apple M4,10,16,,,,2.18.1,1.2.0,"3.10.21 (main, Aug 14 2026, 15:25:49) [Clang 22.1.3 ]",0.0606224015,3020,5,nominal,0.984571429,0.984571429,0.984569637,0.984599141,0.984571429,0.999708944,10500,100,16.6271192,19.5,,84.0562914,87.9,155,82.1311258,87,100,71.2640728,74.2,76.9,1.01012,1.10716,1.16298,3.3315,3.87676,4.71738,"Resumo exportado; ciclo da execução, inclui eventos; amostras brutas indisponíveis",,,,,,97,13910.2585,139.102585,528.45072,,,,,,shared_unified_driver,analysis_reports/activation_quantization_2026-09-30/data/runs.csv,100,Soma das épocas preservadas,528.387018,0.98419683,0.98352514,1.8189894e-12,3.86396069
controlled-quantization-fast-mac-m4|quantization|kmnist|fp32,controlled-quantization-fast-mac-m4,quantization,kmnist,fp32,kmnist__unit_interval__all_raw__seed-42,completed,2026-09-11T12:20:51.791+00:00,,outputs/controlled-quantization-fast-mac-m4/quantization/kmnist/fp32/kmnist/runs/kmnist__unit_interval__all_raw__seed-42/status.json,exported_snapshot,Export Mac + metadata campaign; no per-run environment here,256,0.5,42,unit_interval,all_raw,float32,swish,0.0003,10,,,,,,100,,,,Adam,100,8221.16591,9.59789671,8593.77958,apple-metal-ioreg,Apple M4,10,16,,,,2.18.1,1.2.0,"3.10.21 (main, Aug 14 2026, 15:25:49) [Clang 22.1.3 ]",0.0690351129,1775,5,nominal,0.981904762,0.981904762,0.981915107,0.981967,0.981904762,0.999622343,10500,100,16.4455775,18.2,,92.6605634,98.1,175.6,91.863662,95,100,69.8268732,72.3,74.1,0.99229,1.06413,1.13365,3.67913,4.2,4.2657,"Resumo exportado; ciclo da execução, inclui eventos; amostras brutas indisponíveis",,,,,,84,8221.16591,82.2116591,894.226912,,,,,,shared_unified_driver,analysis_reports/activation_quantization_2026-09-30/data/runs.csv,100,Soma das épocas preservadas,894.033776,0.982957429,0.980564925,0,2.2836572
controlled-quantization-fast-mac-m4|ptq|kmnist|int8_ptq,controlled-quantization-fast-mac-m4,ptq,kmnist,int8_ptq,kmnist__unit_interval__all_raw__seed-42,completed,2026-09-15T21:11:37.217846+00:00,,outputs/controlled-quantization-fast-mac-m4/quantization/kmnist/int8_ptq/kmnist/runs/kmnist__unit_interval__all_raw__seed-42/status.json,exported_snapshot,Export Mac + metadata campaign; no per-run environment here,,,42,unit_interval,all_raw,,swish,,,,,,,,,,,,,,,,,,,,,,,,,,,,,,,0.965428571,0.965428571,0.965458174,0.965834163,0.965428571,0.998926223,10500,0,,,,,,,,,,,,,,,,,,,"Resumo exportado; ciclo da execução, inclui eventos; amostras brutas indisponíveis",,,,,,,,,,310072,256,617.671891,25.6249821,414.946134,,analysis_reports/activation_quantization_2026-09-30/data/runs.csv,0,,,,,,
controlled-quantization-fast-mac-m4|quantization|mnist|fp16,controlled-quantization-fast-mac-m4,quantization,mnist,fp16,mnist__unit_interval__all_raw__seed-42,completed,2026-09-11T03:22:24.730+00:00,,outputs/controlled-quantization-fast-mac-m4/quantization/mnist/fp16/mnist/runs/mnist__unit_interval__all_raw__seed-42/status.json,exported_snapshot,Export Mac + metadata campaign; no per-run environment here,256,0.5,42,unit_interval,all_raw,mixed_float16,swish,0.0003,10,,,,,,100,,,,Adam,100,5660.7746,20.8001294,6128.68604,apple-metal-ioreg,Apple M4,10,16,,,,2.18.1,1.2.0,"3.10.21 (main, Aug 14 2026, 15:25:49) [Clang 22.1.3 ]",0.041718848,1241,5,nominal,0.988378739,0.988266152,0.988228843,0.988207278,0.988266152,0.999759256,10498,100,15.0211926,16.5,,83.5775181,87.2,189,82.2796132,88,100,70.2659146,72.4,74.8,1.04623,1.1418,1.57433,3.05755,3.30042,3.88705,"Resumo exportado; ciclo da execução, inclui eventos; amostras brutas indisponíveis",,,,,,94,13793.3554,137.933554,532.458174,,,,,,shared_unified_driver,analysis_reports/activation_quantization_2026-09-30/data/runs.csv,100,Soma das épocas preservadas,532.850768,0.989585192,0.989118148,8132.58077,3.8314876
controlled-quantization-fast-mac-m4|quantization|mnist|fp32,controlled-quantization-fast-mac-m4,quantization,mnist,fp32,mnist__unit_interval__all_raw__seed-42,completed,2026-09-10T03:15:59.682+00:00,,outputs/controlled-quantization-fast-mac-m4/quantization/mnist/fp32/mnist/runs/mnist__unit_interval__all_raw__seed-42/status.json,exported_snapshot,Export Mac + metadata campaign; no per-run environment here,256,0.5,42,unit_interval,all_raw,float32,swish,0.0003,10,,,,,,100,,,,Adam,100,8259.1236,9.90751417,8634.96217,apple-metal-ioreg,Apple M4,10,16,,,,2.18.1,1.2.0,"3.10.21 (main, Aug 14 2026, 15:25:49) [Clang 22.1.3 ]",0.0398959294,1779,5,nominal,0.989521814,0.989401671,0.98942096,0.989475033,0.989401671,0.999786086,10498,100,16.8596402,19.1,,92.2226532,97.6,172.7,91.8010118,95,100,67.2895447,68.6,69.9,0.74562,0.82152,1.65137,4.09114,4.37489,4.93565,"Resumo exportado; ciclo da execução, inclui eventos; amostras brutas indisponíveis",,,,,,99,8259.1236,82.591236,890.169773,,,,,,shared_unified_driver,analysis_reports/activation_quantization_2026-09-30/data/runs.csv,100,Soma das épocas preservadas,889.900716,0.991108568,0.988105589,0,2.294201
controlled-quantization-fast-mac-m4|ptq|mnist|int8_ptq,controlled-quantization-fast-mac-m4,ptq,mnist,int8_ptq,mnist__unit_interval__all_raw__seed-42,completed,2026-09-15T20:36:31.567893+00:00,,outputs/controlled-quantization-fast-mac-m4/quantization/mnist/int8_ptq/mnist/runs/mnist__unit_interval__all_raw__seed-42/status.json,exported_snapshot,Export Mac + metadata campaign; no per-run environment here,,,42,unit_interval,all_raw,,swish,,,,,,,,,,,,,,,,,,,,,,,,,,,,,,,0.983425414,0.983282081,0.983248519,0.98337109,0.983282081,0.999678533,10498,0,,,,,,,,,,,,,,,,,,,"Resumo exportado; ciclo da execução, inclui eventos; amostras brutas indisponíveis",,,,,,,,,,310072,256,612.568915,25.5294834,417.833625,,analysis_reports/activation_quantization_2026-09-30/data/runs.csv,0,,,,,,
controlled-quantization-fast-mac-m4|quantization|svhn|fp16,controlled-quantization-fast-mac-m4,quantization,svhn,fp16,svhn__unit_interval__all_raw__seed-42,completed,2026-09-16T13:28:36.630+00:00,,outputs/controlled-quantization-fast-mac-m4/quantization/svhn/fp16/svhn/runs/svhn__unit_interval__all_raw__seed-42/status.json,exported_snapshot,Export Mac + metadata campaign; no per-run environment here,256,0.5,42,unit_interval,all_raw,mixed_float16,swish,0.0003,10,,,,,,100,,,,Adam,100,22852.8508,27.4594675,24006.3137,apple-metal-ioreg,Apple M4,10,16,,,,2.18.1,1.2.0,"3.10.21 (main, Aug 14 2026, 15:25:49) [Clang 22.1.3 ]",0.291828096,4793,5,nominal,0.912374941,0.904705997,0.906420109,0.908540364,0.904705997,0.993686953,14893,100,28.8384102,32.4,,95.4473399,98.7,197.4,87.2914667,95,100,78.9085333,83.4,86.3,1.68821,1.78632,3.85585,1.8677,2.91012,3.16779,"Resumo exportado; ciclo da execução, inclui eventos; amostras brutas indisponíveis",,,,,,98,23106.2157,231.062157,451.674883,,,,,,shared_unified_driver,analysis_reports/activation_quantization_2026-09-30/data/runs.csv,100,Soma das épocas preservadas,451.190282,0.905139084,0.903704429,253.364955,6.41839326
controlled-quantization-fast-mac-m4|quantization|svhn|fp32,controlled-quantization-fast-mac-m4,quantization,svhn,fp32,svhn__unit_interval__all_raw__seed-42,completed,2026-09-16T06:43:04.569+00:00,,outputs/controlled-quantization-fast-mac-m4/quantization/svhn/fp32/svhn/runs/svhn__unit_interval__all_raw__seed-42/status.json,exported_snapshot,Export Mac + metadata campaign; no per-run environment here,256,0.5,42,unit_interval,all_raw,float32,swish,0.0003,10,,,,,,100,,,,Adam,100,15886.3856,14.4839056,16505.0208,apple-metal-ioreg,Apple M4,10,16,,,,2.18.1,1.2.0,"3.10.21 (main, Aug 14 2026, 15:25:49) [Clang 22.1.3 ]",0.283504963,3334,5,nominal,0.914456456,0.908082946,0.909514574,0.911296258,0.908082946,0.993689175,14893,100,28.9694661,35.135,,100.842981,113.835,209.3,96.1121776,99,100,79.3882723,83.5,84.4,1.52894,1.71234,1.90329,1.77188,2.48008,3.8643,"Resumo exportado; ciclo da execução, inclui eventos; amostras brutas indisponíveis",,,,,,98,16328.0493,163.280493,636.612578,,,,,,shared_unified_driver,analysis_reports/activation_quantization_2026-09-30/data/runs.csv,100,Soma das épocas preservadas,638.490231,0.903771531,0.899123899,441.663725,4.53556926
controlled-quantization-fast-mac-m4|ptq|svhn|int8_ptq,controlled-quantization-fast-mac-m4,ptq,svhn,int8_ptq,svhn__unit_interval__all_raw__seed-42,completed,2026-09-16T13:48:25.586800+00:00,,outputs/controlled-quantization-fast-mac-m4/quantization/svhn/int8_ptq/svhn/runs/svhn__unit_interval__all_raw__seed-42/status.json,exported_snapshot,Export Mac + metadata campaign; no per-run environment here,,,42,unit_interval,all_raw,,swish,,,,,,,,,,,,,,,,,,,,,,,,,,,,,,,0.909756261,0.902884278,0.90473089,0.90714251,0.902884278,0.993117842,14893,0,,,,,,,,,,,,,,,,,,,"Resumo exportado; ciclo da execução, inclui eventos; amostras brutas indisponíveis",,,,,,,,,,310240,256,637.880112,37.5505361,400.711941,,analysis_reports/activation_quantization_2026-09-30/data/runs.csv,0,,,,,,
